0.000000000000000000e+00 0.000000000000000000e+00 0.000000000000000000e+00
2.999999999999999839e-15 7.000516896018285574e-135 0.000000000000000000e+00
5.999999999999999677e-15 3.383184305479611102e-133 7.220965269030094911e-136
8.999999999999999516e-15 4.418521153796722829e-132 3.574101529731493475e-134
1.199999999999999935e-14 -3.303063146557420586e-130 4.968174292977095562e-133
1.499999999999999919e-14 -2.159385505785779625e-128 -3.352554048166097159e-131
1.799999999999999903e-14 -4.768801355582394020e-127 -2.267051967845813267e-129
2.099999999999999887e-14 9.210042838431108247e-126 -5.180573456712631590e-128
2.399999999999999871e-14 1.018128805649914485e-123 8.917100146127790038e-127
2.699999999999999855e-14 3.041582014898496470e-122 1.061121836526837788e-124
2.999999999999999839e-14 4.742942449619401833e-136 3.260477409794297297e-123
3.299999999999999823e-14 -3.506514417768282495e-119 3.705145955120505169e-123
3.599999999999999806e-14 -1.353177973302363569e-117 -3.615827587550445991e-120
3.899999999999999790e-14 -1.411204466936344776e-116 -1.438078888913615631e-118
4.199999999999999774e-14 8.423908131929171193e-115 -1.620116032726218535e-117
4.499999999999999758e-14 4.397548815243919623e-113 8.514072024635899466e-116
4.799999999999999742e-14 7.754851056147489207e-112 4.637119918833180354e-114
5.099999999999999726e-14 -1.195940629783514227e-110 8.532506300094824656e-113
5.399999999999999710e-14 -1.055685209053461707e-108 -1.138477369803942072e-111
5.699999999999999694e-14 -2.518343602431556743e-107 -1.103075668130029175e-109
5.999999999999999677e-14 -6.271581142682266506e-121 -2.725420704702426734e-108
6.299999999999999661e-14 1.851222267005719453e-104 -3.075766416859608699e-108
6.599999999999999645e-14 5.704552717424609737e-103 1.908616571002967369e-105
6.899999999999999629e-14 4.750511372853552632e-102 6.107523835374560803e-104
7.199999999999999613e-14 -2.264372037469801486e-100 5.594935388485283831e-103
7.499999999999999597e-14 -9.439056199872421962e-99 -2.276333505164865001e-101
7.799999999999999581e-14 -1.329153396226494566e-97 -1.000782136862890113e-99
8.099999999999999564e-14 1.636797701140960539e-96 -1.485704869514069621e-98
8.399999999999999548e-14 1.153728349629099536e-94 1.524619106677830465e-97
8.699999999999999532e-14 2.197697195555276453e-93 1.209343340400116347e-95
8.999999999999999516e-14 6.555486318387266298e-107 2.406713294187343388e-94
9.299999999999999500e-14 -1.030098886439716659e-90 2.692844625090719816e-94
9.599999999999999484e-14 -2.534694904308346742e-89 -1.061768322302552653e-91
9.899999999999999468e-14 -1.685497829222519507e-88 -2.738850962463632745e-90
1.019999999999999945e-13 6.415335303843349472e-87 -2.048128825310944955e-89
1.049999999999999944e-13 2.135422873787270113e-85 6.405086267930129688e-88
1.079999999999999942e-13 2.401121659834119734e-84 2.279537557341601307e-86
1.109999999999999940e-13 -2.361118630727529871e-83 2.736777686549506401e-85
1.139999999999999939e-13 -1.328954486232783672e-81 -2.138191502070475281e-84
1.170000000000000063e-13 -2.021427356370498553e-80 -1.398493377991610901e-82
1.199999999999999935e-13 -6.419743530867753984e-94 -2.246389315901295454e-81
1.229999999999999808e-13 6.041387402421551716e-78 -2.486810551993446013e-81
1.259999999999999932e-13 1.187045049783804700e-76 6.224769106656640362e-79
1.290000000000000057e-13 6.303089133361140198e-76 1.297409973365471877e-77
1.319999999999999929e-13 -1.915703765141288278e-74 7.956143228962871562e-77
1.349999999999999801e-13 -5.091861997425795237e-73 -1.895878618371476902e-75
1.379999999999999926e-13 -4.571835980518057244e-72 -5.481608155028665013e-74
1.410000000000000050e-13 3.589864244487965138e-71 -5.337618676437080431e-73
1.439999999999999923e-13 1.613444632211939821e-69 3.133351232127581547e-72
1.469999999999999795e-13 1.959683063784344863e-68 1.706140842848267224e-70
1.499999999999999919e-13 1.822637560234712845e-81 2.217667169344869270e-69
1.530000000000000044e-13 -3.734494888269656922e-66 2.422849850812899285e-69
1.559999999999999916e-13 -5.859305285584166257e-65 -3.845695466370567988e-67
1.589999999999999788e-13 -2.484369079891614082e-64 -6.495594718342997579e-66
1.619999999999999913e-13 6.029409226583619773e-63 -3.283639432702485200e-65
1.650000000000000037e-13 1.279695888454670340e-61 5.899752451256677798e-64
1.679999999999999910e-13 9.174967462173110192e-61 1.392179227434975911e-62
1.709999999999999782e-13 -5.752752085925821562e-60 1.103241075734910053e-61
1.739999999999999906e-13 -2.064597709544919826e-58 -4.782285922542763171e-61
1.770000000000000031e-13 -2.002400548550475612e-57 -2.196396160371018566e-59
1.799999999999999903e-13 -6.082319607954004931e-71 -2.317388781378688706e-58
1.829999999999999775e-13 2.433125266941058743e-55 -2.490937622664492363e-58
1.859999999999999900e-13 3.048333420222313396e-54 2.503535015452794830e-56
1.890000000000000025e-13 1.032086739041786744e-53 3.439335207251835901e-55
1.919999999999999897e-13 -2.000131664475356901e-52 1.441750195231676876e-54
1.949999999999999769e-13 -3.389802067833286226e-51 -1.928625489986389501e-53
1.979999999999999894e-13 -1.940688534197317798e-50 -3.736160731477238776e-52
2.010000000000000018e-13 9.716519070415962613e-50 -2.419329847714361157e-51
2.039999999999999890e-13 2.784544941264314189e-48 7.564575294006366957e-51
2.069999999999999762e-13 2.156519986611512951e-47 2.984530760969797826e-49
2.099999999999999887e-13 -2.327670038973409333e-61 2.565708923982923246e-48
2.130000000000000012e-13 -1.670838538302664995e-45 2.703235844542032048e-48
2.159999999999999884e-13 -1.671537884742804149e-44 -1.717216444767540235e-46
2.189999999999999756e-13 -4.519118153560535122e-44 -1.927509405327287346e-45
2.219999999999999881e-13 6.993262416987100170e-43 -6.744121608001649929e-45
2.250000000000000005e-13 9.464100025501598880e-42 6.615857724101022768e-44
2.279999999999999877e-13 4.326578252519404071e-41 1.060185237410062904e-42
2.309999999999999750e-13 -1.729749333470527759e-40 5.636321026867819449e-42
2.340000000000000127e-13 -3.958315780203252316e-39 -1.230347919723569834e-41
2.369999999999999999e-13 -2.447898663575542817e-38 -4.282426077250750905e-40
2.399999999999999871e-13 -6.321467896224541718e-52 -3.013244851438282721e-39
2.429999999999999743e-13 1.209321891427815950e-36 -3.097957306626102341e-39
2.459999999999999615e-13 9.660673321226218271e-36 1.240976005342153324e-37
2.489999999999999992e-13 2.085588436332186326e-35 1.144562872333384457e-36
2.519999999999999864e-13 -2.577142782814920349e-34 3.366112350026412321e-36
2.549999999999999737e-13 -2.784977679277736764e-33 -2.378045713912487703e-35
2.580000000000000114e-13 -1.016648213112791840e-32 -3.183820789877743418e-34
2.609999999999999986e-13 3.245585483117351235e-32 -1.397207594065834036e-33
2.639999999999999858e-13 5.930674100259990659e-31 2.029683821445305162e-33
2.669999999999999730e-13 2.928672428405704692e-30 6.492663241232131981e-32
2.699999999999999602e-13 4.329361483600070916e-43 3.759534969753061801e-31
2.729999999999999979e-13 -9.225433043859384700e-29 3.751638535793842139e-31
2.759999999999999852e-13 -5.884857956181592268e-28 -9.449020414214718290e-30
2.789999999999999724e-13 -1.014474044205060586e-27 -7.211396904542518818e-29
2.820000000000000101e-13 1.001001093545570371e-26 -1.795736313256845488e-28
2.849999999999999973e-13 8.637767927943673214e-26 8.939380427577864023e-28
2.879999999999999845e-13 2.517875523655357233e-25 1.013180620264367854e-26
2.909999999999999717e-13 -6.418600537670237210e-25 3.692776946280017700e-26
2.939999999999999589e-13 -9.365589039198929047e-24 -3.306668377017530965e-26
2.969999999999999967e-13 -3.693053317754435010e-23 -1.041178391754068544e-24
2.999999999999999839e-13 -2.230225400333727334e-36 -4.993333140890829176e-24
3.029999999999999711e-13 7.417695877305651026e-22 -4.806141601371673307e-24
3.060000000000000088e-13 3.778348286432915112e-21 7.583042458908459951e-23
3.089999999999999960e-13 5.201045885432660880e-21 4.830925209073291917e-22
3.119999999999999832e-13 -4.097963056715358865e-20 1.026069004851616070e-21
3.149999999999999704e-13 -2.823701341582989092e-19 -3.505338367342738877e-21
3.179999999999999577e-13 -6.572570090863632382e-19 -3.423615696625642087e-20
3.209999999999999954e-13 1.337904331722433617e-18 -1.043381544452807936e-19
3.239999999999999826e-13 1.558847211180741439e-17 4.990819308329842019e-20
3.269999999999999698e-13 4.908375419775088294e-17 1.769348985648917857e-18
3.300000000000000075e-13 1.072910063360352356e-31 7.081180635586859382e-18
3.329999999999999947e-13 -6.286207340533116074e-16 6.526386387833632652e-18
3.359999999999999819e-13 -2.556850927669995536e-15 -6.421200139813847284e-17
3.389999999999999691e-13 -2.810462833498987221e-15 -3.452194071719547810e-16
3.419999999999999564e-13 1.768230761408563646e-14 -6.298525172632771498e-16
3.449999999999999941e-13 9.729116513693424324e-14 1.429007681934470099e-15
3.479999999999999813e-13 1.808313031478102404e-13 1.232767882501036267e-14
3.509999999999999685e-13 -2.939322149064774746e-13 3.164597505355179894e-14
3.540000000000000062e-13 -2.734698291591902417e-12 -5.519922855269408866e-15
3.569999999999999934e-13 -6.875865663726095515e-12 -3.198002094477433053e-13
3.599999999999999806e-13 -1.082874457795666456e-25 -1.077483554550748679e-12
3.629999999999999679e-13 5.614948730597577180e-11 -9.430951521777289782e-13
3.659999999999999551e-13 1.823669955701486772e-10 5.754353457418035760e-12
3.689999999999999928e-13 1.600672277191786690e-10 2.646700615735802573e-11
3.719999999999999800e-13 -8.041688751718354796e-10 4.175277311044861530e-11
3.749999999999999672e-13 -3.533177567710881595e-09 -6.031082917264758975e-11
3.780000000000000049e-13 -5.243839777194993538e-09 -4.761740804951373885e-10
3.809999999999999921e-13 6.806231715369652816e-09 -1.037733164597211255e-09
3.839999999999999794e-13 5.056531348335529519e-08 -4.008050546919966802e-11
3.869999999999999666e-13 1.015206545991685035e-07 6.194282218159526654e-09
3.899999999999999538e-13 6.527148320095624888e-21 1.774961484530422861e-08
3.929999999999999915e-13 -5.286160005399610841e-07 1.462070793313543612e-08
3.959999999999999787e-13 -1.370959086384094192e-06 -5.497926428469371963e-08
3.989999999999999659e-13 -9.608695168586042035e-07 -2.201047782796086596e-07
4.020000000000000036e-13 3.854721393371731116e-06 -3.019901440567078624e-07
4.049999999999999908e-13 1.352368168990250997e-05 2.622030584754417447e-07
4.079999999999999781e-13 1.602738357707036906e-05 1.999736856309072544e-06
4.109999999999999653e-13 -1.661130258470073145e-05 3.730902549029904887e-06
4.139999999999999525e-13 -9.854473011713042036e-05 6.703789788737633450e-07
4.169999999999999902e-13 -1.579860901909825187e-04 -1.306782914442173633e-05
4.199999999999999774e-13 7.059971811540705252e-19 -3.222875199384178673e-05
4.229999999999999646e-13 5.245322916000519104e-04 -2.474857550313621588e-05
4.260000000000000023e-13 1.086275941463873051e-03 5.702965937637714025e-05
4.289999999999999896e-13 6.079443464097996274e-04 2.031430124871846834e-04
4.319999999999999768e-13 -1.947494070182666888e-03 2.437398464326172255e-04
4.349999999999999640e-13 -5.455842587737139149e-03 -1.167826671437403245e-04
4.379999999999999512e-13 -5.163132422451532921e-03 -9.400623255929741037e-04
4.409999999999999889e-13 4.273050877300035161e-03 -1.515681188301867214e-03
4.439999999999999761e-13 2.024191144580439125e-02 -4.015213217759788615e-04
4.469999999999999633e-13 2.591317983997923347e-02 3.116342235207730273e-03
4.500000000000000010e-13 9.229234284303960518e-17 6.711216168084606880e-03
4.529999999999999883e-13 -5.485820215172215047e-02 4.763142847768868718e-03
4.559999999999999755e-13 -9.071795328941349712e-02 -6.723818823166093778e-03
4.589999999999999627e-13 -4.054157793914672098e-02 -2.192083473400138760e-02
4.619999999999999499e-13 1.037042869104532472e-01 -2.315354200820974109e-02
4.649999999999999371e-13 2.319883300526055514e-01 5.300555026495320024e-03
4.680000000000000253e-13 1.753078294226227685e-01 5.300063214058333555e-02
4.710000000000000125e-13 -1.158536855258351095e-01 7.477876731928252696e-02
4.739999999999999998e-13 -4.382349924649499573e-01 2.306322547041508506e-02
4.769999999999999870e-13 -4.479813998689500809e-01 -9.214003910193738212e-02
4.799999999999999742e-13 -3.824585835178336258e-15 -1.766661229227592389e-01
4.829999999999999614e-13 6.047116382433236348e-01 -1.154001469464487617e-01
4.859999999999999486e-13 7.985162187593871641e-01 1.020847376163607628e-01
4.889999999999999358e-13 2.849540853583771849e-01 3.156797097120354612e-01
4.919999999999999231e-13 -5.820424911542271262e-01 2.974094955559922759e-01
4.950000000000000112e-13 -1.039699563242747038e+00 -2.441695336552089646e-02
4.979999999999999985e-13 -6.273743763565886589e-01 -4.296380537976798308e-01
5.009999999999999857e-13 3.310694139746362952e-01 -5.426358352469029533e-01
5.039999999999999729e-13 1.000000000000000000e+00 -1.754280053204113066e-01
5.069999999999999601e-13 8.162753309264917378e-01 4.343178236415302096e-01
5.099999999999999473e-13 9.275737849408377910e-15 7.650504259288952724e-01
5.129999999999999345e-13 -7.025746882874115418e-01 4.648534913627913046e-01
5.160000000000000227e-13 -7.408182206817214288e-01 -2.851955204699527235e-01
5.190000000000000100e-13 -2.110991784911635250e-01 -8.689851262811059129e-01
5.219999999999999972e-13 3.443103579317196017e-01 -7.554233639883014551e-01
5.249999999999999844e-13 4.911192985753150553e-01 1.139384392753276659e-02
5.279999999999999716e-13 2.366408175831610783e-01 8.103850782939634456e-01
5.309999999999999588e-13 -9.971619123032421372e-02 9.601172562398813115e-01
5.339999999999999460e-13 -2.405084632083426821e-01 3.109294891996619015e-01
5.369999999999999333e-13 -1.567656027138098207e-01 -6.101399310911405083e-01
5.399999999999999205e-13 -6.117690429487514284e-15 -1.036362669383317670e+00
5.430000000000000087e-13 8.603478690862974287e-02 -6.081673609834218341e-01
5.459999999999999959e-13 7.243975703425195589e-02 3.222082496540263907e-01
5.489999999999999831e-13 1.648297554806507637e-02 9.848977046779028299e-01
5.519999999999999703e-13 -2.146757063587680439e-02 8.342259363887466472e-01
5.549999999999999575e-13 -2.445139009494669627e-02 -5.390473993477391942e-04
5.579999999999999448e-13 -9.407840655854687179e-03 -8.274270845279719788e-01
5.609999999999999320e-13 3.165553947803741944e-03 -9.673179477795568193e-01
5.640000000000000202e-13 6.096746565515642237e-03 -3.124641526126309965e-01
5.670000000000000074e-13 3.173235447881007833e-03 5.912820767147195511e-01
5.699999999999999946e-13 4.138954558585825747e-17 1.000000000000000000e+00
5.729999999999999818e-13 -1.110434870031207439e-03 5.843091052453134315e-01
5.759999999999999690e-13 -7.465858083766880931e-04 -3.053987433062285151e-01
5.789999999999999562e-13 -1.356507193757602316e-04 -9.342864057162730829e-01
5.819999999999999435e-13 1.410759972696758570e-04 -7.900074872534944559e-01
5.849999999999999307e-13 1.283091194087952779e-04 2.594250427769149267e-06
5.879999999999999179e-13 3.942100250987007278e-05 7.806003175462334909e-01
5.910000000000000061e-13 -1.059183416311380429e-05 9.121627925814708160e-01
5.939999999999999933e-13 -1.628933432845808564e-05 2.946068820014419165e-01
5.969999999999999805e-13 -6.770039980091621177e-06 -5.570245376292145556e-01
5.999999999999999677e-13 -8.618304308749981865e-20 -9.419978751603460543e-01
6.029999999999999550e-13 1.510600104969079325e-06 -5.503803120366347335e-01
6.059999999999999422e-13 8.109982018779512198e-07 2.876211909331916616e-01
6.089999999999999294e-13 1.176646490516754675e-07 8.799116499042736184e-01
6.120000000000000176e-13 -9.771489577770219022e-08 7.440200245155147440e-01
6.150000000000000048e-13 -7.096576849243556794e-08 -1.276349638804989841e-09
6.179999999999999920e-13 -1.741016118438448124e-08 -7.351451488381338661e-01
6.209999999999999792e-13 3.735339163346881561e-09 -8.590451891801973439e-01
6.239999999999999664e-13 4.587181746647576785e-09 -2.774509919134398594e-01
6.269999999999999537e-13 1.522360774907045933e-09 5.245861694129709818e-01
6.299999999999999409e-13 1.828893180279977026e-23 8.871404548970184267e-01
6.329999999999999281e-13 -2.165924658696190297e-10 5.183287549749746592e-01
6.359999999999999153e-13 -9.285332670145354278e-11 -2.708714387180523597e-01
6.390000000000000035e-13 -1.075740011169737939e-11 -8.286696040776551087e-01
6.419999999999999907e-13 7.133552026918247986e-12 -7.006916807683671866e-01
6.449999999999999779e-13 4.136925610669245049e-12 4.762331882096929110e-14
6.479999999999999652e-13 8.104296748925538885e-13 6.923336292053879903e-01
6.509999999999999524e-13 -1.388437470949022189e-13 8.090182925730392549e-01
6.539999999999999396e-13 -1.361526108089669654e-13 2.612935041410994752e-01
6.569999999999999268e-13 -3.608123158070338476e-14 -4.940366491910752611e-01
6.600000000000000150e-13 -1.327571902855539596e-29 -8.354774167634270166e-01
6.630000000000000022e-13 3.273215481162552986e-15 -4.881436381828220261e-01
6.659999999999999894e-13 1.120501547021469167e-15 2.550971141454961288e-01
6.689999999999999766e-13 1.036587711629129032e-16 7.804116431808795218e-01
6.719999999999999639e-13 -5.488937789516398644e-17 6.598865739256949414e-01
6.749999999999999511e-13 -2.541814944187409545e-17 1.643870285630618775e-14
6.779999999999999383e-13 -3.976173198487136407e-18 -6.520152573933329920e-01
6.809999999999999255e-13 5.439513089138247826e-19 -7.619047349661910440e-01
6.839999999999999127e-13 4.259350853603993126e-19 -2.460769550560396313e-01
6.870000000000000009e-13 9.013273230784127425e-20 4.652661944989584519e-01
6.899999999999999881e-13 1.327095398555755653e-34 7.868229997183817659e-01
6.929999999999999754e-13 -5.213666688940721008e-21 4.597163657353631194e-01
6.959999999999999626e-13 -1.425164082740980670e-21 -2.402414147219214535e-01
6.989999999999999498e-13 -1.052791102385028849e-22 -7.349640071439582645e-01
7.019999999999999370e-13 4.451518677517506238e-23 -6.214577715116398338e-01
7.049999999999999242e-13 1.646067201839904923e-23 -1.526311612657798619e-14
7.080000000000000124e-13 2.056139934486457191e-24 6.140448447688464650e-01
7.109999999999999996e-13 -2.246110624595993670e-25 7.175348573610660363e-01
7.139999999999999869e-13 -1.404424099063341928e-25 2.317465488041838273e-01
7.169999999999999741e-13 -2.373127848374822055e-26 -4.381712006548297844e-01
7.199999999999999613e-13 -5.023504054289439235e-41 -7.410019953431420392e-01
7.229999999999999485e-13 8.752847169615163850e-28 -4.329445687578112323e-01
7.259999999999999357e-13 1.910533655527847067e-28 2.262508438832096236e-01
7.289999999999999229e-13 1.126978864521238781e-29 6.921630353891404797e-01
7.319999999999999102e-13 -3.805095025156586183e-30 5.852668883299670943e-01
7.349999999999999983e-13 -1.123540185055198852e-30 1.560037844035375281e-14
7.379999999999999856e-13 -1.120669257020640992e-31 -5.782856568335446035e-01
7.409999999999999728e-13 9.775515617812080053e-33 -6.757488802730853283e-01
7.439999999999999600e-13 4.880794767531467204e-33 -2.182506804443326842e-01
7.469999999999999472e-13 6.585627323719943736e-34 4.126540964147451529e-01
7.499999999999999344e-13 5.196259987018274113e-48 6.978493985293315882e-01
7.529999999999999216e-13 -1.548791097016311957e-35 4.077318398640346064e-01
7.560000000000000098e-13 -2.699491299820929233e-36 -2.130750204627125666e-01
7.589999999999999971e-13 -1.271530413628765838e-37 -6.518545981875112361e-01
7.619999999999999843e-13 3.428153262376590985e-38 -5.511835981103766491e-01
7.649999999999999715e-13 8.082897556203729678e-39 -1.568821410843903224e-14
7.679999999999999587e-13 6.437832368415980956e-40 5.446089218863033876e-01
7.709999999999999459e-13 -4.484206680609594092e-41 6.363963290504607295e-01
7.739999999999999331e-13 -1.787805361770924820e-41 2.055407502731027014e-01
7.769999999999999204e-13 -1.926240816661754126e-42 -3.886229926416612801e-01
7.799999999999999076e-13 -1.329224352937718096e-56 -6.572098133180244162e-01
7.829999999999999958e-13 2.888509214098903867e-44 -3.839873859970006076e-01
7.859999999999999830e-13 4.020190078540163596e-45 2.006664972645201273e-01
7.889999999999999702e-13 1.512081324004545375e-46 6.138935416268090917e-01
7.919999999999999574e-13 -3.255310118622267857e-47 5.190851641937069827e-01
7.949999999999999446e-13 -6.128905915253712900e-48 1.516501904201835488e-14
7.979999999999999318e-13 -3.897977121003131744e-49 -5.128933673060748211e-01
8.009999999999999191e-13 2.168048456267134797e-50 -5.993354920029353439e-01
8.040000000000000073e-13 6.902196834184133384e-51 -1.935709888135054568e-01
8.069999999999999945e-13 5.938290338304566393e-52 3.659913514052889338e-01
8.099999999999999817e-13 1.493665835695779325e-66 6.189368933064407496e-01
8.129999999999999689e-13 -5.677956836286120582e-54 3.616257014757007782e-01
8.159999999999999561e-13 -6.310280410764025320e-55 -1.889805902023053152e-01
8.189999999999999433e-13 -1.895225809210759358e-56 -5.781431649005547291e-01
8.219999999999999306e-13 3.258081338357311010e-57 -4.888559975473903974e-01
8.249999999999999178e-13 4.898197026239717141e-58 -1.513828644738372068e-14
8.279999999999999050e-13 2.487575799107065488e-59 4.830247828394599874e-01
8.309999999999999932e-13 -1.104815512419976895e-60 5.644329100866312121e-01
8.339999999999999804e-13 -2.808612734459567367e-61 1.822982919953938241e-01
8.369999999999999676e-13 -1.929521799723379656e-62 -3.446776743520698627e-01
8.399999999999999548e-13 7.389859525166009611e-78 -5.828928146428237200e-01
8.429999999999999420e-13 1.176380540555104853e-64 -3.405662600823408104e-01
8.459999999999999293e-13 1.043970304001644638e-65 1.779752173883490107e-01
8.489999999999999165e-13 2.503710959093935134e-67 5.444747280374915288e-01
8.520000000000000047e-13 -3.436915796826505312e-68 4.603872405200807871e-01
8.549999999999999919e-13 -4.125978511277285488e-69 1.487477944312804963e-14
8.579999999999999791e-13 -1.673211250530336813e-70 -4.548956093204364337e-01
8.609999999999999663e-13 5.934005684802415377e-72 -5.315628963073359969e-01
8.639999999999999535e-13 1.204574865010975600e-72 -1.716820659342473410e-01
8.669999999999999408e-13 6.608081145165951846e-74 3.246052092230804487e-01
8.699999999999999280e-13 1.463624903115426124e-88 5.489477797117089386e-01
8.729999999999999152e-13 -2.568863291325279702e-76 3.207332250809776797e-01
8.759999999999999024e-13 -1.820392542530549386e-77 -1.676107475932937518e-01
8.789999999999999906e-13 -3.486140083310989895e-79 -5.127669882986390926e-01
8.819999999999999778e-13 3.821318860466893112e-80 -4.335763748365338288e-01
8.849999999999999650e-13 3.663153258154158333e-81 -1.448142840778987543e-14
8.879999999999999523e-13 1.186212905961457773e-82 4.284045513411836592e-01
8.909999999999999395e-13 -3.359259610923999707e-84 5.006070831115717601e-01
8.939999999999999267e-13 -5.445191384816853404e-85 1.616840807493477583e-01
8.969999999999999139e-13 -2.385275024407937669e-86 -3.057016734629917076e-01
9.000000000000000021e-13 -5.813926561176041763e-102 -5.169795497223073077e-01
9.029999999999999893e-13 5.912505658698294607e-89 -3.020551761233599142e-01
9.059999999999999765e-13 3.345641217282684927e-90 1.578498575309052465e-01
9.089999999999999637e-13 5.116145583160205417e-92 4.829057635724684494e-01
9.119999999999999510e-13 -4.478113318164519921e-93 4.083268524210783013e-01
9.150000000000000392e-13 -3.427840706688214611e-94 1.342358144867653440e-14
9.179999999999999254e-13 -8.863636338494842487e-96 -4.034562124791998827e-01
9.210000000000000136e-13 2.004364002544168746e-97 -4.714539961355407871e-01
9.239999999999998998e-13 2.594358068103934605e-98 -1.522683328949066550e-01
9.269999999999999880e-13 9.074839861013023336e-100 2.878989939247996732e-01
9.299999999999998743e-13 1.635211022676190513e-114 4.868730045168238596e-01
9.329999999999999625e-13 -1.434298557806258419e-102 2.844648520585231766e-01
9.360000000000000506e-13 -6.480837017440845357e-104 -1.486573974539342480e-01
9.389999999999999369e-13 -7.913677896528942508e-106 -4.547835211959715407e-01
9.420000000000000251e-13 5.531135479581029267e-107 -3.845477477202605687e-01
9.449999999999999113e-13 3.380832000772351015e-108 -1.199720657781431944e-14
9.479999999999999995e-13 6.980694457372301660e-110 3.799607517671412804e-01
9.509999999999998858e-13 -1.260512150012016891e-111 4.439986527770174440e-01
9.539999999999999739e-13 -1.302819048264970555e-112 1.434009155084228770e-01
9.569999999999998602e-13 -3.638956758429785741e-114 -2.711330617329628101e-01
9.599999999999999484e-13 -1.697740017090712942e-129 -4.585197280135477338e-01
9.630000000000000366e-13 3.667287598082325933e-117 -2.678989087200076558e-01
9.659999999999999228e-13 1.323184026439487619e-118 1.400002645770513643e-01
9.690000000000000110e-13 1.290182838482155930e-120 4.282989907209250324e-01
9.719999999999998972e-13 -7.200637186375609621e-122 3.621534302726443499e-01
9.749999999999999854e-13 -3.514503375873648458e-123 1.273235293026673179e-14
9.779999999999998717e-13 -5.794590437808169554e-125 -3.578335601683003131e-01
9.809999999999999599e-13 8.355162360101834391e-127 -4.181421841445818188e-01
9.839999999999998461e-13 6.895657759161915881e-128 -1.350498963093453020e-01
9.869999999999999343e-13 1.537985480686854339e-129 2.553435014222109611e-01
9.900000000000000225e-13 -6.211375219259628838e-145 4.318176177918542358e-01
9.929999999999999087e-13 -9.882977202271540608e-133 2.522976908184278999e-01
9.959999999999999969e-13 -2.847389077407760591e-134 -1.318472838710765260e-01
9.989999999999998832e-13 -2.216978940503071116e-136 -4.033567992308953465e-01
1.001999999999999971e-12 9.880182745716031088e-138 -3.410632563466529099e-01
1.004999999999999858e-12 3.850718353017328195e-139 -1.306269142110898520e-14
1.007999999999999946e-12 5.069723537892136628e-141 3.369949558926898514e-01
1.011000000000000034e-12 -5.837140768125061563e-143 3.937914790228213002e-01
1.013999999999999920e-12 -3.846845228195313437e-144 1.271852026083723497e-01
1.017000000000000008e-12 -6.851173911630142943e-146 -2.404734535206571600e-01
1.019999999999999895e-12 -3.397272539804200314e-161 -4.066705174132073664e-01
1.022999999999999983e-12 2.807165598668803311e-149 -2.376050171180003612e-01
1.025999999999999869e-12 6.458189672727527518e-151 1.241690957991941902e-01
1.028999999999999957e-12 4.015219485943587432e-153 3.798671278957200248e-01
1.032000000000000045e-12 -1.428882251072560730e-154 3.212012785360314759e-01
1.034999999999999932e-12 -4.446895876778518716e-156 1.284119277985059626e-14
1.038000000000000020e-12 -4.675017322117585974e-158 -3.173698974565237751e-01
1.040999999999999906e-12 4.298162747405744754e-160 -3.708588485713796845e-01
1.043999999999999994e-12 2.261888247174465782e-161 -1.197785130132927034e-01
1.046999999999999881e-12 3.216734107261181921e-163 2.264693697942752049e-01
1.049999999999999969e-12 -3.187849876760676954e-179 3.829878701541149510e-01
1.052999999999999855e-12 -8.403993120860604755e-167 2.237679781234116760e-01
1.055999999999999943e-12 -1.543875205680730663e-168 -1.169380505909059925e-01
1.059000000000000031e-12 -7.664687074791501174e-171 -3.577453885267014577e-01
1.061999999999999918e-12 2.178037343013431427e-172 -3.024959722671504703e-01
1.065000000000000006e-12 5.412645476731790077e-174 -1.192273720704641233e-14
1.067999999999999892e-12 4.543803978221124733e-176 2.988877134518245771e-01
1.070999999999999980e-12 -3.335822705470842967e-178 3.492617105504172148e-01
1.073999999999999867e-12 -1.401764283782847232e-179 1.128031554413783388e-01
1.076999999999999955e-12 -1.591852235700884932e-181 -2.132808204154248988e-01
1.079999999999999841e-12 -2.164595822540351034e-196 -3.606843929041154695e-01
1.082999999999999929e-12 2.651799956567017750e-185 -2.107367455484852603e-01
1.086000000000000017e-12 3.890012573496663295e-187 1.101281086729961473e-01
1.088999999999999904e-12 1.542115785471967529e-189 3.369119189677652337e-01
1.091999999999999992e-12 -3.499222975342230935e-191 2.848799782332869790e-01
1.094999999999999878e-12 -6.943838626193866587e-193 1.135944324867378366e-14
1.097999999999999966e-12 -4.654717906472293636e-195 -2.814818480530200673e-01
1.100999999999999852e-12 2.728729466907541321e-197 -3.289222919353507191e-01
1.103999999999999941e-12 9.156220696364413259e-199 -1.062340110710814217e-01
1.107000000000000029e-12 8.302860767699601018e-201 2.008603123609981611e-01
1.109999999999999915e-12 6.394495378910807633e-216 3.396797690544618997e-01
1.113000000000000003e-12 -8.819282329764292172e-205 1.984643928805318036e-01
1.115999999999999890e-12 -1.033064013518421920e-206 -1.037147468989392113e-01
1.118999999999999978e-12 -3.270219866326720855e-209 -3.172916962256510653e-01
1.121999999999999864e-12 5.925368011181701905e-211 -2.682898598283622871e-01
1.124999999999999952e-12 9.389167185561619190e-213 -1.089544178465836394e-14
1.128000000000000040e-12 5.025792578941677715e-215 2.650896213440843141e-01
1.130999999999999927e-12 -2.352639675676723275e-217 3.097673488499571581e-01
1.134000000000000015e-12 -6.303691194400711219e-219 1.000474238871407739e-01
1.136999999999999901e-12 -4.564468080940060513e-221 -1.891631183862417520e-01
1.139999999999999989e-12 -1.656531204389974498e-236 -3.198983592715802238e-01
1.142999999999999875e-12 3.091456558748671997e-225 -1.869067263942147950e-01
1.145999999999999964e-12 2.891617718345974580e-227 9.767487023908798249e-02
1.148999999999999850e-12 7.309275608836777817e-230 2.988140663061051860e-01
1.151999999999999938e-12 -1.057539154267629086e-231 2.526658747066408139e-01
1.155000000000000026e-12 -1.338110383971221139e-233 1.016793331638727475e-14
1.157999999999999912e-12 -5.719435556193216424e-236 -2.496520036031365519e-01
1.161000000000000001e-12 2.137901877206754066e-238 -2.917279028093089921e-01
1.163999999999999887e-12 4.574156538546060410e-240 -9.422111549337883196e-02
1.166999999999999975e-12 2.644782784777268126e-242 1.781471159583606911e-01
1.169999999999999861e-12 1.469121170394308383e-257 3.012689291137659042e-01
1.172999999999999950e-12 -1.142169256624874717e-246 1.760221260064066262e-01
1.175999999999999836e-12 -8.530842754568473341e-249 -9.198672861361617548e-02
1.178999999999999924e-12 -1.721904810130211919e-251 -2.814124897831813965e-01
1.182000000000000012e-12 1.989367407325417988e-253 -2.379517596457556838e-01
1.184999999999999898e-12 2.009991520496017363e-255 -1.009632815218736383e-14
1.187999999999999987e-12 6.860238222208075172e-258 2.351134027316803543e-01
1.190999999999999873e-12 -2.047658535890556635e-260 2.747389923227196440e-01
1.193999999999999961e-12 -3.498360270028303958e-262 8.873410488640980087e-02
1.196999999999999847e-12 -1.615203548328732868e-264 -1.677726355699039607e-01
1.199999999999999935e-12 -4.568384806531125685e-280 -2.837243925102514996e-01
1.203000000000000024e-12 4.447697069806808593e-269 -1.657713953989314315e-01
1.205999999999999910e-12 2.652652814609959243e-271 8.662983856874269251e-02
1.208999999999999998e-12 4.275445316947538306e-274 2.650243021854397085e-01
1.211999999999999884e-12 -3.944309239694589066e-276 2.240945279383365352e-01
1.214999999999999973e-12 -3.182247290308654062e-278 9.878648453019636464e-15
1.217999999999999859e-12 -8.672866042778764318e-281 -2.214214640630064179e-01
1.220999999999999947e-12 2.067115385056539809e-283 -2.587394389622127977e-01
1.224000000000000035e-12 2.820041224056386582e-285 -8.356663290136608080e-02
1.226999999999999921e-12 1.039685354588219841e-287 1.580023178856904131e-01
1.230000000000000010e-12 1.013797293897854100e-303 2.672015701788914566e-01
1.232999999999999896e-12 -1.825481136419563238e-292 1.561176208694854128e-01
1.235999999999999984e-12 -8.693733104181663839e-295 -8.158490951417013415e-02
1.238999999999999870e-12 -1.118899265669030916e-297 -2.495904883361615978e-01
1.241999999999999958e-12 8.242602019621937279e-300 -2.110442785826303624e-01
1.244999999999999845e-12 5.310201990240361022e-302 -9.892014750336953569e-15
1.247999999999999933e-12 1.155642475460074068e-304 2.085268818288384951e-01
1.251000000000000021e-12 -2.199425815783616858e-307 2.436716270540987550e-01
1.253999999999999907e-12 -2.395983359615057606e-309 7.870009105756156642e-02
1.256999999999999996e-12 -7.053651659150938142e-312 -1.488009792088473005e-01
1.259999999999999882e-12 -0.000000000000000000e+00 -2.516409621125028084e-01
1.262999999999999970e-12 7.896904673156960075e-317 -1.470260384024337785e-01
1.265999999999999856e-12 3.003128621681432994e-319 7.683377425612555878e-02
1.268999999999999944e-12 3.063207004215728574e-322 2.350554698349704152e-01
1.271999999999999831e-12 -4.940656458412465442e-324 1.987540165849955021e-01
1.274999999999999919e-12 -0.000000000000000000e+00 9.399371220641570423e-15
1.278000000000000007e-12 -0.000000000000000000e+00 -1.963832216053141566e-01
1.280999999999999893e-12 0.000000000000000000e+00 -2.294812962003188461e-01
1.283999999999999981e-12 0.000000000000000000e+00 -7.411695454786265680e-02
1.286999999999999868e-12 0.000000000000000000e+00 1.401354847814996751e-01
1.289999999999999956e-12 0.000000000000000000e+00 2.369865333145732278e-01
1.292999999999999842e-12 -0.000000000000000000e+00 1.384639084808082510e-01
1.295999999999999930e-12 -0.000000000000000000e+00 -7.235932357583745034e-02
1.299000000000000019e-12 -0.000000000000000000e+00 -2.213669049155574109e-01
1.301999999999999905e-12 0.000000000000000000e+00 -1.871794837271644474e-01
1.304999999999999993e-12 0.000000000000000000e+00 -8.901954013332858726e-15
1.307999999999999879e-12 0.000000000000000000e+00 1.849467530989006847e-01
1.310999999999999967e-12 -0.000000000000000000e+00 2.161173458824017513e-01
1.313999999999999854e-12 -0.000000000000000000e+00 6.980071913045252097e-02
1.316999999999999942e-12 -0.000000000000000000e+00 -1.319746294638515505e-01
1.320000000000000030e-12 -0.000000000000000000e+00 -2.231855120127464731e-01
1.322999999999999916e-12 0.000000000000000000e+00 -1.304003981886797392e-01
1.326000000000000004e-12 0.000000000000000000e+00 6.814544461787054586e-02
1.328999999999999891e-12 0.000000000000000000e+00 2.084754999587882518e-01
1.331999999999999979e-12 -0.000000000000000000e+00 1.762789991888527308e-01
1.334999999999999865e-12 -0.000000000000000000e+00 7.917621689464757829e-15
1.337999999999999953e-12 -0.000000000000000000e+00 -1.741762926701073411e-01
1.340999999999999840e-12 0.000000000000000000e+00 -2.035316514444055203e-01
1.343999999999999928e-12 0.000000000000000000e+00 -6.573584169573550018e-02
1.347000000000000016e-12 0.000000000000000000e+00 1.242890253619783197e-01
1.349999999999999902e-12 0.000000000000000000e+00 2.101881996234460925e-01
1.352999999999999990e-12 -0.000000000000000000e+00 1.228064701793625535e-01
1.355999999999999877e-12 -0.000000000000000000e+00 -6.417696286644010428e-02
1.358999999999999965e-12 -0.000000000000000000e+00 -1.963348319824317623e-01
1.361999999999999851e-12 0.000000000000000000e+00 -1.660133094517886876e-01
1.364999999999999939e-12 0.000000000000000000e+00 -7.660797833867746125e-15
1.367999999999999825e-12 0.000000000000000000e+00 1.640330550278977784e-01
1.370999999999999914e-12 -0.000000000000000000e+00 1.916788907921732066e-01
1.374000000000000002e-12 -0.000000000000000000e+00 6.190768429435256764e-02
1.376999999999999888e-12 -0.000000000000000000e+00 -1.170509959996649113e-01
1.379999999999999976e-12 -0.000000000000000000e+00 -1.979477917832883072e-01
1.382999999999999863e-12 0.000000000000000000e+00 -1.156547781095953048e-01
1.385999999999999951e-12 0.000000000000000000e+00 6.043958750076720843e-02
1.388999999999999837e-12 0.000000000000000000e+00 1.849011814682770816e-01
1.391999999999999925e-12 -0.000000000000000000e+00 1.563454469446410589e-01
1.395000000000000013e-12 -0.000000000000000000e+00 6.550440421007802074e-15
1.397999999999999900e-12 -0.000000000000000000e+00 -1.544805135607477953e-01
1.400999999999999988e-12 0.000000000000000000e+00 -1.805163811848367605e-01
1.403999999999999874e-12 0.000000000000000000e+00 -5.830246142475127569e-02
1.406999999999999962e-12 0.000000000000000000e+00 1.102344766531963144e-01
1.409999999999999848e-12 0.000000000000000000e+00 1.864202098028201471e-01
1.412999999999999937e-12 -0.000000000000000000e+00 1.089195681631724977e-01
1.416000000000000025e-12 -0.000000000000000000e+00 -5.691985993268424554e-02
1.418999999999999911e-12 -0.000000000000000000e+00 -1.741333749246481710e-01
1.421999999999999999e-12 0.000000000000000000e+00 -1.472405969198408993e-01
1.424999999999999886e-12 0.000000000000000000e+00 -6.799626392423490620e-15
1.427999999999999974e-12 0.000000000000000000e+00 1.454842688013923968e-01
1.430999999999999860e-12 -0.000000000000000000e+00 1.700039255308544994e-01
1.433999999999999948e-12 -0.000000000000000000e+00 5.490719039049558187e-02
1.436999999999999834e-12 -0.000000000000000000e+00 -1.038149204902003020e-01
1.439999999999999923e-12 -0.000000000000000000e+00 -1.755639419356308517e-01
1.443000000000000011e-12 0.000000000000000000e+00 -1.025765863093890534e-01
1.445999999999999897e-12 0.000000000000000000e+00 5.360510534118398396e-02
1.448999999999999985e-12 0.000000000000000000e+00 1.639926366173621586e-01
1.451999999999999871e-12 -0.000000000000000000e+00 1.386659720828811171e-01
1.454999999999999960e-12 -0.000000000000000000e+00 7.485126497697299287e-15
1.457999999999999846e-12 -0.000000000000000000e+00 -1.370119245515882267e-01
1.460999999999999934e-12 0.000000000000000000e+00 -1.601036676350567900e-01
1.463999999999999820e-12 0.000000000000000000e+00 -5.170964454852724351e-02
1.466999999999999908e-12 0.000000000000000000e+00 9.776921017453879537e-02
1.469999999999999997e-12 -0.000000000000000000e+00 1.653398938912212235e-01
1.472999999999999883e-12 -0.000000000000000000e+00 9.660299096232624616e-02
1.475999999999999971e-12 -0.000000000000000000e+00 -5.048338702937443800e-02
1.478999999999999857e-12 -0.000000000000000000e+00 -1.544424489352008711e-01
1.481999999999999946e-12 0.000000000000000000e+00 -1.305906945226405214e-01
1.484999999999999832e-12 0.000000000000000000e+00 -6.781486417492846541e-15
1.487999999999999920e-12 0.000000000000000000e+00 1.290329712208065638e-01
1.491000000000000008e-12 -0.000000000000000000e+00 1.507799558754562286e-01
1.493999999999999894e-12 -0.000000000000000000e+00 4.869830928005040166e-02
1.496999999999999983e-12 -0.000000000000000000e+00 -9.207557461892518225e-02
1.499999999999999869e-12 -0.000000000000000000e+00 -1.557112480533348609e-01
1.502999999999999957e-12 0.000000000000000000e+00 -9.097727072647784907e-02
1.505999999999999843e-12 0.000000000000000000e+00 4.754346343947259829e-02
1.508999999999999931e-12 0.000000000000000000e+00 1.454484208870687745e-01
1.512000000000000020e-12 -0.000000000000000000e+00 1.229856845175572172e-01
1.514999999999999906e-12 -0.000000000000000000e+00 5.631507480442285452e-15
1.517999999999999994e-12 -0.000000000000000000e+00 -1.215186759587532500e-01
1.520999999999999880e-12 0.000000000000000000e+00 -1.419992148189026526e-01
1.523999999999999969e-12 0.000000000000000000e+00 -4.586234052546765694e-02
1.526999999999999855e-12 0.000000000000000000e+00 8.671351058549439661e-02
1.529999999999999943e-12 0.000000000000000000e+00 1.466433308967705074e-01
1.532999999999999829e-12 -0.000000000000000000e+00 8.567916693248926741e-02
1.535999999999999917e-12 -0.000000000000000000e+00 -4.477474767105499298e-02
1.539000000000000006e-12 -0.000000000000000000e+00 -1.369781642572761304e-01
1.541999999999999892e-12 0.000000000000000000e+00 -1.158235558172170804e-01
1.544999999999999980e-12 0.000000000000000000e+00 -5.496889771746453745e-15
1.547999999999999866e-12 0.000000000000000000e+00 1.144419791860706859e-01
1.550999999999999954e-12 -0.000000000000000000e+00 1.337298243132536979e-01
1.553999999999999841e-12 -0.000000000000000000e+00 4.319152573404965584e-02
1.556999999999999929e-12 -0.000000000000000000e+00 -8.166370885200036067e-02
1.559999999999999815e-12 -0.000000000000000000e+00 -1.381034881252377056e-01
1.562999999999999903e-12 0.000000000000000000e+00 -8.068960068406355601e-02
1.565999999999999992e-12 0.000000000000000000e+00 4.216726935678245108e-02
1.568999999999999878e-12 0.000000000000000000e+00 1.290011769729798585e-01
1.571999999999999966e-12 -0.000000000000000000e+00 1.090785170222713513e-01
1.574999999999999852e-12 -0.000000000000000000e+00 6.469765269342569904e-15
1.577999999999999940e-12 -0.000000000000000000e+00 -1.077773971506273132e-01
1.580999999999999827e-12 0.000000000000000000e+00 -1.259420056206752014e-01
1.583999999999999915e-12 0.000000000000000000e+00 -4.067624708772043379e-02
1.587000000000000003e-12 0.000000000000000000e+00 7.690798467776310821e-02
1.589999999999999889e-12 0.000000000000000000e+00 1.300609670806222584e-01
1.592999999999999977e-12 -0.000000000000000000e+00 7.599060415332695162e-02
1.595999999999999864e-12 -0.000000000000000000e+00 -3.971163875831104639e-02
1.598999999999999952e-12 -0.000000000000000000e+00 -1.214887332637772516e-01
1.601999999999999838e-12 0.000000000000000000e+00 -1.027262787075409051e-01
1.604999999999999926e-12 0.000000000000000000e+00 -6.097418415503035966e-15
1.608000000000000015e-12 0.000000000000000000e+00 1.015009301584848256e-01
1.610999999999999901e-12 -0.000000000000000000e+00 1.186077141820197217e-01
1.613999999999999989e-12 -0.000000000000000000e+00 3.830744686652425707e-02
1.616999999999999875e-12 -0.000000000000000000e+00 -7.242921231895833867e-02
1.619999999999999963e-12 -0.000000000000000000e+00 -1.224868060001983033e-01
1.622999999999999850e-12 0.000000000000000000e+00 -7.156525587724266169e-02
1.625999999999999938e-12 0.000000000000000000e+00 3.739901295308736828e-02
1.628999999999999824e-12 0.000000000000000000e+00 1.144137802179023139e-01
1.631999999999999912e-12 -0.000000000000000000e+00 9.674396595385240105e-02
1.635000000000000000e-12 -0.000000000000000000e+00 5.433877227250532956e-15
1.637999999999999887e-12 -0.000000000000000000e+00 -9.558997614907288609e-02
1.640999999999999975e-12 0.000000000000000000e+00 -1.117005386261235717e-01
1.643999999999999861e-12 0.000000000000000000e+00 -3.607659483105552650e-02
1.646999999999999949e-12 0.000000000000000000e+00 6.821126335743835090e-02
1.649999999999999836e-12 0.000000000000000000e+00 1.153537297230011610e-01
1.652999999999999924e-12 -0.000000000000000000e+00 6.739761982206901592e-02
1.655999999999999810e-12 -0.000000000000000000e+00 -3.522106399027557372e-02
1.658999999999999898e-12 -0.000000000000000000e+00 -1.077508403625237476e-01
1.661999999999999986e-12 0.000000000000000000e+00 -9.111003597362057893e-02
1.664999999999999873e-12 0.000000000000000000e+00 -5.206650172856150857e-15
1.667999999999999961e-12 0.000000000000000000e+00 9.002324930336139119e-02
1.670999999999999847e-12 -0.000000000000000000e+00 1.051956056603410572e-01
1.673999999999999935e-12 -0.000000000000000000e+00 3.397565750437709503e-02
1.676999999999999821e-12 -0.000000000000000000e+00 -6.423894862101058034e-02
1.679999999999999910e-12 0.000000000000000000e+00 -1.086360514697862073e-01
1.682999999999999998e-12 0.000000000000000000e+00 -6.347268799641964110e-02
1.685999999999999884e-12 0.000000000000000000e+00 3.316994890114299821e-02
1.688999999999999972e-12 0.000000000000000000e+00 1.014759199173234788e-01
1.691999999999999859e-12 -0.000000000000000000e+00 8.580420053354131937e-02
1.694999999999999947e-12 -0.000000000000000000e+00 4.991357312495086981e-15
1.697999999999999833e-12 -0.000000000000000000e+00 -8.478070339191895455e-02
1.700999999999999921e-12 0.000000000000000000e+00 -9.906949049982405331e-02
1.704000000000000009e-12 0.000000000000000000e+00 -3.199706924282817028e-02
1.706999999999999896e-12 0.000000000000000000e+00 6.049796348600851303e-02
1.709999999999999984e-12 0.000000000000000000e+00 1.023095803428778622e-01
1.712999999999999870e-12 -0.000000000000000000e+00 5.977632640628698785e-02
1.715999999999999958e-12 -0.000000000000000000e+00 -3.123828145589805858e-02
1.718999999999999844e-12 -0.000000000000000000e+00 -9.556642239097062896e-02
1.721999999999999933e-12 0.000000000000000000e+00 -8.080735289503998553e-02
1.724999999999999819e-12 0.000000000000000000e+00 -4.962715246815122771e-15
1.727999999999999907e-12 0.000000000000000000e+00 7.984345958683475297e-02
1.730999999999999995e-12 -0.000000000000000000e+00 9.330013251299579258e-02
1.733999999999999882e-12 -0.000000000000000000e+00 3.013370499153508741e-02
1.736999999999999970e-12 -0.000000000000000000e+00 -5.697483636519733163e-02
1.739999999999999856e-12 -0.000000000000000000e+00 -9.635153421281016095e-02
1.742999999999999944e-12 0.000000000000000000e+00 -5.629522415739654506e-02
1.745999999999999830e-12 0.000000000000000000e+00 2.941910556528701259e-02
1.748999999999999919e-12 0.000000000000000000e+00 9.000106720934723803e-02
1.751999999999999805e-12 -0.000000000000000000e+00 7.610149900937480949e-02
1.754999999999999893e-12 -0.000000000000000000e+00 4.813776505279308564e-15
1.757999999999999981e-12 -0.000000000000000000e+00 -7.519373847754777518e-02
1.760999999999999867e-12 0.000000000000000000e+00 -8.786675577944966231e-02
1.763999999999999956e-12 0.000000000000000000e+00 -2.837885462651835305e-02
1.766999999999999842e-12 0.000000000000000000e+00 5.365688019550862720e-02
1.769999999999999930e-12 0.000000000000000000e+00 9.074045767805355434e-02
1.772999999999999816e-12 -0.000000000000000000e+00 5.301684552161115699e-02
1.775999999999999905e-12 -0.000000000000000000e+00 -2.770587023115815561e-02
1.778999999999999993e-12 -0.000000000000000000e+00 -8.475981308249529167e-02
1.781999999999999879e-12 0.000000000000000000e+00 -7.166969271962589372e-02
1.784999999999999967e-12 0.000000000000000000e+00 -4.538812674751652782e-15
1.787999999999999853e-12 0.000000000000000000e+00 7.081479604576372544e-02
1.790999999999999942e-12 -0.000000000000000000e+00 8.274979427419447420e-02
1.793999999999999828e-12 -0.000000000000000000e+00 2.672619879099822834e-02
1.796999999999999916e-12 -0.000000000000000000e+00 -5.053214675090920982e-02
1.800000000000000004e-12 -0.000000000000000000e+00 -8.545614480239355215e-02
1.802999999999999890e-12 0.000000000000000000e+00 -4.992938479476836250e-02
1.805999999999999979e-12 0.000000000000000000e+00 2.609240595579249630e-02
1.808999999999999865e-12 0.000000000000000000e+00 7.982378583432452046e-02
1.811999999999999953e-12 -0.000000000000000000e+00 6.749597473622510890e-02
1.814999999999999839e-12 -0.000000000000000000e+00 4.335454008423907918e-15
1.817999999999999927e-12 -0.000000000000000000e+00 -6.669086336890248101e-02
1.821000000000000016e-12 0.000000000000000000e+00 -7.793082140882952313e-02
1.823999999999999902e-12 0.000000000000000000e+00 -2.516978613888464986e-02
1.826999999999999788e-12 0.000000000000000000e+00 4.758938361588060939e-02
1.830000000000000078e-12 0.000000000000000000e+00 8.047956635173425521e-02
1.832999999999999965e-12 -0.000000000000000000e+00 4.702172378339392056e-02
1.835999999999999851e-12 -0.000000000000000000e+00 -2.457290252504728059e-02
1.838999999999999737e-12 -0.000000000000000000e+00 -7.517521043519140300e-02
1.842000000000000027e-12 0.000000000000000000e+00 -6.356531516627561551e-02
1.844999999999999913e-12 0.000000000000000000e+00 -4.720689791819425474e-15
1.847999999999999800e-12 0.000000000000000000e+00 6.280708983494490139e-02
1.851000000000000090e-12 -0.000000000000000000e+00 7.339248367592392241e-02
1.853999999999999976e-12 -0.000000000000000000e+00 2.370401190350255455e-02
1.856999999999999862e-12 -0.000000000000000000e+00 -4.481799366457127343e-02
1.859999999999999749e-12 -0.000000000000000000e+00 -7.579280126830363618e-02
1.863000000000000039e-12 0.000000000000000000e+00 -4.428339176719572196e-02
1.865999999999999925e-12 0.000000000000000000e+00 2.314188808531205538e-02
1.868999999999999811e-12 0.000000000000000000e+00 7.079734699259578046e-02
1.872000000000000101e-12 -0.000000000000000000e+00 5.986355938970354396e-02
1.874999999999999988e-12 -0.000000000000000000e+00 4.583685244316930280e-15
1.877999999999999874e-12 -0.000000000000000000e+00 -5.914948966419093096e-02
1.880999999999999760e-12 0.000000000000000000e+00 -6.911843815764613652e-02
1.884000000000000050e-12 0.000000000000000000e+00 -2.232359771437752993e-02
1.886999999999999936e-12 0.000000000000000000e+00 4.220799689969686325e-02
1.889999999999999823e-12 0.000000000000000000e+00 7.137897213548760611e-02
1.892999999999999709e-12 -0.000000000000000000e+00 4.170452779316145830e-02
1.895999999999999999e-12 -0.000000000000000000e+00 -2.179420943892296930e-02
1.898999999999999885e-12 -0.000000000000000000e+00 -6.667443046948415275e-02
1.901999999999999772e-12 0.000000000000000000e+00 -5.637737708733688013e-02
1.905000000000000062e-12 0.000000000000000000e+00 -4.041872835204274571e-15
1.907999999999999948e-12 0.000000000000000000e+00 5.570489154534317977e-02
1.910999999999999834e-12 -0.000000000000000000e+00 6.509329367360718044e-02
1.913999999999999720e-12 -0.000000000000000000e+00 2.102357258940286758e-02
1.917000000000000011e-12 -0.000000000000000000e+00 -3.974999451376864945e-02
1.919999999999999897e-12 -0.000000000000000000e+00 -6.722218440090059477e-02
1.922999999999999783e-12 0.000000000000000000e+00 -3.927584516547788507e-02
1.926000000000000073e-12 0.000000000000000000e+00 2.052501348708497125e-02
1.928999999999999959e-12 0.000000000000000000e+00 6.279161391308937801e-02
1.931999999999999846e-12 -0.000000000000000000e+00 5.309421423735917467e-02
1.934999999999999732e-12 -0.000000000000000000e+00 3.634916818668117311e-15
1.938000000000000022e-12 -0.000000000000000000e+00 -5.246089120456156468e-02
1.940999999999999908e-12 0.000000000000000000e+00 -6.130255535598738703e-02
1.943999999999999794e-12 0.000000000000000000e+00 -1.979925503393353478e-02
1.947000000000000085e-12 0.000000000000000000e+00 3.743513504323599944e-02
1.949999999999999971e-12 0.000000000000000000e+00 6.330746913882871751e-02
1.952999999999999857e-12 -0.000000000000000000e+00 3.698859800339344278e-02
1.955999999999999743e-12 -0.000000000000000000e+00 -1.932972975347515068e-02
1.959000000000000034e-12 -0.000000000000000000e+00 -5.913491498986297307e-02
1.961999999999999920e-12 0.000000000000000000e+00 -5.000224790726871121e-02
1.964999999999999806e-12 0.000000000000000000e+00 -3.296463075883207648e-15
1.967999999999999692e-12 0.000000000000000000e+00 4.940580673667802070e-02
1.970999999999999982e-12 -0.000000000000000000e+00 5.773257245235400431e-02
1.973999999999999869e-12 -0.000000000000000000e+00 1.864623618234790420e-02
1.976999999999999755e-12 -0.000000000000000000e+00 -3.525508249365657404e-02
1.980000000000000045e-12 0.000000000000000000e+00 -5.962072914592821821e-02
1.982999999999999931e-12 0.000000000000000000e+00 -3.483454974660105813e-02
1.985999999999999817e-12 0.000000000000000000e+00 1.820405392559111546e-02
1.988999999999999704e-12 0.000000000000000000e+00 5.569116563397250030e-02
1.991999999999999994e-12 -0.000000000000000000e+00 4.709034367855292197e-02
1.994999999999999880e-12 -0.000000000000000000e+00 3.163993522113373474e-15
1.997999999999999766e-12 -0.000000000000000000e+00 -4.652863653772106728e-02
2.001000000000000056e-12 0.000000000000000000e+00 -5.437048916821003719e-02
2.003999999999999943e-12 0.000000000000000000e+00 -1.756036392137071134e-02
2.006999999999999829e-12 0.000000000000000000e+00 3.320198632111256987e-02
2.009999999999999715e-12 0.000000000000000000e+00 5.614868817606784301e-02
2.013000000000000005e-12 -0.000000000000000000e+00 3.280594349472510524e-02
2.015999999999999892e-12 -0.000000000000000000e+00 -1.714393235457664297e-02
2.018999999999999778e-12 -0.000000000000000000e+00 -5.244796462804102860e-02
2.022000000000000068e-12 0.000000000000000000e+00 -4.434801555075429391e-02
2.024999999999999954e-12 0.000000000000000000e+00 -3.147285650466727882e-15
2.027999999999999840e-12 0.000000000000000000e+00 4.381901968725758489e-02
2.030999999999999727e-12 -0.000000000000000000e+00 5.120419837224655241e-02
2.034000000000000017e-12 -0.000000000000000000e+00 1.653772793797944965e-02
2.036999999999999903e-12 -0.000000000000000000e+00 -3.126845316177284673e-02
2.039999999999999789e-12 -0.000000000000000000e+00 -5.287884313150165855e-02
2.043000000000000079e-12 0.000000000000000000e+00 -3.089547407410101615e-02
2.045999999999999966e-12 0.000000000000000000e+00 1.614554745770750005e-02
2.048999999999999852e-12 0.000000000000000000e+00 4.939363294536994881e-02
2.051999999999999738e-12 -0.000000000000000000e+00 4.176538818054308100e-02
2.055000000000000028e-12 -0.000000000000000000e+00 3.159935896142045546e-15
2.057999999999999915e-12 -0.000000000000000000e+00 -4.126719863788892717e-02
2.060999999999999801e-12 0.000000000000000000e+00 -4.822229799759406021e-02
2.064000000000000091e-12 0.000000000000000000e+00 -1.557464563805451528e-02
2.066999999999999977e-12 0.000000000000000000e+00 2.944752020779780807e-02
2.069999999999999863e-12 0.000000000000000000e+00 4.979941903821327037e-02
2.072999999999999750e-12 -0.000000000000000000e+00 2.909626173126000567e-02
2.076000000000000040e-12 -0.000000000000000000e+00 -1.520530397097026067e-02
2.078999999999999926e-12 -0.000000000000000000e+00 -4.651717169282793690e-02
2.081999999999999812e-12 0.000000000000000000e+00 -3.933316131981421521e-02
2.084999999999999699e-12 0.000000000000000000e+00 -2.870412348893740915e-15
2.087999999999999989e-12 0.000000000000000000e+00 3.886398407754011047e-02
2.090999999999999875e-12 -0.000000000000000000e+00 4.541404998206482330e-02
2.093999999999999761e-12 -0.000000000000000000e+00 1.466764888506225280e-02
2.097000000000000051e-12 -0.000000000000000000e+00 -2.773263013370956889e-02
2.099999999999999938e-12 0.000000000000000000e+00 -4.689932664328952394e-02
2.102999999999999824e-12 0.000000000000000000e+00 -2.740182735838530073e-02
2.105999999999999710e-12 0.000000000000000000e+00 1.431981600222753323e-02
2.109000000000000000e-12 0.000000000000000000e+00 4.380822250295453996e-02
2.111999999999999886e-12 -0.000000000000000000e+00 3.704257632474897838e-02
2.114999999999999773e-12 -0.000000000000000000e+00 2.941301461451652394e-15
2.118000000000000063e-12 -0.000000000000000000e+00 -3.660072183801008766e-02
2.120999999999999949e-12 0.000000000000000000e+00 -4.276934159953119791e-02
2.123999999999999835e-12 0.000000000000000000e+00 -1.381347151101862403e-02
2.126999999999999722e-12 0.000000000000000000e+00 2.611760748293709064e-02
2.130000000000000012e-12 0.000000000000000000e+00 4.416812248163293902e-02
2.132999999999999898e-12 -0.000000000000000000e+00 2.580606916152631061e-02
2.135999999999999784e-12 -0.000000000000000000e+00 -1.348589483834960155e-02
2.139000000000000074e-12 -0.000000000000000000e+00 -4.125703023264992025e-02
2.141999999999999961e-12 0.000000000000000000e+00 -3.488538461523650602e-02
2.144999999999999847e-12 0.000000000000000000e+00 -3.126997520610086665e-15
2.147999999999999733e-12 0.000000000000000000e+00 3.446926173062039161e-02
2.151000000000000023e-12 -0.000000000000000000e+00 4.027864904318815414e-02
2.153999999999999909e-12 -0.000000000000000000e+00 1.300903755475389494e-02
2.156999999999999796e-12 -0.000000000000000000e+00 -2.459663642950492626e-02
2.159999999999999682e-12 -0.000000000000000000e+00 -4.159597126820730600e-02
2.162999999999999972e-12 0.000000000000000000e+00 -2.430324068754766836e-02
2.165999999999999858e-12 0.000000000000000000e+00 1.270053746240494032e-02
2.168999999999999745e-12 0.000000000000000000e+00 3.885440783412319465e-02
2.172000000000000035e-12 -0.000000000000000000e+00 3.285381797107529006e-02
2.174999999999999921e-12 -0.000000000000000000e+00 2.440781363694278558e-15
2.177999999999999807e-12 -0.000000000000000000e+00 -3.246192819673159730e-02
2.180999999999999693e-12 0.000000000000000000e+00 -3.793300312956176396e-02
2.183999999999999984e-12 0.000000000000000000e+00 -1.225145018513230932e-02
2.186999999999999870e-12 0.000000000000000000e+00 2.316423983477453388e-02
2.189999999999999756e-12 0.000000000000000000e+00 3.917361048038713739e-02
2.193000000000000046e-12 -0.000000000000000000e+00 2.288793013069371357e-02
2.195999999999999932e-12 -0.000000000000000000e+00 -1.196091573955143129e-02
2.198999999999999819e-12 -0.000000000000000000e+00 -3.659170327159523561e-02
2.201999999999999705e-12 0.000000000000000000e+00 -3.094056055799127708e-02
2.204999999999999995e-12 0.000000000000000000e+00 -2.104714459716032776e-15
2.207999999999999881e-12 0.000000000000000000e+00 3.057149266744020599e-02
2.210999999999999768e-12 -0.000000000000000000e+00 3.572395699976131656e-02
2.214000000000000058e-12 -0.000000000000000000e+00 1.153798126933169854e-02
2.216999999999999944e-12 -0.000000000000000000e+00 -2.181525952382988229e-02
2.219999999999999830e-12 -0.000000000000000000e+00 -3.689231700287248783e-02
2.222999999999999716e-12 0.000000000000000000e+00 -2.155504084424156308e-02
2.226000000000000007e-12 0.000000000000000000e+00 1.126436623269886327e-02
2.228999999999999893e-12 0.000000000000000000e+00 3.446076836462672738e-02
2.231999999999999779e-12 -0.000000000000000000e+00 2.913872258273175406e-02
2.235000000000000069e-12 -0.000000000000000000e+00 2.273344621406821736e-15
2.237999999999999955e-12 -0.000000000000000000e+00 -2.879114753292571008e-02
2.240999999999999842e-12 0.000000000000000000e+00 -3.364355570166387144e-02
2.243999999999999728e-12 0.000000000000000000e+00 -1.086606154861624943e-02
2.247000000000000018e-12 0.000000000000000000e+00 2.054483771047860979e-02
2.249999999999999904e-12 0.000000000000000000e+00 3.474387571505235806e-02
2.252999999999999791e-12 -0.000000000000000000e+00 2.029977298706683864e-02
2.256000000000000081e-12 -0.000000000000000000e+00 -1.060838061125948632e-02
2.258999999999999967e-12 -0.000000000000000000e+00 -3.245392944586743267e-02
2.261999999999999853e-12 0.000000000000000000e+00 -2.744181548236734533e-02
2.264999999999999739e-12 0.000000000000000000e+00 -2.302344712907785272e-15
2.268000000000000030e-12 0.000000000000000000e+00 2.711448162770109180e-02
2.270999999999999916e-12 -0.000000000000000000e+00 3.168430754349325917e-02
2.273999999999999802e-12 -0.000000000000000000e+00 1.023327138623025996e-02
2.276999999999999688e-12 -0.000000000000000000e+00 -1.934839950397322650e-02
2.279999999999999978e-12 -0.000000000000000000e+00 -3.272054990769555916e-02
2.282999999999999865e-12 0.000000000000000000e+00 -1.911760623903093620e-02
2.285999999999999751e-12 0.000000000000000000e+00 9.990596618447455599e-03
2.289000000000000041e-12 0.000000000000000000e+00 3.056395972756382334e-02
2.291999999999999927e-12 -0.000000000000000000e+00 2.584372855845658984e-02
2.294999999999999813e-12 -0.000000000000000000e+00 1.660762441676588314e-15
2.297999999999999700e-12 -0.000000000000000000e+00 -2.553545714349107765e-02
2.300999999999999990e-12 0.000000000000000000e+00 -2.983915711563790360e-02
2.303999999999999876e-12 0.000000000000000000e+00 -9.637332054093878872e-03
2.306999999999999762e-12 0.000000000000000000e+00 1.822163643446143497e-02
2.310000000000000052e-12 -0.000000000000000000e+00 3.081505342244125062e-02
2.312999999999999939e-12 -0.000000000000000000e+00 1.800428352294829865e-02
2.315999999999999825e-12 -0.000000000000000000e+00 -9.408789564600656893e-03
2.318999999999999711e-12 -0.000000000000000000e+00 -2.878405327731708985e-02
2.322000000000000001e-12 0.000000000000000000e+00 -2.433870697193302179e-02
2.324999999999999888e-12 0.000000000000000000e+00 -1.711363424377858181e-15
2.327999999999999774e-12 0.000000000000000000e+00 2.404838788660053003e-02
2.331000000000000064e-12 -0.000000000000000000e+00 2.810145988355615757e-02
2.333999999999999950e-12 -0.000000000000000000e+00 9.076097526920547109e-03
2.336999999999999836e-12 -0.000000000000000000e+00 -1.716049093784231122e-02
2.339999999999999723e-12 -0.000000000000000000e+00 -2.902052441375937292e-02
2.343000000000000013e-12 0.000000000000000000e+00 -1.695579567450829217e-02
2.345999999999999899e-12 0.000000000000000000e+00 8.860864315898412877e-03
2.348999999999999785e-12 0.000000000000000000e+00 2.710780050937687188e-02
2.351999999999999672e-12 -0.000000000000000000e+00 2.292133101946643853e-02
2.354999999999999962e-12 -0.000000000000000000e+00 1.744182457969483887e-15
2.357999999999999848e-12 -0.000000000000000000e+00 -2.264791880147742908e-02
2.360999999999999734e-12 0.000000000000000000e+00 -2.646495826027382009e-02
2.364000000000000024e-12 0.000000000000000000e+00 -8.547546754205678429e-03
2.366999999999999911e-12 0.000000000000000000e+00 1.616114174415349963e-02
2.369999999999999797e-12 0.000000000000000000e+00 2.733050063889420553e-02
2.372999999999999683e-12 -0.000000000000000000e+00 1.596836700495329192e-02
2.375999999999999973e-12 -0.000000000000000000e+00 -8.344847749614841409e-03
2.378999999999999859e-12 -0.000000000000000000e+00 -2.552916510320764679e-02
2.381999999999999746e-12 0.000000000000000000e+00 -2.158649661667794845e-02
2.385000000000000036e-12 0.000000000000000000e+00 -2.192669469741589172e-15
2.387999999999999922e-12 0.000000000000000000e+00 2.132900668672660024e-02
2.390999999999999808e-12 -0.000000000000000000e+00 2.492375907231302382e-02
2.393999999999999695e-12 -0.000000000000000000e+00 8.049776382264299882e-03
2.396999999999999985e-12 -0.000000000000000000e+00 -1.521999011687106239e-02
2.399999999999999871e-12 -0.000000000000000000e+00 -2.573889618681167099e-02
2.402999999999999757e-12 0.000000000000000000e+00 -1.503844170452171315e-02
2.406000000000000047e-12 0.000000000000000000e+00 7.858881648747470527e-03
2.408999999999999934e-12 0.000000000000000000e+00 2.404246226621724325e-02
2.411999999999999820e-12 -0.000000000000000000e+00 2.032939691792317802e-02
2.414999999999999706e-12 -0.000000000000000000e+00 1.691552662282549662e-15
2.417999999999999996e-12 -0.000000000000000000e+00 -2.008690203414041295e-02
2.420999999999999882e-12 0.000000000000000000e+00 -2.347231233790268018e-02
2.423999999999999769e-12 0.000000000000000000e+00 -7.580993900100096300e-03
2.427000000000000059e-12 0.000000000000000000e+00 1.433364689357229105e-02
2.429999999999999945e-12 0.000000000000000000e+00 2.423997956234603263e-02
2.432999999999999831e-12 -0.000000000000000000e+00 1.416267103769247582e-02
2.435999999999999718e-12 -0.000000000000000000e+00 -7.401216010426817787e-03
2.439000000000000008e-12 -0.000000000000000000e+00 -2.264233826236118283e-02
2.441999999999999894e-12 0.000000000000000000e+00 -1.914550500645702605e-02
2.444999999999999780e-12 0.000000000000000000e+00 -1.496786615658793351e-15
2.448000000000000070e-12 0.000000000000000000e+00 1.891713192533498941e-02
2.450999999999999957e-12 -0.000000000000000000e+00 2.210539128104904716e-02
2.453999999999999843e-12 -0.000000000000000000e+00 7.139511184432987406e-03
2.456999999999999729e-12 -0.000000000000000000e+00 -1.349892028128658363e-02
2.460000000000000019e-12 -0.000000000000000000e+00 -2.282835304662497733e-02
2.462999999999999905e-12 0.000000000000000000e+00 -1.333790128411994728e-02
2.465999999999999792e-12 0.000000000000000000e+00 6.970202744015960815e-03
2.468999999999999678e-12 0.000000000000000000e+00 2.132375113290981006e-02
2.471999999999999968e-12 -0.000000000000000000e+00 1.803055759264129629e-02
2.474999999999999854e-12 -0.000000000000000000e+00 1.403103192497243995e-15
2.477999999999999741e-12 -0.000000000000000000e+00 -1.781548392441517636e-02
2.481000000000000031e-12 0.000000000000000000e+00 -2.081807350949484853e-02
2.483999999999999917e-12 0.000000000000000000e+00 -6.723738420627146765e-03
2.486999999999999803e-12 0.000000000000000000e+00 1.271280436259700740e-02
2.489999999999999689e-12 0.000000000000000000e+00 2.149893325945160735e-02
2.492999999999999980e-12 -0.000000000000000000e+00 1.256116238183217423e-02
2.495999999999999866e-12 -0.000000000000000000e+00 -6.564289736205761346e-03
2.498999999999999752e-12 -0.000000000000000000e+00 -2.008195253995146215e-02
2.502000000000000042e-12 0.000000000000000000e+00 -1.698053966149799116e-02
2.504999999999999928e-12 0.000000000000000000e+00 -1.656227447943927294e-15
2.507999999999999815e-12 0.000000000000000000e+00 1.677799090865431456e-02
2.510999999999999701e-12 -0.000000000000000000e+00 1.960572328879212414e-02
2.513999999999999991e-12 -0.000000000000000000e+00 6.332178377644822470e-03
2.516999999999999877e-12 -0.000000000000000000e+00 -1.197246827108856305e-02
2.519999999999999764e-12 -0.000000000000000000e+00 -2.024693285364622536e-02
2.523000000000000054e-12 0.000000000000000000e+00 -1.182965723180242658e-02
2.525999999999999940e-12 0.000000000000000000e+00 6.182015261729327353e-03
2.528999999999999826e-12 0.000000000000000000e+00 1.891247066724816364e-02
2.531999999999999712e-12 -0.000000000000000000e+00 1.599167001431945137e-02
2.535000000000000003e-12 -0.000000000000000000e+00 1.661120467497587837e-15
2.537999999999999889e-12 -0.000000000000000000e+00 -1.580091678256941370e-02
2.540999999999999775e-12 0.000000000000000000e+00 -1.846397484865092142e-02
2.543999999999999661e-12 0.000000000000000000e+00 -5.963421016394756212e-03
2.546999999999999951e-12 0.000000000000000000e+00 1.127524599717392995e-02
2.549999999999999838e-12 0.000000000000000000e+00 1.906784327542548202e-02
2.552999999999999724e-12 -0.000000000000000000e+00 1.114075162536961976e-02
2.556000000000000014e-12 -0.000000000000000000e+00 -5.822002719573355495e-03
2.558999999999999900e-12 -0.000000000000000000e+00 -1.781109411686656804e-02
2.561999999999999787e-12 0.000000000000000000e+00 -1.506038765226845079e-02
2.564999999999999673e-12 0.000000000000000000e+00 -1.405788386154740713e-15
2.567999999999999963e-12 0.000000000000000000e+00 1.488074302393987448e-02
2.570999999999999849e-12 -0.000000000000000000e+00 1.738871666145076073e-02
2.573999999999999735e-12 -0.000000000000000000e+00 5.616138412071353288e-03
2.577000000000000026e-12 -0.000000000000000000e+00 -1.061862678757609715e-02
2.579999999999999912e-12 -0.000000000000000000e+00 -1.795741852873840999e-02
2.582999999999999798e-12 0.000000000000000000e+00 -1.049196475824397227e-02
2.585999999999999684e-12 0.000000000000000000e+00 5.482955675725302395e-03
2.588999999999999974e-12 0.000000000000000000e+00 1.677385674359589685e-02
2.591999999999999861e-12 -0.000000000000000000e+00 1.418333895293633767e-02
2.594999999999999747e-12 -0.000000000000000000e+00 1.049552694260186495e-15
2.598000000000000037e-12 -0.000000000000000000e+00 -1.401415601332793581e-02
2.600999999999999923e-12 0.000000000000000000e+00 -1.637607663629969332e-02
2.603999999999999809e-12 0.000000000000000000e+00 -5.289079972188595602e-03
2.606999999999999696e-12 0.000000000000000000e+00 1.000024610390716322e-02
2.609999999999999986e-12 0.000000000000000000e+00 1.691165988509456264e-02
2.612999999999999872e-12 -0.000000000000000000e+00 9.880960296929780506e-03
2.615999999999999758e-12 -0.000000000000000000e+00 -5.163653194612909808e-03
2.619000000000000048e-12 -0.000000000000000000e+00 -1.579702337254185532e-02
2.621999999999999935e-12 0.000000000000000000e+00 -1.335736559367945060e-02
2.624999999999999821e-12 0.000000000000000000e+00 -8.780583260014011541e-16
2.627999999999999707e-12 0.000000000000000000e+00 1.319803510146888917e-02
2.630999999999999997e-12 -0.000000000000000000e+00 1.542240817532496318e-02
2.633999999999999884e-12 -0.000000000000000000e+00 4.981067933098221566e-03
2.636999999999999770e-12 -0.000000000000000000e+00 -9.417877107773791473e-03
2.640000000000000060e-12 -0.000000000000000000e+00 -1.592680148382179944e-02
2.642999999999999946e-12 0.000000000000000000e+00 -9.305537965403011882e-03
2.645999999999999832e-12 0.000000000000000000e+00 4.862945442415122360e-03
2.648999999999999719e-12 0.000000000000000000e+00 1.487707634846144496e-02
2.652000000000000009e-12 -0.000000000000000000e+00 1.257949317824626385e-02
2.654999999999999895e-12 -0.000000000000000000e+00 1.266158315964915486e-15
2.657999999999999781e-12 -0.000000000000000000e+00 -1.242944137156329169e-02
2.660999999999999668e-12 0.000000000000000000e+00 -1.452427704198108044e-02
2.663999999999999958e-12 0.000000000000000000e+00 -4.690993118766064764e-03
2.666999999999999844e-12 0.000000000000000000e+00 8.869422641756177783e-03
2.669999999999999730e-12 0.000000000000000000e+00 1.499929677090041866e-02
2.673000000000000020e-12 -0.000000000000000000e+00 8.763625621738465113e-03
2.675999999999999907e-12 -0.000000000000000000e+00 -4.579749546421572198e-03
2.678999999999999793e-12 -0.000000000000000000e+00 -1.401070286840598068e-02
2.681999999999999679e-12 0.000000000000000000e+00 -1.184692052573734118e-02
2.684999999999999969e-12 0.000000000000000000e+00 -1.289191310449219910e-15
2.687999999999999855e-12 0.000000000000000000e+00 1.170560705600291046e-02
2.690999999999999742e-12 -0.000000000000000000e+00 1.367844899408961028e-02
2.694000000000000032e-12 -0.000000000000000000e+00 4.417810946541689092e-03
2.696999999999999918e-12 -0.000000000000000000e+00 -8.352907677374878104e-03
2.699999999999999804e-12 -0.000000000000000000e+00 -1.412580572753855367e-02
2.702999999999999691e-12 0.000000000000000000e+00 -8.253271796163462806e-03
2.705999999999999981e-12 0.000000000000000000e+00 4.313045695518212194e-03
2.708999999999999867e-12 0.000000000000000000e+00 1.319478305205159900e-02
2.711999999999999753e-12 -0.000000000000000000e+00 1.115700958333053390e-02
2.715000000000000043e-12 -0.000000000000000000e+00 1.242170585957945471e-15
2.717999999999999930e-12 -0.000000000000000000e+00 -1.102392556941689077e-02
2.720999999999999816e-12 0.000000000000000000e+00 -1.288187813707450217e-02
2.723999999999999702e-12 0.000000000000000000e+00 -4.160537665533039012e-03
2.726999999999999992e-12 0.000000000000000000e+00 7.866472202855264925e-03
2.729999999999999878e-12 0.000000000000000000e+00 1.330318284249686588e-02
2.732999999999999765e-12 -0.000000000000000000e+00 7.772638663657604682e-03
2.735999999999999651e-12 -0.000000000000000000e+00 -4.061873467767498913e-03
2.738999999999999941e-12 -0.000000000000000000e+00 -1.242637870676071080e-02
2.741999999999999827e-12 0.000000000000000000e+00 -1.050727592644000799e-02
2.744999999999999714e-12 0.000000000000000000e+00 -8.583072348762591234e-16
2.748000000000000004e-12 0.000000000000000000e+00 1.038194212214951784e-02
2.750999999999999890e-12 -0.000000000000000000e+00 1.213169595545101655e-02
2.753999999999999776e-12 -0.000000000000000000e+00 3.918246814040226081e-03
2.756999999999999662e-12 -0.000000000000000000e+00 -7.408364525075615548e-03
2.759999999999999953e-12 -0.000000000000000000e+00 -1.252846578485013011e-02
2.762999999999999839e-12 0.000000000000000000e+00 -7.319995425798414904e-03
2.765999999999999725e-12 0.000000000000000000e+00 3.825328371850361935e-03
2.769000000000000015e-12 0.000000000000000000e+00 1.170272274691389232e-02
2.771999999999999901e-12 -0.000000000000000000e+00 9.895379812104953751e-03
2.774999999999999788e-12 -0.000000000000000000e+00 8.597990091304239999e-16
2.777999999999999674e-12 -0.000000000000000000e+00 -9.777344880364951391e-03
2.780999999999999964e-12 0.000000000000000000e+00 -1.142520098307147833e-02
2.783999999999999850e-12 0.000000000000000000e+00 -3.690065883292670094e-03
2.786999999999999737e-12 0.000000000000000000e+00 6.976934961580057507e-03
2.790000000000000027e-12 0.000000000000000000e+00 1.179886473639583759e-02
2.792999999999999913e-12 -0.000000000000000000e+00 6.893712078015986656e-03
2.795999999999999799e-12 -0.000000000000000000e+00 -3.602558589922366227e-03
2.798999999999999685e-12 -0.000000000000000000e+00 -1.102120922941335346e-02
2.801999999999999976e-12 0.000000000000000000e+00 -9.319117753386117406e-03
2.804999999999999862e-12 0.000000000000000000e+00 -7.341319459595812563e-16
2.807999999999999748e-12 0.000000000000000000e+00 9.207956640949392299e-03
2.811000000000000038e-12 -0.000000000000000000e+00 1.075984907492870749e-02
2.813999999999999924e-12 -0.000000000000000000e+00 3.475173175474287682e-03
2.816999999999999811e-12 -0.000000000000000000e+00 -6.570629899940098710e-03
2.819999999999999697e-12 -0.000000000000000000e+00 -1.111175234529550825e-02
2.822999999999999987e-12 0.000000000000000000e+00 -6.492253539816932387e-03
2.825999999999999873e-12 0.000000000000000000e+00 3.392761910148010991e-03
2.828999999999999760e-12 0.000000000000000000e+00 1.037938396947279615e-02
2.832000000000000050e-12 -0.000000000000000000e+00 8.776414584434467578e-03
2.834999999999999936e-12 -0.000000000000000000e+00 9.570626905019688824e-16
2.837999999999999822e-12 -0.000000000000000000e+00 -8.671726991227448472e-03
2.840999999999999708e-12 0.000000000000000000e+00 -1.013324424548712847e-02
2.843999999999999999e-12 0.000000000000000000e+00 -3.272794844725257935e-03
2.846999999999999885e-12 0.000000000000000000e+00 6.187986203071515687e-03
2.849999999999999771e-12 0.000000000000000000e+00 1.046465426477074905e-02
2.852999999999999657e-12 -0.000000000000000000e+00 6.114174126836437184e-03
2.855999999999999947e-12 -0.000000000000000000e+00 -3.195182837872752053e-03
2.858999999999999834e-12 -0.000000000000000000e+00 -9.774935702902175921e-03
2.861999999999999720e-12 0.000000000000000000e+00 -8.265315987651813273e-03
2.865000000000000010e-12 0.000000000000000000e+00 -9.189329405655166218e-16
2.867999999999999896e-12 0.000000000000000000e+00 8.166724925263130208e-03
2.870999999999999783e-12 -0.000000000000000000e+00 9.543130040546288911e-03
2.873999999999999669e-12 -0.000000000000000000e+00 3.082202110459510060e-03
2.876999999999999959e-12 -0.000000000000000000e+00 -5.827625940361384586e-03
2.879999999999999845e-12 -0.000000000000000000e+00 -9.855240242782113344e-03
2.882999999999999731e-12 0.000000000000000000e+00 -5.758112344812878029e-03
2.886000000000000022e-12 0.000000000000000000e+00 3.009109875025645087e-03
2.888999999999999908e-12 0.000000000000000000e+00 9.205687763059609147e-03
2.891999999999999794e-12 -0.000000000000000000e+00 7.783981456037271027e-03
2.894999999999999680e-12 -0.000000000000000000e+00 8.637671286465022935e-16
2.897999999999999970e-12 -0.000000000000000000e+00 -7.691131890151240401e-03
2.900999999999999857e-12 0.000000000000000000e+00 -8.987381411568871881e-03
2.903999999999999743e-12 0.000000000000000000e+00 -2.902708632969294971e-03
2.907000000000000033e-12 0.000000000000000000e+00 5.488251425627886648e-03
2.909999999999999919e-12 0.000000000000000000e+00 9.281315730604403416e-03
2.912999999999999805e-12 -0.000000000000000000e+00 5.422785986738384856e-03
2.915999999999999692e-12 -0.000000000000000000e+00 -2.833872957957333117e-03
2.918999999999999982e-12 -0.000000000000000000e+00 -8.669590242500099450e-03
2.921999999999999868e-12 0.000000000000000000e+00 -7.330677665373340479e-03
2.924999999999999754e-12 0.000000000000000000e+00 -6.763107758681535522e-16
2.927999999999999641e-12 0.000000000000000000e+00 7.243235237263358911e-03
2.930999999999999931e-12 -0.000000000000000000e+00 8.463997063209905206e-03
2.933999999999999817e-12 -0.000000000000000000e+00 2.733668041859140148e-03
2.936999999999999703e-12 -0.000000000000000000e+00 -5.168640544049735337e-03
2.939999999999999993e-12 0.000000000000000000e+00 -8.740813980080896703e-03
2.942999999999999880e-12 0.000000000000000000e+00 -5.106987515527801336e-03
2.945999999999999766e-12 0.000000000000000000e+00 2.668841044487861667e-03
2.948999999999999652e-12 0.000000000000000000e+00 8.164712611094802550e-03
2.951999999999999942e-12 -0.000000000000000000e+00 6.903772232386863952e-03
2.954999999999999828e-12 -0.000000000000000000e+00 6.315873837282928667e-16
2.957999999999999715e-12 -0.000000000000000000e+00 -6.821422054862408615e-03
2.961000000000000005e-12 0.000000000000000000e+00 -7.971092246492488681e-03
2.963999999999999891e-12 0.000000000000000000e+00 -2.574471608415802599e-03
2.966999999999999777e-12 0.000000000000000000e+00 4.867642351231595173e-03
2.969999999999999664e-12 0.000000000000000000e+00 8.231788601097706631e-03
2.972999999999999954e-12 -0.000000000000000000e+00 4.809579715581857248e-03
2.975999999999999840e-12 -0.000000000000000000e+00 -2.513419841472468337e-03
2.978999999999999726e-12 -0.000000000000000000e+00 -7.689236764037186284e-03
2.982000000000000016e-12 0.000000000000000000e+00 -6.501727836405888673e-03
2.984999999999999903e-12 0.000000000000000000e+00 -7.415609817453219018e-16
2.987999999999999789e-12 0.000000000000000000e+00 6.424173359878796070e-03
2.990999999999999675e-12 -0.000000000000000000e+00 7.506891971675107474e-03
2.993999999999999965e-12 -0.000000000000000000e+00 2.424546053525677460e-03
2.996999999999999851e-12 -0.000000000000000000e+00 -4.584172928562536831e-03
2.999999999999999738e-12 -0.000000000000000000e+00 -7.752406552476924333e-03
3.003000000000000028e-12 0.000000000000000000e+00 -4.529491597581217222e-03
3.005999999999999914e-12 0.000000000000000000e+00 2.367049664705692374e-03
3.008999999999999800e-12 0.000000000000000000e+00 7.241450474702286998e-03
3.011999999999999687e-12 -0.000000000000000000e+00 6.123096683344482309e-03
3.014999999999999977e-12 -0.000000000000000000e+00 7.380702299905763056e-16
3.017999999999999863e-12 -0.000000000000000000e+00 -6.050058627930500650e-03
3.020999999999999749e-12 0.000000000000000000e+00 -7.069724616371871398e-03
3.024000000000000039e-12 0.000000000000000000e+00 -2.283351483252190305e-03
3.026999999999999926e-12 0.000000000000000000e+00 4.317211479937078412e-03
3.029999999999999812e-12 0.000000000000000000e+00 7.300941541048769183e-03
3.032999999999999698e-12 -0.000000000000000000e+00 4.265714541769860188e-03
3.035999999999999988e-12 -0.000000000000000000e+00 -2.229203423452157801e-03
3.038999999999999874e-12 -0.000000000000000000e+00 -6.819741228781267192e-03
3.041999999999999761e-12 0.000000000000000000e+00 -5.766515292081109134e-03
3.044999999999999647e-12 0.000000000000000000e+00 -7.533459983532239039e-16
3.047999999999999937e-12 0.000000000000000000e+00 5.697730641890203125e-03
3.050999999999999823e-12 -0.000000000000000000e+00 6.658015905906415621e-03
3.053999999999999710e-12 -0.000000000000000000e+00 2.150379444633830628e-03
3.057000000000000000e-12 -0.000000000000000000e+00 -4.065796655787504155e-03
3.059999999999999886e-12 -0.000000000000000000e+00 -6.875767805131575636e-03
3.062999999999999772e-12 0.000000000000000000e+00 -4.017298665833297228e-03
3.065999999999999658e-12 0.000000000000000000e+00 2.099384722351956174e-03
3.068999999999999949e-12 0.000000000000000000e+00 6.422590417488481009e-03
3.071999999999999835e-12 -0.000000000000000000e+00 5.430699584453093330e-03
3.074999999999999721e-12 -0.000000000000000000e+00 5.445572737403185226e-16
3.078000000000000011e-12 -0.000000000000000000e+00 -5.365920640448517721e-03
3.080999999999999897e-12 0.000000000000000000e+00 -6.270283244222454519e-03
3.083999999999999784e-12 0.000000000000000000e+00 -2.025151094704630197e-03
3.086999999999999670e-12 0.000000000000000000e+00 3.829023091186237789e-03
3.089999999999999960e-12 0.000000000000000000e+00 6.475354260033399333e-03
3.092999999999999846e-12 -0.000000000000000000e+00 3.783349404297109767e-03
3.095999999999999733e-12 -0.000000000000000000e+00 -1.977126073859761680e-03
3.099000000000000023e-12 -0.000000000000000000e+00 -6.048567868928799059e-03
3.101999999999999909e-12 0.000000000000000000e+00 -5.114440261188694416e-03
3.104999999999999795e-12 0.000000000000000000e+00 -4.843791003273104772e-16
3.107999999999999681e-12 0.000000000000000000e+00 5.053433749202181600e-03
3.110999999999999972e-12 -0.000000000000000000e+00 5.905130374936364696e-03
3.113999999999999858e-12 -0.000000000000000000e+00 1.907215476142127327e-03
3.116999999999999744e-12 -0.000000000000000000e+00 -3.606038145554415087e-03
3.119999999999999630e-12 -0.000000000000000000e+00 -6.098258984493217481e-03
3.122999999999999920e-12 0.000000000000000000e+00 -3.563024287124117156e-03
3.125999999999999807e-12 0.000000000000000000e+00 1.861987214785869706e-03
3.128999999999999693e-12 0.000000000000000000e+00 5.696326697934486934e-03
3.131999999999999983e-12 -0.000000000000000000e+00 4.816598447122909070e-03
3.134999999999999869e-12 -0.000000000000000000e+00 4.417740276283637842e-16
3.137999999999999756e-12 -0.000000000000000000e+00 -4.759144677816332450e-03
3.140999999999999642e-12 0.000000000000000000e+00 -5.561242353306180414e-03
3.143999999999999932e-12 0.000000000000000000e+00 -1.796147893333727846e-03
3.146999999999999818e-12 0.000000000000000000e+00 3.396038832234995856e-03
3.149999999999999704e-12 0.000000000000000000e+00 5.743124028207225243e-03
3.152999999999999995e-12 -0.000000000000000000e+00 3.355529905912930065e-03
3.155999999999999881e-12 -0.000000000000000000e+00 -1.753553520872467479e-03
3.158999999999999767e-12 -0.000000000000000000e+00 -5.364598455823694698e-03
3.161999999999999653e-12 0.000000000000000000e+00 -4.536101590017430595e-03
3.164999999999999943e-12 0.000000000000000000e+00 -6.390462549991168550e-16
3.167999999999999830e-12 0.000000000000000000e+00 4.481993667763492159e-03
3.170999999999999716e-12 -0.000000000000000000e+00 5.237380811010376724e-03
3.174000000000000006e-12 -0.000000000000000000e+00 1.691548383013925447e-03
3.176999999999999892e-12 -0.000000000000000000e+00 -3.198268926873620160e-03
3.179999999999999779e-12 -0.000000000000000000e+00 -5.408670521740998466e-03
3.182999999999999665e-12 0.000000000000000000e+00 -3.160119056770119284e-03
3.185999999999999955e-12 0.000000000000000000e+00 1.651434513699399226e-03
3.188999999999999841e-12 0.000000000000000000e+00 5.052188562615504523e-03
3.191999999999999727e-12 -0.000000000000000000e+00 4.271939598213469851e-03
3.195000000000000018e-12 -0.000000000000000000e+00 5.672024069185401791e-16
3.197999999999999904e-12 -0.000000000000000000e+00 -4.220982676048819215e-03
3.200999999999999790e-12 0.000000000000000000e+00 -4.932379496684197867e-03
3.203999999999999676e-12 0.000000000000000000e+00 -1.593040273964204615e-03
3.206999999999999966e-12 0.000000000000000000e+00 3.012016244194168097e-03
3.209999999999999853e-12 0.000000000000000000e+00 5.093694071218239812e-03
3.212999999999999739e-12 -0.000000000000000000e+00 2.976088049569720288e-03
3.216000000000000029e-12 -0.000000000000000000e+00 -1.555262454539102718e-03
3.218999999999999915e-12 -0.000000000000000000e+00 -4.757972005251260433e-03
3.221999999999999802e-12 0.000000000000000000e+00 -4.023161203211543871e-03
3.224999999999999688e-12 0.000000000000000000e+00 -4.861393939472249467e-16
3.227999999999999978e-12 0.000000000000000000e+00 3.975171781176331520e-03
3.230999999999999864e-12 -0.000000000000000000e+00 4.645140076155293736e-03
3.233999999999999750e-12 -0.000000000000000000e+00 1.500268830590783132e-03
3.236999999999999637e-12 -0.000000000000000000e+00 -2.836610073361750094e-03
3.239999999999999927e-12 -0.000000000000000000e+00 -4.797060421201719028e-03
3.242999999999999813e-12 0.000000000000000000e+00 -2.802774173908647529e-03
3.245999999999999699e-12 0.000000000000000000e+00 1.464691020100192080e-03
3.248999999999999989e-12 0.000000000000000000e+00 4.480889286332430041e-03
3.251999999999999876e-12 -0.000000000000000000e+00 3.788870534076749143e-03
3.254999999999999762e-12 -0.000000000000000000e+00 3.671703971775821311e-16
3.257999999999999648e-12 -0.000000000000000000e+00 -3.743675798416892190e-03
3.260999999999999938e-12 0.000000000000000000e+00 -4.374628177253921807e-03
3.263999999999999824e-12 0.000000000000000000e+00 -1.412899975492261633e-03
3.266999999999999711e-12 0.000000000000000000e+00 2.671418762700000869e-03
3.270000000000000001e-12 0.000000000000000000e+00 4.517701370148565279e-03
3.272999999999999887e-12 -0.000000000000000000e+00 2.639553312633071552e-03
3.275999999999999773e-12 -0.000000000000000000e+00 -1.379394055389727243e-03
3.278999999999999660e-12 -0.000000000000000000e+00 -4.219942608785580938e-03
3.281999999999999950e-12 0.000000000000000000e+00 -3.568223891335963512e-03
3.284999999999999836e-12 0.000000000000000000e+00 -3.866529689369744209e-16
3.287999999999999722e-12 0.000000000000000000e+00 3.525661092186746330e-03
3.291000000000000012e-12 -0.000000000000000000e+00 4.119869664956129184e-03
3.293999999999999899e-12 -0.000000000000000000e+00 1.330619086420746760e-03
3.296999999999999785e-12 -0.000000000000000000e+00 -2.515847445062356202e-03
3.299999999999999671e-12 -0.000000000000000000e+00 -4.254610923730934441e-03
3.302999999999999961e-12 0.000000000000000000e+00 -2.485837694342713389e-03
3.305999999999999847e-12 0.000000000000000000e+00 1.299064399202960783e-03
3.308999999999999734e-12 0.000000000000000000e+00 3.974192282715270121e-03
3.311999999999999620e-12 -0.000000000000000000e+00 3.360426708748220394e-03
3.314999999999999910e-12 -0.000000000000000000e+00 3.788360718451509095e-16
3.317999999999999796e-12 -0.000000000000000000e+00 -3.320342574059384228e-03
3.320999999999999683e-12 0.000000000000000000e+00 -3.879947133445302895e-03
3.323999999999999973e-12 0.000000000000000000e+00 -1.253129863301330341e-03
3.326999999999999859e-12 0.000000000000000000e+00 2.369335895668257200e-03
3.329999999999999745e-12 0.000000000000000000e+00 4.006841672169880221e-03
3.332999999999999631e-12 -0.000000000000000000e+00 2.341073776778797907e-03
3.335999999999999922e-12 -0.000000000000000000e+00 -1.223412778011236926e-03
3.338999999999999808e-12 -0.000000000000000000e+00 -3.742753341505397017e-03
3.341999999999999694e-12 0.000000000000000000e+00 -3.164730692008292396e-03
3.344999999999999984e-12 0.000000000000000000e+00 -4.157724023782713280e-16
3.347999999999999870e-12 0.000000000000000000e+00 3.126980875598855264e-03
3.350999999999999757e-12 -0.000000000000000000e+00 3.653996602460599704e-03
3.353999999999999643e-12 -0.000000000000000000e+00 1.180153261232513460e-03
3.356999999999999933e-12 -0.000000000000000000e+00 -2.231356514688326124e-03
3.359999999999999819e-12 0.000000000000000000e+00 -3.773501378536910870e-03
3.362999999999999706e-12 0.000000000000000000e+00 -2.204740253474391821e-03
3.365999999999999996e-12 0.000000000000000000e+00 1.152166764264702780e-03
3.368999999999999882e-12 0.000000000000000000e+00 3.524792354983640255e-03
3.371999999999999768e-12 -0.000000000000000000e+00 2.980431124078889923e-03
3.374999999999999654e-12 -0.000000000000000000e+00 3.724960312649505047e-16
3.377999999999999945e-12 -0.000000000000000000e+00 -2.944879685835199903e-03
3.380999999999999831e-12 0.000000000000000000e+00 -3.441204406034676592e-03
3.383999999999999717e-12 0.000000000000000000e+00 -1.111426485622492733e-03
3.387000000000000007e-12 0.000000000000000000e+00 2.101412427315674149e-03
3.389999999999999893e-12 0.000000000000000000e+00 3.553749765737317882e-03
3.392999999999999780e-12 -0.000000000000000000e+00 2.076346176487658002e-03
3.395999999999999666e-12 -0.000000000000000000e+00 -1.085069795359099032e-03
3.398999999999999956e-12 -0.000000000000000000e+00 -3.319524428172529896e-03
3.401999999999999842e-12 0.000000000000000000e+00 -2.806864327448116425e-03
3.404999999999999729e-12 0.000000000000000000e+00 -3.011743041733313926e-16
3.408000000000000019e-12 0.000000000000000000e+00 2.773383243792370331e-03
3.410999999999999905e-12 -0.000000000000000000e+00 3.240804262417348175e-03
3.413999999999999791e-12 -0.000000000000000000e+00 1.046702045845457471e-03
3.416999999999999677e-12 -0.000000000000000000e+00 -1.979035694479121862e-03
3.419999999999999968e-12 -0.000000000000000000e+00 -3.346795490604803375e-03
3.422999999999999854e-12 0.000000000000000000e+00 -1.955429188459394205e-03
3.425999999999999740e-12 0.000000000000000000e+00 1.021880249732716678e-03
3.428999999999999626e-12 0.000000000000000000e+00 3.126210374819482669e-03
3.431999999999999916e-12 -0.000000000000000000e+00 2.643405274173513033e-03
3.434999999999999803e-12 -0.000000000000000000e+00 3.035014720098284896e-16
3.437999999999999689e-12 -0.000000000000000000e+00 -2.611873977040537684e-03
3.440999999999999979e-12 0.000000000000000000e+00 -3.052074514633382456e-03
3.443999999999999865e-12 0.000000000000000000e+00 -9.857468640073487574e-04
3.446999999999999752e-12 0.000000000000000000e+00 1.863785627757739418e-03
3.449999999999999638e-12 0.000000000000000000e+00 3.151893294211345620e-03
3.452999999999999928e-12 -0.000000000000000000e+00 1.841553857626510287e-03
3.455999999999999814e-12 -0.000000000000000000e+00 -9.623705767684949874e-04
3.458999999999999700e-12 -0.000000000000000000e+00 -2.944154055528131614e-03
3.461999999999999991e-12 0.000000000000000000e+00 -2.489465335106185589e-03
3.464999999999999877e-12 0.000000000000000000e+00 -3.087077641568636395e-16
3.467999999999999763e-12 0.000000000000000000e+00 2.459770277768405511e-03
3.470999999999999649e-12 -0.000000000000000000e+00 2.874335531738093225e-03
3.473999999999999939e-12 -0.000000000000000000e+00 9.283414356140627871e-04
3.476999999999999826e-12 -0.000000000000000000e+00 -1.755247202426244097e-03
3.479999999999999712e-12 -0.000000000000000000e+00 -2.968341318130258456e-03
3.483000000000000002e-12 0.000000000000000000e+00 -1.734310109797947185e-03
3.485999999999999888e-12 0.000000000000000000e+00 9.063264773655222697e-04
3.488999999999999775e-12 0.000000000000000000e+00 2.772699870904588894e-03
3.491999999999999661e-12 -0.000000000000000000e+00 2.344490160190444965e-03
3.494999999999999951e-12 -0.000000000000000000e+00 3.328894248168750390e-16
3.497999999999999837e-12 -0.000000000000000000e+00 -2.316524408366920935e-03
3.500999999999999723e-12 0.000000000000000000e+00 -2.706947261411938449e-03
3.503999999999999610e-12 0.000000000000000000e+00 -8.742790391180068439e-04
3.506999999999999900e-12 0.000000000000000000e+00 1.653029562917994856e-03
3.509999999999999786e-12 0.000000000000000000e+00 2.795478576987763236e-03
3.512999999999999672e-12 -0.000000000000000000e+00 1.633311751644269533e-03
3.515999999999999962e-12 -0.000000000000000000e+00 -8.535461322312155093e-04
3.518999999999999849e-12 -0.000000000000000000e+00 -2.611230400691541987e-03
3.521999999999999735e-12 0.000000000000000000e+00 -2.207957682204561047e-03
3.524999999999999621e-12 0.000000000000000000e+00 -2.750533369829057621e-16
3.527999999999999911e-12 0.000000000000000000e+00 2.181620528982190516e-03
3.530999999999999798e-12 -0.000000000000000000e+00 2.549306925080728047e-03
3.533999999999999684e-12 -0.000000000000000000e+00 8.233649914974179541e-04
3.536999999999999974e-12 -0.000000000000000000e+00 -1.556764615322437512e-03
3.539999999999999860e-12 -0.000000000000000000e+00 -2.632682578201608892e-03
3.542999999999999746e-12 0.000000000000000000e+00 -1.538195079984910636e-03
3.545999999999999633e-12 0.000000000000000000e+00 8.038394751133731090e-04
3.548999999999999923e-12 0.000000000000000000e+00 2.459164180388264884e-03
3.551999999999999809e-12 -0.000000000000000000e+00 2.079376236755117215e-03
3.554999999999999695e-12 -0.000000000000000000e+00 2.439945970111946239e-16
3.557999999999999985e-12 -0.000000000000000000e+00 -2.054572839934741720e-03
3.560999999999999872e-12 0.000000000000000000e+00 -2.400846847261737648e-03
3.563999999999999758e-12 0.000000000000000000e+00 -7.754159471871353675e-04
3.566999999999999644e-12 0.000000000000000000e+00 1.466105701849633198e-03
3.569999999999999934e-12 0.000000000000000000e+00 2.479367080335428096e-03
3.572999999999999820e-12 -0.000000000000000000e+00 1.448617572063546624e-03
3.575999999999999707e-12 -0.000000000000000000e+00 -7.570275083568063718e-04
3.578999999999999997e-12 -0.000000000000000000e+00 -2.315953607350482342e-03
3.581999999999999883e-12 0.000000000000000000e+00 -1.958282791753847372e-03
3.584999999999999769e-12 0.000000000000000000e+00 -1.902907238612618538e-16
3.587999999999999656e-12 0.000000000000000000e+00 1.934923832316049266e-03
3.590999999999999946e-12 -0.000000000000000000e+00 2.261032411318687936e-03
3.593999999999999832e-12 -0.000000000000000000e+00 7.302592378364835017e-04
3.596999999999999718e-12 -0.000000000000000000e+00 -1.380726352487641594e-03
3.600000000000000008e-12 -0.000000000000000000e+00 -2.334979981996267769e-03
3.602999999999999895e-12 0.000000000000000000e+00 -1.364256652096418419e-03
3.605999999999999781e-12 0.000000000000000000e+00 7.129416583180606852e-04
3.608999999999999667e-12 0.000000000000000000e+00 2.181082968829198276e-03
3.611999999999999957e-12 -0.000000000000000000e+00 1.844241280002183484e-03
3.614999999999999843e-12 -0.000000000000000000e+00 2.472392060140030849e-16
3.617999999999999730e-12 -0.000000000000000000e+00 -1.822242640462150721e-03
3.620999999999999616e-12 0.000000000000000000e+00 -2.129360134264457038e-03
3.623999999999999906e-12 0.000000000000000000e+00 -6.877322505167338031e-04
3.626999999999999792e-12 0.000000000000000000e+00 1.300319109357966343e-03
3.629999999999999679e-12 0.000000000000000000e+00 2.199001333673285090e-03
3.632999999999999969e-12 -0.000000000000000000e+00 1.284808529650832655e-03
3.635999999999999855e-12 -0.000000000000000000e+00 -6.714231683186570659e-04
3.639000000000000145e-12 -0.000000000000000000e+00 -2.054066584847969324e-03
3.642000000000000031e-12 0.000000000000000000e+00 -1.736841028878080085e-03
3.644999999999999918e-12 0.000000000000000000e+00 -2.448449083360685650e-16
3.647999999999999804e-12 0.000000000000000000e+00 1.716123490372150609e-03
3.650999999999999690e-12 -0.000000000000000000e+00 2.005355853678442504e-03
3.653999999999999576e-12 -0.000000000000000000e+00 6.476818421387327664e-04
3.656999999999999463e-12 -0.000000000000000000e+00 -1.224594419535173168e-03
3.660000000000000157e-12 -0.000000000000000000e+00 -2.070941465357932065e-03
3.663000000000000043e-12 0.000000000000000000e+00 -1.209987105671666771e-03
3.665999999999999929e-12 0.000000000000000000e+00 6.323225269492605341e-04
3.668999999999999815e-12 0.000000000000000000e+00 1.934447059230302466e-03
3.671999999999999702e-12 -0.000000000000000000e+00 1.635695281471330129e-03
3.674999999999999588e-12 -0.000000000000000000e+00 2.411751436708231581e-16
3.677999999999999474e-12 -0.000000000000000000e+00 -1.616184238483268617e-03
3.681000000000000168e-12 0.000000000000000000e+00 -1.888573020209890780e-03
3.684000000000000054e-12 0.000000000000000000e+00 -6.099637879727614091e-04
3.686999999999999941e-12 0.000000000000000000e+00 1.153279592343401869e-03
3.689999999999999827e-12 -0.000000000000000000e+00 1.950339223203065124e-03
3.692999999999999713e-12 -0.000000000000000000e+00 1.139522942215801275e-03
3.695999999999999599e-12 -0.000000000000000000e+00 -5.954989296672024562e-04
3.698999999999999486e-12 -0.000000000000000000e+00 -1.821793632479438334e-03
3.702000000000000180e-12 0.000000000000000000e+00 -1.540439803840766304e-03
3.705000000000000066e-12 0.000000000000000000e+00 -1.830854542136458610e-16
3.707999999999999952e-12 0.000000000000000000e+00 1.522064995541429081e-03
3.710999999999999838e-12 -0.000000000000000000e+00 1.778591089517744068e-03
3.713999999999999725e-12 -0.000000000000000000e+00 5.744422622834065685e-04
3.716999999999999611e-12 -0.000000000000000000e+00 -1.086117817375551083e-03
3.719999999999999497e-12 -0.000000000000000000e+00 -1.836760308870908015e-03
3.723000000000000191e-12 0.000000000000000000e+00 -1.073162292184399839e-03
3.726000000000000077e-12 0.000000000000000000e+00 5.608197717479741730e-04
3.728999999999999964e-12 0.000000000000000000e+00 1.715700630578773566e-03
3.731999999999999850e-12 -0.000000000000000000e+00 1.450731573378729071e-03
3.734999999999999736e-12 -0.000000000000000000e+00 1.823022727302093427e-16
3.737999999999999622e-12 -0.000000000000000000e+00 -1.433426830610997097e-03
3.740999999999999509e-12 0.000000000000000000e+00 -1.675014007856814435e-03
3.744000000000000203e-12 0.000000000000000000e+00 -5.409893492104514293e-04
3.747000000000000089e-12 0.000000000000000000e+00 1.022867239698218526e-03
3.749999999999999975e-12 0.000000000000000000e+00 1.729795715589902555e-03
3.752999999999999861e-12 -0.000000000000000000e+00 1.010666185559292883e-03
3.755999999999999748e-12 -0.000000000000000000e+00 -5.281601707650304374e-04
3.758999999999999634e-12 -0.000000000000000000e+00 -1.615786004127237312e-03
3.761999999999999520e-12 0.000000000000000000e+00 -1.366247543559003051e-03
3.764999999999999406e-12 0.000000000000000000e+00 -1.986894129122096640e-16
3.768000000000000100e-12 0.000000000000000000e+00 1.349950550557520081e-03
3.770999999999999987e-12 -0.000000000000000000e+00 1.577468785856383279e-03
3.773999999999999873e-12 -0.000000000000000000e+00 5.094845821332465987e-04
3.776999999999999759e-12 -0.000000000000000000e+00 -9.633000889130036376e-04
3.779999999999999645e-12 -0.000000000000000000e+00 -1.629060255288572500e-03
3.782999999999999532e-12 0.000000000000000000e+00 -9.518095688526294644e-04
3.785999999999999418e-12 0.000000000000000000e+00 4.974025168783100968e-04
3.789000000000000112e-12 0.000000000000000000e+00 1.521689952548853711e-03
3.791999999999999998e-12 -0.000000000000000000e+00 1.286683480620472294e-03
3.794999999999999884e-12 -0.000000000000000000e+00 1.813699138213563565e-16
3.797999999999999771e-12 -0.000000000000000000e+00 -1.271335550607606557e-03
3.800999999999999657e-12 0.000000000000000000e+00 -1.485604155355742988e-03
3.803999999999999543e-12 0.000000000000000000e+00 -4.798145098610749203e-04
3.806999999999999429e-12 0.000000000000000000e+00 9.072018589368190805e-04
3.810000000000000123e-12 -0.000000000000000000e+00 1.534191171502467246e-03
3.813000000000000010e-12 -0.000000000000000000e+00 8.963804946715100324e-04
3.815999999999999896e-12 -0.000000000000000000e+00 -4.684360493115280856e-04
3.818999999999999782e-12 -0.000000000000000000e+00 -1.433073628421988478e-03
3.821999999999999668e-12 0.000000000000000000e+00 -1.211752867997079345e-03
3.824999999999999555e-12 0.000000000000000000e+00 -1.742914449853443737e-16
3.827999999999999441e-12 0.000000000000000000e+00 1.197298731847022506e-03
3.831000000000000135e-12 -0.000000000000000000e+00 1.399089304459397425e-03
3.834000000000000021e-12 -0.000000000000000000e+00 4.518722880862631507e-04
3.836999999999999907e-12 -0.000000000000000000e+00 -8.543705355483801863e-04
3.839999999999999794e-12 -0.000000000000000000e+00 -1.444846833059064287e-03
3.842999999999999680e-12 0.000000000000000000e+00 -8.441793584783094514e-04
3.845999999999999566e-12 0.000000000000000000e+00 4.411564574939240944e-04
3.848999999999999452e-12 0.000000000000000000e+00 1.349617917262702863e-03
3.852000000000000146e-12 -0.000000000000000000e+00 1.141185874548612637e-03
3.855000000000000033e-12 -0.000000000000000000e+00 1.349160635466644950e-16
3.857999999999999919e-12 -0.000000000000000000e+00 -1.127573481758929394e-03
3.860999999999999805e-12 0.000000000000000000e+00 -1.317612686256890847e-03
3.863999999999999691e-12 0.000000000000000000e+00 -4.255572946291677613e-04
3.866999999999999577e-12 0.000000000000000000e+00 8.046158689188710527e-04
3.869999999999999464e-12 0.000000000000000000e+00 1.360705503836544998e-03
3.873000000000000158e-12 -0.000000000000000000e+00 7.950181797987493316e-04
3.876000000000000044e-12 -0.000000000000000000e+00 -4.154655054294718831e-04
3.878999999999999930e-12 -0.000000000000000000e+00 -1.271022288367867036e-03
3.881999999999999817e-12 0.000000000000000000e+00 -1.074728382877205689e-03
3.884999999999999703e-12 0.000000000000000000e+00 -1.196552129265585928e-16
3.887999999999999589e-12 0.000000000000000000e+00 1.061908714130676981e-03
3.890999999999999475e-12 -0.000000000000000000e+00 1.240880896917427026e-03
3.894000000000000169e-12 -0.000000000000000000e+00 4.007747670898308460e-04
3.897000000000000056e-12 -0.000000000000000000e+00 -7.577586885068618525e-04
3.899999999999999942e-12 -0.000000000000000000e+00 -1.281464184166164044e-03
3.902999999999999828e-12 0.000000000000000000e+00 -7.487199252892010656e-04
3.905999999999999714e-12 0.000000000000000000e+00 3.912706779411107331e-04
3.908999999999999600e-12 0.000000000000000000e+00 1.197003712579961052e-03
3.911999999999999487e-12 -0.000000000000000000e+00 1.012141074230140519e-03
3.915000000000000181e-12 -0.000000000000000000e+00 1.401223556936996449e-16
3.918000000000000067e-12 -0.000000000000000000e+00 -1.000067964872328402e-03
3.920999999999999953e-12 0.000000000000000000e+00 -1.168617619119071815e-03
3.923999999999999839e-12 0.000000000000000000e+00 -3.774354616007161677e-04
3.926999999999999726e-12 0.000000000000000000e+00 7.136302578510724534e-04
3.929999999999999612e-12 0.000000000000000000e+00 1.206837519706183137e-03
3.932999999999999498e-12 -0.000000000000000000e+00 7.051178712252375745e-04
3.935999999999999384e-12 -0.000000000000000000e+00 -3.684848475163939019e-04
3.939000000000000078e-12 -0.000000000000000000e+00 -1.127295643076484805e-03
3.941999999999999965e-12 0.000000000000000000e+00 -9.531985666938199526e-04
3.944999999999999851e-12 0.000000000000000000e+00 -1.450153752473601876e-16
3.947999999999999737e-12 0.000000000000000000e+00 9.418285404905280076e-04
3.950999999999999623e-12 -0.000000000000000000e+00 1.100562627008008255e-03
3.953999999999999510e-12 -0.000000000000000000e+00 3.554553314525667456e-04
3.956999999999999396e-12 -0.000000000000000000e+00 -6.720716669367032348e-04
3.960000000000000090e-12 0.000000000000000000e+00 -1.136556773858052229e-03
3.962999999999999976e-12 0.000000000000000000e+00 -6.640550031163575248e-04
3.965999999999999862e-12 0.000000000000000000e+00 3.470259605541214237e-04
3.968999999999999749e-12 0.000000000000000000e+00 1.061647055513460130e-03
3.971999999999999635e-12 -0.000000000000000000e+00 8.976886035755678910e-04
3.974999999999999521e-12 -0.000000000000000000e+00 1.399135072981165652e-16
3.977999999999999407e-12 -0.000000000000000000e+00 -8.869807161513789708e-04
3.981000000000000101e-12 0.000000000000000000e+00 -1.036470849104429836e-03
3.983999999999999988e-12 0.000000000000000000e+00 -3.347552244354443530e-04
3.986999999999999874e-12 0.000000000000000000e+00 6.329332599478325935e-04
3.989999999999999760e-12 0.000000000000000000e+00 1.070368860024427252e-03
3.992999999999999646e-12 -0.000000000000000000e+00 6.253834502841359045e-04
3.995999999999999533e-12 -0.000000000000000000e+00 -3.268167418828938861e-04
3.998999999999999419e-12 -0.000000000000000000e+00 -9.998215440667178062e-04
4.002000000000000113e-12 0.000000000000000000e+00 -8.454112890502174776e-04
4.004999999999999999e-12 0.000000000000000000e+00 -1.124014606156822418e-16
4.007999999999999885e-12 0.000000000000000000e+00 8.353269804445296589e-04
4.010999999999999772e-12 -0.000000000000000000e+00 9.761114857804938398e-04
4.013999999999999658e-12 -0.000000000000000000e+00 3.152605978053265494e-04
4.016999999999999544e-12 -0.000000000000000000e+00 -5.960740963447323619e-04
4.019999999999999430e-12 -0.000000000000000000e+00 -1.008035430224008986e-03
4.023000000000000124e-12 0.000000000000000000e+00 -5.889639533681484971e-04
4.026000000000000011e-12 0.000000000000000000e+00 3.077844164868662278e-04
4.028999999999999897e-12 0.000000000000000000e+00 9.415964701154787200e-04
4.031999999999999783e-12 -0.000000000000000000e+00 7.961783683192423262e-04
4.034999999999999669e-12 -0.000000000000000000e+00 1.079373261600940876e-16
4.037999999999999556e-12 -0.000000000000000000e+00 -7.866813241286860344e-04
4.040999999999999442e-12 0.000000000000000000e+00 -9.192671781322997969e-04
4.044000000000000136e-12 0.000000000000000000e+00 -2.969012498496206701e-04
4.047000000000000022e-12 0.000000000000000000e+00 5.613614433257613223e-04
4.049999999999999908e-12 0.000000000000000000e+00 9.493320167813173267e-04
4.052999999999999795e-12 -0.000000000000000000e+00 5.546653628416786620e-04
4.055999999999999681e-12 -0.000000000000000000e+00 -2.898604474372758893e-04
4.058999999999999567e-12 -0.000000000000000000e+00 -8.867621605028917168e-04
4.061999999999999453e-12 0.000000000000000000e+00 -7.498125496900292630e-04
4.065000000000000147e-12 0.000000000000000000e+00 -7.582315590356135861e-17
4.068000000000000034e-12 0.000000000000000000e+00 7.408685702975108169e-04
4.070999999999999920e-12 -0.000000000000000000e+00 8.657332252530724201e-04
4.073999999999999806e-12 -0.000000000000000000e+00 2.796110670851910027e-04
4.076999999999999692e-12 -0.000000000000000000e+00 -5.286702978458838803e-04
4.079999999999999579e-12 -0.000000000000000000e+00 -8.940472240006583273e-04
4.082999999999999465e-12 0.000000000000000000e+00 -5.223641667319291410e-04
4.086000000000000159e-12 0.000000000000000000e+00 2.729802890852929000e-04
4.089000000000000045e-12 0.000000000000000000e+00 8.351211524861725357e-04
4.091999999999999931e-12 -0.000000000000000000e+00 7.061468661344552254e-04
4.094999999999999818e-12 -0.000000000000000000e+00 8.059310408125330905e-17
4.097999999999999704e-12 -0.000000000000000000e+00 -6.977237435534617768e-04
4.100999999999999590e-12 0.000000000000000000e+00 -8.153168470888561567e-04
4.103999999999999476e-12 0.000000000000000000e+00 -2.633277861784951834e-04
4.107000000000000170e-12 0.000000000000000000e+00 4.978829364706631152e-04
4.110000000000000057e-12 -0.000000000000000000e+00 8.419819669132748170e-04
4.112999999999999943e-12 -0.000000000000000000e+00 4.919440458434346441e-04
4.115999999999999829e-12 -0.000000000000000000e+00 -2.570831546280891058e-04
4.118999999999999715e-12 -0.000000000000000000e+00 -7.864874826574765878e-04
4.121999999999999602e-12 0.000000000000000000e+00 -6.650240740271041702e-04
4.124999999999999488e-12 0.000000000000000000e+00 -9.142711460212516168e-17
4.128000000000000182e-12 0.000000000000000000e+00 6.570914759182738124e-04
4.131000000000000068e-12 -0.000000000000000000e+00 7.678364902220234959e-04
4.133999999999999954e-12 -0.000000000000000000e+00 2.479927697301801412e-04
4.136999999999999841e-12 -0.000000000000000000e+00 -4.688884914448375571e-04
4.139999999999999727e-12 -0.000000000000000000e+00 -7.929487543564325966e-04
4.142999999999999613e-12 0.000000000000000000e+00 -4.632954548833093664e-04
4.145999999999999499e-12 0.000000000000000000e+00 2.421117972106715140e-04
4.148999999999999386e-12 0.000000000000000000e+00 7.406860172747678278e-04
4.152000000000000080e-12 -0.000000000000000000e+00 6.262960868984506022e-04
4.154999999999999966e-12 -0.000000000000000000e+00 1.055020046901700452e-16
4.157999999999999852e-12 -0.000000000000000000e+00 -6.188254473403554442e-04
4.160999999999999738e-12 0.000000000000000000e+00 -7.231211740829236040e-04
4.163999999999999625e-12 0.000000000000000000e+00 -2.335507951172212620e-04
4.166999999999999511e-12 0.000000000000000000e+00 4.415825514485717984e-04
4.169999999999999397e-12 0.000000000000000000e+00 7.467710138027071559e-04
4.173000000000000091e-12 -0.000000000000000000e+00 4.363152279798818253e-04
4.175999999999999977e-12 -0.000000000000000000e+00 -2.280123037753695083e-04
4.178999999999999864e-12 -0.000000000000000000e+00 -6.975518215911623212e-04
4.181999999999999750e-12 0.000000000000000000e+00 -5.898234421635505185e-04
4.184999999999999636e-12 0.000000000000000000e+00 -6.661517931972912971e-17
4.187999999999999522e-12 0.000000000000000000e+00 5.827878587845810752e-04
4.190999999999999409e-12 -0.000000000000000000e+00 6.810098752350914313e-04
4.194000000000000103e-12 -0.000000000000000000e+00 2.199498556317626440e-04
4.196999999999999989e-12 -0.000000000000000000e+00 -4.158667856039403865e-04
4.199999999999999875e-12 0.000000000000000000e+00 -7.032824555081428758e-04
4.202999999999999761e-12 0.000000000000000000e+00 -4.109062071741492544e-04
4.205999999999999648e-12 0.000000000000000000e+00 2.147339009165087859e-04
4.208999999999999534e-12 0.000000000000000000e+00 6.569295659116471857e-04
4.211999999999999420e-12 -0.000000000000000000e+00 5.554747989061965428e-04
4.215000000000000114e-12 -0.000000000000000000e+00 5.074270125541565972e-17
4.218000000000000000e-12 -0.000000000000000000e+00 -5.488489360068207713e-04
4.220999999999999887e-12 0.000000000000000000e+00 -6.413509475170353765e-04
4.223999999999999773e-12 0.000000000000000000e+00 -2.071409732009736376e-04
4.226999999999999659e-12 0.000000000000000000e+00 3.916485893774601678e-04
4.229999999999999545e-12 0.000000000000000000e+00 6.623264736896016230e-04
4.232999999999999432e-12 -0.000000000000000000e+00 3.869768925462465769e-04
4.236000000000000126e-12 -0.000000000000000000e+00 -2.022287720413362049e-04
4.239000000000000012e-12 -0.000000000000000000e+00 -6.186729662384679411e-04
4.241999999999999898e-12 0.000000000000000000e+00 -5.231264649097071458e-04
4.244999999999999784e-12 0.000000000000000000e+00 -7.712472894032014610e-17
4.247999999999999671e-12 0.000000000000000000e+00 5.168864622266496804e-04
4.250999999999999557e-12 -0.000000000000000000e+00 6.040015759521978871e-04
4.253999999999999443e-12 -0.000000000000000000e+00 1.950780220128282242e-04
4.257000000000000137e-12 -0.000000000000000000e+00 -3.688407511039642345e-04
4.260000000000000023e-12 -0.000000000000000000e+00 -6.237555825747809852e-04
4.262999999999999910e-12 0.000000000000000000e+00 -3.644411127167166732e-04
4.265999999999999796e-12 0.000000000000000000e+00 1.904518851787975666e-04
4.268999999999999682e-12 0.000000000000000000e+00 5.826442574907429207e-04
4.271999999999999568e-12 -0.000000000000000000e+00 4.926619512312785647e-04
4.274999999999999455e-12 -0.000000000000000000e+00 9.365358767646612431e-17
4.278000000000000149e-12 -0.000000000000000000e+00 -4.867853380148820302e-04
4.281000000000000035e-12 0.000000000000000000e+00 -5.688272624607786359e-04
4.283999999999999921e-12 0.000000000000000000e+00 -1.837175624134611425e-04
4.286999999999999807e-12 0.000000000000000000e+00 3.473611379302846765e-04
4.289999999999999694e-12 0.000000000000000000e+00 5.874308852941150395e-04
4.292999999999999580e-12 -0.000000000000000000e+00 3.432177145365859772e-04
4.295999999999999466e-12 -0.000000000000000000e+00 -1.793608308156595052e-04
4.299000000000000160e-12 -0.000000000000000000e+00 -5.487136974013216316e-04
4.302000000000000046e-12 0.000000000000000000e+00 -4.639715527160278739e-04
4.304999999999999933e-12 0.000000000000000000e+00 -6.597744582607367383e-17
4.307999999999999819e-12 0.000000000000000000e+00 4.584371668112595367e-04
4.310999999999999705e-12 -0.000000000000000000e+00 5.357013415213793999e-04
4.313999999999999591e-12 -0.000000000000000000e+00 1.730186844775186529e-04
4.316999999999999478e-12 -0.000000000000000000e+00 -3.271324000482426857e-04
4.319999999999999364e-12 -0.000000000000000000e+00 -5.532215737020022535e-04
4.323000000000000058e-12 0.000000000000000000e+00 -3.232302708483738738e-04
4.325999999999999944e-12 0.000000000000000000e+00 1.689156691764285212e-04
4.328999999999999830e-12 0.000000000000000000e+00 5.167590993044593939e-04
4.331999999999999717e-12 -0.000000000000000000e+00 4.369519529399559874e-04
4.334999999999999603e-12 -0.000000000000000000e+00 3.762068197221854219e-17
4.337999999999999489e-12 -0.000000000000000000e+00 -4.317398645797035600e-04
4.340999999999999375e-12 0.000000000000000000e+00 -5.045045240383354236e-04
4.344000000000000069e-12 0.000000000000000000e+00 -1.629428606883232239e-04
4.346999999999999956e-12 0.000000000000000000e+00 3.080816921517310378e-04
4.349999999999999842e-12 0.000000000000000000e+00 5.210044573262096043e-04
4.352999999999999728e-12 -0.000000000000000000e+00 3.044068052658349829e-04
4.355999999999999614e-12 -0.000000000000000000e+00 -1.590787863969980547e-04
4.358999999999999501e-12 -0.000000000000000000e+00 -4.866653921318732541e-04
4.361999999999999387e-12 0.000000000000000000e+00 -4.115058521592334750e-04
4.365000000000000081e-12 0.000000000000000000e+00 -5.755265072567797554e-17
4.367999999999999967e-12 0.000000000000000000e+00 4.065972921956140826e-04
4.370999999999999853e-12 -0.000000000000000000e+00 4.751244677721103800e-04
4.373999999999999740e-12 -0.000000000000000000e+00 1.534538071970457593e-04
4.376999999999999626e-12 -0.000000000000000000e+00 -2.901404111150964306e-04
4.379999999999999512e-12 -0.000000000000000000e+00 -4.906635197491272153e-04
4.382999999999999398e-12 0.000000000000000000e+00 -2.866795329810689174e-04
4.386000000000000092e-12 0.000000000000000000e+00 1.498147590742900906e-04
4.388999999999999979e-12 0.000000000000000000e+00 4.583242060326554799e-04
4.391999999999999865e-12 -0.000000000000000000e+00 3.875416169259389724e-04
4.394999999999999751e-12 -0.000000000000000000e+00 7.799555216118884854e-17
4.397999999999999637e-12 -0.000000000000000000e+00 -3.829189092412027236e-04
4.400999999999999524e-12 0.000000000000000000e+00 -4.474553727858664436e-04
4.403999999999999410e-12 0.000000000000000000e+00 -1.445173531616688396e-04
4.407000000000000104e-12 0.000000000000000000e+00 2.732439489477345184e-04
4.409999999999999990e-12 0.000000000000000000e+00 4.620895008233373916e-04
4.412999999999999876e-12 -0.000000000000000000e+00 2.699846166660721243e-04
4.415999999999999763e-12 -0.000000000000000000e+00 -1.410902267036279493e-04
4.418999999999999649e-12 -0.000000000000000000e+00 -4.316334821247109826e-04
4.421999999999999535e-12 0.000000000000000000e+00 -3.649729501087394879e-04
4.424999999999999421e-12 0.000000000000000000e+00 -6.723053619957211540e-17
4.428000000000000115e-12 0.000000000000000000e+00 3.606194479621363633e-04
4.431000000000000002e-12 -0.000000000000000000e+00 4.213976004514430199e-04
4.433999999999999888e-12 -0.000000000000000000e+00 1.361013176951107414e-04
4.436999999999999774e-12 -0.000000000000000000e+00 -2.573314601355017697e-04
4.439999999999999660e-12 -0.000000000000000000e+00 -4.351795032170713675e-04
4.442999999999999547e-12 0.000000000000000000e+00 -2.542619365894235677e-04
4.445999999999999433e-12 0.000000000000000000e+00 1.328737715448692668e-04
4.449000000000000127e-12 0.000000000000000000e+00 4.064971049725378993e-04
4.452000000000000013e-12 -0.000000000000000000e+00 3.437185801300096958e-04
4.454999999999999899e-12 -0.000000000000000000e+00 3.265866785930288004e-17
4.457999999999999786e-12 -0.000000000000000000e+00 -3.396186062114917850e-04
4.460999999999999672e-12 0.000000000000000000e+00 -3.968573146426722939e-04
4.463999999999999558e-12 0.000000000000000000e+00 -1.281753939793188262e-04
4.466999999999999444e-12 0.000000000000000000e+00 2.423456425310817103e-04
4.470000000000000138e-12 -0.000000000000000000e+00 4.098366218726555411e-04
4.473000000000000025e-12 -0.000000000000000000e+00 2.394548741203627641e-04
4.475999999999999911e-12 -0.000000000000000000e+00 -1.251358054845383763e-04
4.478999999999999797e-12 -0.000000000000000000e+00 -3.828245564678132138e-04
4.481999999999999683e-12 0.000000000000000000e+00 -3.237019683003849384e-04
4.484999999999999570e-12 0.000000000000000000e+00 -3.977070161603356192e-17
4.487999999999999456e-12 0.000000000000000000e+00 3.198407582752933048e-04
4.491000000000000150e-12 -0.000000000000000000e+00 3.737461438239606578e-04
4.494000000000000036e-12 -0.000000000000000000e+00 1.207110401279275414e-04
4.496999999999999922e-12 -0.000000000000000000e+00 -2.282325310044446313e-04
4.499999999999999809e-12 -0.000000000000000000e+00 -3.859695950436464675e-04
4.502999999999999695e-12 0.000000000000000000e+00 -2.255101078404559941e-04
4.505999999999999581e-12 0.000000000000000000e+00 1.178484634868144670e-04
4.508999999999999467e-12 0.000000000000000000e+00 3.605305898664994146e-04
4.512000000000000161e-12 -0.000000000000000000e+00 3.048510331967276736e-04
4.515000000000000048e-12 -0.000000000000000000e+00 6.003272542322695830e-17
4.517999999999999934e-12 -0.000000000000000000e+00 -3.012146825383491965e-04
4.520999999999999820e-12 0.000000000000000000e+00 -3.519808628172880496e-04
4.523999999999999706e-12 0.000000000000000000e+00 -1.136813764045662323e-04
4.526999999999999592e-12 0.000000000000000000e+00 2.149413031101350419e-04
4.529999999999999479e-12 0.000000000000000000e+00 3.634924756539769622e-04
4.532999999999999365e-12 -0.000000000000000000e+00 2.123774215289120121e-04
4.536000000000000059e-12 -0.000000000000000000e+00 -1.109855032492639660e-04
4.538999999999999945e-12 -0.000000000000000000e+00 -3.395349228084687510e-04
4.541999999999999832e-12 0.000000000000000000e+00 -2.870978910911942605e-04
4.544999999999999718e-12 0.000000000000000000e+00 -6.428614676541433613e-17
4.547999999999999604e-12 0.000000000000000000e+00 2.836733050094483819e-04
4.550999999999999490e-12 -0.000000000000000000e+00 3.314830931016989144e-04
4.553999999999999376e-12 -0.000000000000000000e+00 1.070610884268569389e-04
4.557000000000000071e-12 -0.000000000000000000e+00 -2.024240960715087249e-04
4.559999999999999957e-12 -0.000000000000000000e+00 -3.423243217956450056e-04
4.562999999999999843e-12 0.000000000000000000e+00 -2.000095233299854823e-04
4.565999999999999729e-12 0.000000000000000000e+00 1.045222107021718557e-04
4.568999999999999615e-12 0.000000000000000000e+00 3.197619482142827034e-04
4.571999999999999502e-12 -0.000000000000000000e+00 2.703786114965012677e-04
4.574999999999999388e-12 -0.000000000000000000e+00 3.410941832147814779e-17
4.578000000000000082e-12 -0.000000000000000000e+00 -2.671534577825382308e-04
4.580999999999999968e-12 0.000000000000000000e+00 -3.121790205659732346e-04
4.583999999999999854e-12 0.000000000000000000e+00 -1.008263360073133493e-04
4.586999999999999741e-12 0.000000000000000000e+00 1.906358344230178032e-04
4.589999999999999627e-12 0.000000000000000000e+00 3.223889052504178704e-04
4.592999999999999513e-12 -0.000000000000000000e+00 1.883618754512524605e-04
4.595999999999999399e-12 -0.000000000000000000e+00 -9.843531101114415434e-05
4.599000000000000093e-12 -0.000000000000000000e+00 -3.011404620180195254e-04
4.601999999999999980e-12 0.000000000000000000e+00 -2.546329869471516331e-04
4.604999999999999866e-12 0.000000000000000000e+00 -2.221438336233157454e-17
4.607999999999999752e-12 0.000000000000000000e+00 2.515956515639959732e-04
4.610999999999999638e-12 -0.000000000000000000e+00 2.939991296981017341e-04
4.613999999999999525e-12 -0.000000000000000000e+00 9.495466730293677026e-05
4.616999999999999411e-12 -0.000000000000000000e+00 -1.795340676898363674e-04
4.620000000000000105e-12 0.000000000000000000e+00 -3.036144369858990283e-04
4.622999999999999991e-12 0.000000000000000000e+00 -1.773925337794115523e-04
4.625999999999999877e-12 0.000000000000000000e+00 9.270288476262181720e-05
4.628999999999999764e-12 0.000000000000000000e+00 2.836034067557451901e-04
4.631999999999999650e-12 -0.000000000000000000e+00 2.398043161874602574e-04
4.634999999999999536e-12 -0.000000000000000000e+00 3.690835976585485234e-17
4.637999999999999422e-12 -0.000000000000000000e+00 -2.369438614469856423e-04
4.641000000000000116e-12 0.000000000000000000e+00 -2.768779532543185515e-04
4.644000000000000003e-12 0.000000000000000000e+00 -8.942493796421819316e-05
4.646999999999999889e-12 0.000000000000000000e+00 1.690788175203882687e-04
4.649999999999999775e-12 0.000000000000000000e+00 2.859333086374747234e-04
4.652999999999999661e-12 -0.000000000000000000e+00 1.670619968361156918e-04
4.655999999999999548e-12 -0.000000000000000000e+00 -8.730428903036634820e-05
4.658999999999999434e-12 -0.000000000000000000e+00 -2.670876300862260865e-04
4.662000000000000128e-12 0.000000000000000000e+00 -2.258391999857877537e-04
4.665000000000000014e-12 0.000000000000000000e+00 -5.296730961193891958e-17
4.667999999999999900e-12 0.000000000000000000e+00 2.231453251612635887e-04
4.670999999999999787e-12 -0.000000000000000000e+00 2.607538365063208786e-04
4.673999999999999673e-12 -0.000000000000000000e+00 8.421723499268393221e-05
4.676999999999999559e-12 -0.000000000000000000e+00 -1.592324337210575865e-04
4.679999999999999445e-12 -0.000000000000000000e+00 -2.692818490451721262e-04
4.683000000000000139e-12 0.000000000000000000e+00 -1.573330635300193591e-04
4.686000000000000026e-12 0.000000000000000000e+00 8.222008303858759819e-05
4.688999999999999912e-12 0.000000000000000000e+00 2.515336573742762896e-04
4.691999999999999798e-12 -0.000000000000000000e+00 2.126873488396488227e-04
4.694999999999999684e-12 -0.000000000000000000e+00 3.936419313177364982e-17
4.697999999999999571e-12 -0.000000000000000000e+00 -2.101503530720081117e-04
4.700999999999999457e-12 0.000000000000000000e+00 -2.455687152176705607e-04
4.703999999999999343e-12 0.000000000000000000e+00 -7.931280503262231284e-05
4.707000000000000037e-12 0.000000000000000000e+00 1.499594586748094970e-04
4.709999999999999923e-12 0.000000000000000000e+00 2.536000949687267688e-04
4.712999999999999810e-12 -0.000000000000000000e+00 1.481706991927117165e-04
4.715999999999999696e-12 -0.000000000000000000e+00 -7.743195815411035865e-05
4.718999999999999582e-12 -0.000000000000000000e+00 -2.368854775178275455e-04
4.721999999999999468e-12 0.000000000000000000e+00 -2.003014018792299324e-04
4.724999999999999355e-12 0.000000000000000000e+00 -2.286889931634637998e-17
4.728000000000000049e-12 0.000000000000000000e+00 1.979121492434294486e-04
4.730999999999999935e-12 -0.000000000000000000e+00 2.312679065498469977e-04
4.733999999999999821e-12 -0.000000000000000000e+00 7.469398683879812186e-05
4.736999999999999707e-12 -0.000000000000000000e+00 -1.412264996554311988e-04
4.739999999999999594e-12 -0.000000000000000000e+00 -2.388315751551420231e-04
4.742999999999999480e-12 0.000000000000000000e+00 -1.395419094160742094e-04
4.745999999999999366e-12 0.000000000000000000e+00 7.292267195551976802e-05
4.749000000000000060e-12 0.000000000000000000e+00 2.230903412474571110e-04
4.751999999999999946e-12 -0.000000000000000000e+00 1.886367563170654276e-04
4.754999999999999833e-12 -0.000000000000000000e+00 2.588135095085042120e-17
4.757999999999999719e-12 -0.000000000000000000e+00 -1.863866429228913310e-04
4.760999999999999605e-12 0.000000000000000000e+00 -2.177999121449241196e-04
4.763999999999999491e-12 0.000000000000000000e+00 -7.034414767679486775e-05
4.766999999999999378e-12 0.000000000000000000e+00 1.330021085777281732e-04
4.770000000000000072e-12 0.000000000000000000e+00 2.249231069811747882e-04
4.772999999999999958e-12 -0.000000000000000000e+00 1.314156212366913632e-04
4.775999999999999844e-12 -0.000000000000000000e+00 -6.867598614190052210e-05
4.778999999999999730e-12 -0.000000000000000000e+00 -2.100985711720617212e-04
4.781999999999999617e-12 0.000000000000000000e+00 -1.776514068297931038e-04
4.784999999999999503e-12 0.000000000000000000e+00 -3.244049587463127412e-17
4.787999999999999389e-12 0.000000000000000000e+00 1.755323298386080315e-04
4.791000000000000083e-12 -0.000000000000000000e+00 2.051162326758600304e-04
4.793999999999999969e-12 -0.000000000000000000e+00 6.624762342722681204e-05
4.796999999999999856e-12 -0.000000000000000000e+00 -1.252566687504213811e-04
4.799999999999999742e-12 -0.000000000000000000e+00 -2.118246049384494819e-04
4.802999999999999628e-12 0.000000000000000000e+00 -1.237625712396644290e-04
4.805999999999999514e-12 0.000000000000000000e+00 6.467660805736060901e-05
4.808999999999999401e-12 0.000000000000000000e+00 1.978633828865754719e-04
4.812000000000000095e-12 -0.000000000000000000e+00 1.673057942936505987e-04
4.814999999999999981e-12 -0.000000000000000000e+00 3.298779055412798861e-17
4.817999999999999867e-12 -0.000000000000000000e+00 -1.653101227394149328e-04
4.820999999999999753e-12 0.000000000000000000e+00 -1.931711931965416479e-04
4.823999999999999640e-12 0.000000000000000000e+00 -6.238966217800554534e-05
4.826999999999999526e-12 0.000000000000000000e+00 1.179622882240614727e-04
4.829999999999999412e-12 0.000000000000000000e+00 1.994889002715276804e-04
4.833000000000000106e-12 -0.000000000000000000e+00 1.165552001787047192e-04
4.835999999999999992e-12 -0.000000000000000000e+00 -6.091013562095886485e-05
4.838999999999999879e-12 -0.000000000000000000e+00 -1.863407164975793744e-04
4.841999999999999765e-12 0.000000000000000000e+00 -1.575626633288959957e-04
4.844999999999999651e-12 0.000000000000000000e+00 -2.230575453539916731e-17
4.847999999999999537e-12 0.000000000000000000e+00 1.556832106384432586e-04
4.850999999999999424e-12 -0.000000000000000000e+00 1.819217786626492331e-04
4.854000000000000118e-12 -0.000000000000000000e+00 5.875637110154106229e-05
4.857000000000000004e-12 -0.000000000000000000e+00 -1.110926993498667539e-04
4.859999999999999890e-12 -0.000000000000000000e+00 -1.878715711194469729e-04
4.862999999999999776e-12 0.000000000000000000e+00 -1.097675537331125256e-04
4.865999999999999663e-12 0.000000000000000000e+00 5.736300546362610594e-05
4.868999999999999549e-12 0.000000000000000000e+00 1.754890779600948140e-04
4.871999999999999435e-12 -0.000000000000000000e+00 1.483869281402280566e-04
4.875000000000000129e-12 -0.000000000000000000e+00 2.309173309556224590e-17
4.878000000000000015e-12 -0.000000000000000000e+00 -1.466169262538080762e-04
4.880999999999999902e-12 0.000000000000000000e+00 -1.713274790310457141e-04
4.883999999999999788e-12 0.000000000000000000e+00 -5.533466642554930962e-05
4.886999999999999674e-12 0.000000000000000000e+00 1.046231641878374839e-04
4.889999999999999560e-12 0.000000000000000000e+00 1.769307825490443653e-04
4.892999999999999447e-12 -0.000000000000000000e+00 1.033751890441521234e-04
4.896000000000000141e-12 -0.000000000000000000e+00 -5.402244408543708956e-05
4.899000000000000027e-12 -0.000000000000000000e+00 -1.652693896542160173e-04
4.901999999999999913e-12 0.000000000000000000e+00 -1.397455461699839523e-04
4.904999999999999799e-12 0.000000000000000000e+00 -2.701043758947140378e-17
4.907999999999999686e-12 0.000000000000000000e+00 1.380786211689707000e-04
4.910999999999999572e-12 -0.000000000000000000e+00 1.613501433798395954e-04
4.913999999999999458e-12 -0.000000000000000000e+00 5.211222631730187937e-05
4.916999999999999344e-12 -0.000000000000000000e+00 -9.853038542346414738e-05
4.920000000000000038e-12 -0.000000000000000000e+00 -1.666271359039979373e-04
4.922999999999999925e-12 0.000000000000000000e+00 -9.735508669435264360e-05
4.925999999999999811e-12 0.000000000000000000e+00 5.087642185720124956e-05
4.928999999999999697e-12 0.000000000000000000e+00 1.556448496634576498e-04
4.931999999999999583e-12 -0.000000000000000000e+00 1.316073991092529458e-04
4.934999999999999470e-12 -0.000000000000000000e+00 2.445111238466992088e-17
4.937999999999999356e-12 -0.000000000000000000e+00 -1.300375482631553365e-04
4.941000000000000050e-12 0.000000000000000000e+00 -1.519538425238678924e-04
4.943999999999999936e-12 0.000000000000000000e+00 -4.907744651174669623e-05
4.946999999999999822e-12 0.000000000000000000e+00 9.279242247221201455e-05
4.949999999999999709e-12 0.000000000000000000e+00 1.569235269271109141e-04
4.952999999999999595e-12 -0.000000000000000000e+00 9.168556781275560917e-05
4.955999999999999481e-12 -0.000000000000000000e+00 -4.791360970079302682e-05
4.958999999999999367e-12 -0.000000000000000000e+00 -1.465807992481027010e-04
4.962000000000000061e-12 0.000000000000000000e+00 -1.239431808383571765e-04
4.964999999999999948e-12 0.000000000000000000e+00 -1.174678989263894438e-17
4.967999999999999834e-12 0.000000000000000000e+00 1.224647509884979493e-04
4.970999999999999720e-12 -0.000000000000000000e+00 1.431047396308233479e-04
4.973999999999999606e-12 -0.000000000000000000e+00 4.621939852363242174e-05
4.976999999999999493e-12 -0.000000000000000000e+00 -8.738861246970294912e-05
4.979999999999999379e-12 -0.000000000000000000e+00 -1.477850121449070372e-04
4.983000000000000073e-12 0.000000000000000000e+00 -8.634621600758290375e-05
4.985999999999999959e-12 0.000000000000000000e+00 4.512333829220895119e-05
4.988999999999999845e-12 0.000000000000000000e+00 1.380445980362969788e-04
4.991999999999999732e-12 -0.000000000000000000e+00 1.167252918931836601e-04
4.994999999999999618e-12 -0.000000000000000000e+00 1.217334409343919204e-17
4.997999999999999504e-12 -0.000000000000000000e+00 -1.153329590951923981e-04
5.000999999999999390e-12 0.000000000000000000e+00 -1.347709683721186975e-04
5.004000000000000084e-12 0.000000000000000000e+00 -4.352779029315793316e-05
5.006999999999999971e-12 0.000000000000000000e+00 8.229949586309906842e-05
5.009999999999999857e-12 0.000000000000000000e+00 1.391786830333899673e-04
5.012999999999999743e-12 -0.000000000000000000e+00 8.131780384515158286e-05
5.015999999999999629e-12 -0.000000000000000000e+00 -4.249555964051814392e-05
5.018999999999999516e-12 -0.000000000000000000e+00 -1.300055064834739350e-04
5.021999999999999402e-12 0.000000000000000000e+00 -1.099277400772729496e-04
5.025000000000000096e-12 0.000000000000000000e+00 -2.052028722494567344e-17
5.027999999999999982e-12 0.000000000000000000e+00 1.086164904291676999e-04
5.030999999999999868e-12 -0.000000000000000000e+00 1.269225181696661262e-04
5.033999999999999755e-12 -0.000000000000000000e+00 4.099292912339642161e-05
5.036999999999999641e-12 -0.000000000000000000e+00 -7.750674633572171221e-05
5.039999999999999527e-12 -0.000000000000000000e+00 -1.310735475118076981e-04
5.042999999999999413e-12 0.000000000000000000e+00 -7.658222361032930180e-05
5.046000000000000107e-12 0.000000000000000000e+00 4.002081090424658942e-05
5.048999999999999994e-12 0.000000000000000000e+00 1.224345751767886713e-04
5.051999999999999880e-12 -0.000000000000000000e+00 1.035260468618452397e-04
5.054999999999999766e-12 -0.000000000000000000e+00 2.423060950272618496e-17
5.057999999999999652e-12 -0.000000000000000000e+00 -1.022911584485796966e-04
5.060999999999999539e-12 0.000000000000000000e+00 -1.195311261253938521e-04
5.063999999999999425e-12 0.000000000000000000e+00 -3.860568677614904630e-05
5.067000000000000119e-12 0.000000000000000000e+00 7.299310481249295123e-05
5.070000000000000005e-12 0.000000000000000000e+00 1.234404183376903595e-04
5.072999999999999891e-12 -0.000000000000000000e+00 7.212242209922486080e-05
5.075999999999999778e-12 -0.000000000000000000e+00 -3.769018031490454812e-05
5.078999999999999664e-12 -0.000000000000000000e+00 -1.153045405859560779e-04
5.081999999999999550e-12 0.000000000000000000e+00 -9.749715923666396676e-05
5.084999999999999436e-12 0.000000000000000000e+00 -1.578390396797243446e-17
5.087999999999999323e-12 0.000000000000000000e+00 9.633418512612475996e-05
5.091000000000000017e-12 -0.000000000000000000e+00 1.125701752442800668e-04
5.093999999999999903e-12 -0.000000000000000000e+00 3.635746660043122998e-05
5.096999999999999789e-12 -0.000000000000000000e+00 -6.874231730861216560e-05
5.099999999999999675e-12 -0.000000000000000000e+00 -1.162518080012410243e-04
5.102999999999999562e-12 0.000000000000000000e+00 -6.792233920923632009e-05
5.105999999999999448e-12 0.000000000000000000e+00 3.549527508498098304e-05
5.108999999999999334e-12 0.000000000000000000e+00 1.085897268850829676e-04
5.112000000000000028e-12 -0.000000000000000000e+00 9.181936669430343107e-05
5.114999999999999914e-12 -0.000000000000000000e+00 9.264850477272258841e-18
5.117999999999999801e-12 -0.000000000000000000e+00 -9.072411892352743245e-05
5.120999999999999687e-12 0.000000000000000000e+00 -1.060145985844271338e-04
5.123999999999999573e-12 0.000000000000000000e+00 -3.424017257525887670e-05
5.126999999999999459e-12 0.000000000000000000e+00 6.473907639764679917e-05
5.129999999999999345e-12 0.000000000000000000e+00 1.094818297406158192e-04
5.133000000000000040e-12 -0.000000000000000000e+00 6.396685010533984536e-05
5.135999999999999926e-12 -0.000000000000000000e+00 -3.342819118484946538e-05
5.138999999999999812e-12 -0.000000000000000000e+00 -1.022659534919711128e-04
5.141999999999999698e-12 0.000000000000000000e+00 -8.647222304886512557e-05
5.144999999999999585e-12 0.000000000000000000e+00 -1.358866491707804557e-17
5.147999999999999471e-12 0.000000000000000000e+00 8.544075754285524978e-05
5.150999999999999357e-12 -0.000000000000000000e+00 9.984078898898676702e-05
5.154000000000000051e-12 -0.000000000000000000e+00 3.224618015518864844e-05
5.156999999999999937e-12 -0.000000000000000000e+00 -6.096896608830016138e-05
5.159999999999999824e-12 -0.000000000000000000e+00 -1.031061043216213811e-04
5.162999999999999710e-12 0.000000000000000000e+00 -6.024171075431402077e-05
5.165999999999999596e-12 0.000000000000000000e+00 3.148148487975885421e-05
5.168999999999999482e-12 0.000000000000000000e+00 9.631044799191239725e-05
5.171999999999999368e-12 -0.000000000000000000e+00 8.143647280761074172e-05
5.175000000000000063e-12 -0.000000000000000000e+00 1.871803745413282386e-17
5.177999999999999949e-12 -0.000000000000000000e+00 -8.046507517642783670e-05
5.180999999999999835e-12 0.000000000000000000e+00 -9.402651407489705541e-05
5.183999999999999721e-12 0.000000000000000000e+00 -3.036830881372920129e-05
5.186999999999999607e-12 0.000000000000000000e+00 5.741840991125729971e-05
5.189999999999999494e-12 0.000000000000000000e+00 9.710167224613885939e-05
5.192999999999999380e-12 -0.000000000000000000e+00 5.673350663085520890e-05
5.196000000000000074e-12 -0.000000000000000000e+00 -2.964814592432271287e-05
5.198999999999999960e-12 -0.000000000000000000e+00 -9.070176413239085093e-05
5.201999999999999846e-12 0.000000000000000000e+00 -7.669398183040436500e-05
5.204999999999999733e-12 0.000000000000000000e+00 -1.712556843781189925e-17
5.207999999999999619e-12 0.000000000000000000e+00 7.577915399334920771e-05
5.210999999999999505e-12 -0.000000000000000000e+00 8.855083617229538289e-05
5.213999999999999391e-12 -0.000000000000000000e+00 2.859979618569995181e-05
5.217000000000000086e-12 -0.000000000000000000e+00 -5.407462202922726398e-05
5.219999999999999972e-12 -0.000000000000000000e+00 -9.144691107313413620e-05
5.222999999999999858e-12 0.000000000000000000e+00 -5.342960441080051530e-05
5.225999999999999744e-12 0.000000000000000000e+00 2.792157231806374876e-05
5.228999999999999630e-12 0.000000000000000000e+00 8.541970459341141045e-05
5.231999999999999517e-12 -0.000000000000000000e+00 7.222767202722538355e-05
5.234999999999999403e-12 -0.000000000000000000e+00 9.155764484936458961e-18
5.238000000000000097e-12 -0.000000000000000000e+00 -7.136611961595985842e-05
5.240999999999999983e-12 0.000000000000000000e+00 -8.339403692629600003e-05
5.243999999999999869e-12 0.000000000000000000e+00 -2.693427371542563345e-05
5.246999999999999756e-12 0.000000000000000000e+00 5.092556119410411770e-05
5.249999999999999642e-12 0.000000000000000000e+00 8.612145755451193604e-05
5.252999999999999528e-12 -0.000000000000000000e+00 5.031810647752737195e-05
5.255999999999999414e-12 -0.000000000000000000e+00 -2.629554653106214805e-05
5.259000000000000108e-12 -0.000000000000000000e+00 -8.044524825532018396e-05
5.261999999999999995e-12 0.000000000000000000e+00 -6.802145985859752234e-05
5.264999999999999881e-12 0.000000000000000000e+00 -9.725901957700067795e-18
5.267999999999999767e-12 0.000000000000000000e+00 6.721008035384232920e-05
5.270999999999999653e-12 -0.000000000000000000e+00 7.853754628960293361e-05
5.273999999999999540e-12 -0.000000000000000000e+00 2.536574372304156515e-05
5.276999999999999426e-12 -0.000000000000000000e+00 -4.795988738547959088e-05
5.280000000000000120e-12 -0.000000000000000000e+00 -8.110613430542181086e-05
5.283000000000000006e-12 0.000000000000000000e+00 -4.738780807765504116e-05
5.285999999999999892e-12 0.000000000000000000e+00 2.476421311416491470e-05
5.288999999999999779e-12 0.000000000000000000e+00 7.576048170224020909e-05
5.291999999999999665e-12 -0.000000000000000000e+00 6.406019841745509388e-05
5.294999999999999551e-12 -0.000000000000000000e+00 1.375042918776404108e-17
5.297999999999999437e-12 -0.000000000000000000e+00 -6.329606997659396222e-05
5.300999999999999324e-12 0.000000000000000000e+00 -7.396387565028110869e-05
5.304000000000000018e-12 0.000000000000000000e+00 -2.388855780635222416e-05
5.306999999999999904e-12 0.000000000000000000e+00 4.516692097433586421e-05
5.309999999999999790e-12 0.000000000000000000e+00 7.638288074496709875e-05
5.312999999999999676e-12 -0.000000000000000000e+00 4.462815697183590693e-05
5.315999999999999563e-12 -0.000000000000000000e+00 -2.332205761303891370e-05
5.318999999999999449e-12 -0.000000000000000000e+00 -7.134853471442697409e-05
5.321999999999999335e-12 0.000000000000000000e+00 -6.032962288393035910e-05
5.325000000000000029e-12 0.000000000000000000e+00 -1.521213486711833339e-17
5.327999999999999915e-12 0.000000000000000000e+00 5.960999381922149561e-05
5.330999999999999802e-12 -0.000000000000000000e+00 6.965655485386993361e-05
5.333999999999999688e-12 -0.000000000000000000e+00 2.249739650049957618e-05
5.336999999999999574e-12 -0.000000000000000000e+00 -4.253660426483198593e-05
5.339999999999999460e-12 -0.000000000000000000e+00 -7.193468805860423919e-05
5.342999999999999347e-12 0.000000000000000000e+00 -4.202921543530326411e-05
5.346000000000000041e-12 0.000000000000000000e+00 2.196388671017106102e-05
5.348999999999999927e-12 0.000000000000000000e+00 6.719351951725199064e-05
5.351999999999999813e-12 -0.000000000000000000e+00 5.681629915659495598e-05
5.354999999999999699e-12 -0.000000000000000000e+00 9.692103947254145813e-18
5.357999999999999586e-12 -0.000000000000000000e+00 -5.613857802612113879e-05
5.360999999999999472e-12 0.000000000000000000e+00 -6.560007289303795516e-05
5.363999999999999358e-12 0.000000000000000000e+00 -2.118725012214784590e-05
5.367000000000000052e-12 0.000000000000000000e+00 4.005946527573064664e-05
5.369999999999999938e-12 -0.000000000000000000e+00 6.774553794803905632e-05
5.372999999999999825e-12 -0.000000000000000000e+00 3.958162447133661951e-05
5.375999999999999711e-12 -0.000000000000000000e+00 -2.068480952330462911e-05
5.378999999999999597e-12 -0.000000000000000000e+00 -6.328047356804928107e-05
5.381999999999999483e-12 0.000000000000000000e+00 -5.350757547519211134e-05
5.384999999999999370e-12 0.000000000000000000e+00 -7.599191286606375799e-18
5.388000000000000064e-12 0.000000000000000000e+00 5.286932175085321288e-05
5.390999999999999950e-12 -0.000000000000000000e+00 6.177982205120437611e-05
5.393999999999999836e-12 -0.000000000000000000e+00 1.995340072921767882e-05
5.396999999999999722e-12 -0.000000000000000000e+00 -3.772658363103223997e-05
5.399999999999999609e-12 -0.000000000000000000e+00 -6.380034494804924278e-05
5.402999999999999495e-12 0.000000000000000000e+00 -3.727657010875682080e-05
5.405999999999999381e-12 0.000000000000000000e+00 1.948021999299219995e-05
5.409000000000000075e-12 0.000000000000000000e+00 5.959530567480418849e-05
5.411999999999999961e-12 -0.000000000000000000e+00 5.039153686062043186e-05
5.414999999999999848e-12 -0.000000000000000000e+00 9.969014543183487525e-18
5.417999999999999734e-12 -0.000000000000000000e+00 -4.979045213960689881e-05
5.420999999999999620e-12 0.000000000000000000e+00 -5.818204529897233647e-05
5.423999999999999506e-12 0.000000000000000000e+00 -1.879140513117469490e-05
5.426999999999999393e-12 0.000000000000000000e+00 3.552955843700423113e-05
5.430000000000000087e-12 0.000000000000000000e+00 6.008490210251491033e-05
5.432999999999999973e-12 -0.000000000000000000e+00 3.510575166209726691e-05
5.435999999999999859e-12 -0.000000000000000000e+00 -1.834578029581604335e-05
5.438999999999999745e-12 -0.000000000000000000e+00 -5.612474525264265839e-05
5.441999999999999632e-12 0.000000000000000000e+00 -4.745696220813828145e-05
5.444999999999999518e-12 0.000000000000000000e+00 -1.236447766975405699e-17
5.447999999999999404e-12 0.000000000000000000e+00 4.689088193620474392e-05
5.451000000000000098e-12 -0.000000000000000000e+00 5.479378675396573629e-05
5.453999999999999984e-12 -0.000000000000000000e+00 1.769707888875563895e-05
5.456999999999999871e-12 -0.000000000000000000e+00 -3.346047802987845945e-05
5.459999999999999757e-12 -0.000000000000000000e+00 -5.658582980403061144e-05
5.462999999999999643e-12 0.000000000000000000e+00 -3.306135184018035676e-05
5.465999999999999529e-12 0.000000000000000000e+00 1.727740522352810043e-05
5.468999999999999416e-12 0.000000000000000000e+00 5.285629453539003169e-05
5.471999999999999302e-12 -0.000000000000000000e+00 4.469328387927222875e-05
5.474999999999999996e-12 -0.000000000000000000e+00 1.020303662930559008e-17
5.477999999999999882e-12 -0.000000000000000000e+00 -4.416016955600503686e-05
5.480999999999999768e-12 0.000000000000000000e+00 -5.160284502566239094e-05
5.483999999999999655e-12 0.000000000000000000e+00 -1.666648124546979756e-05
5.486999999999999541e-12 0.000000000000000000e+00 3.151189148531684551e-05
5.489999999999999427e-12 0.000000000000000000e+00 5.329052761287011433e-05
5.492999999999999313e-12 -0.000000000000000000e+00 3.113600859542907775e-05
5.496000000000000007e-12 -0.000000000000000000e+00 -1.627124747188506314e-05
5.498999999999999894e-12 -0.000000000000000000e+00 -4.977818357011360155e-05
5.501999999999999780e-12 0.000000000000000000e+00 -4.209054964690880316e-05
5.504999999999999666e-12 0.000000000000000000e+00 -6.909944963236794679e-18
5.507999999999999552e-12 0.000000000000000000e+00 4.158848148491303817e-05
5.510999999999999439e-12 -0.000000000000000000e+00 4.859772927721174888e-05
5.513999999999999325e-12 -0.000000000000000000e+00 1.569590093662886346e-05
5.517000000000000019e-12 -0.000000000000000000e+00 -2.967678178702707486e-05
5.519999999999999905e-12 -0.000000000000000000e+00 -5.018712888179220047e-05
5.522999999999999791e-12 0.000000000000000000e+00 -2.932278861254880329e-05
5.525999999999999678e-12 0.000000000000000000e+00 1.532368378619318680e-05
5.528999999999999564e-12 0.000000000000000000e+00 4.687932783257815799e-05
5.531999999999999450e-12 -0.000000000000000000e+00 3.963938685652560519e-05
5.534999999999999336e-12 -0.000000000000000000e+00 7.594063312607683944e-18
5.538000000000000030e-12 -0.000000000000000000e+00 -3.916655686811501287e-05
5.540999999999999917e-12 0.000000000000000000e+00 -4.576761784600677551e-05
5.543999999999999803e-12 0.000000000000000000e+00 -1.478184282477012404e-05
5.546999999999999689e-12 0.000000000000000000e+00 2.794854055793954313e-05
5.549999999999999575e-12 0.000000000000000000e+00 4.726445802329326339e-05
5.552999999999999462e-12 -0.000000000000000000e+00 2.761516234108778308e-05
5.555999999999999348e-12 -0.000000000000000000e+00 -1.443130191369502088e-05
5.559000000000000042e-12 -0.000000000000000000e+00 -4.414928831099046555e-05
5.561999999999999928e-12 0.000000000000000000e+00 -3.733096867450259990e-05
5.564999999999999814e-12 0.000000000000000000e+00 -9.058332978961319868e-18
5.567999999999999701e-12 0.000000000000000000e+00 3.688567416100041132e-05
5.570999999999999587e-12 -0.000000000000000000e+00 4.310231927400777328e-05
5.573999999999999473e-12 -0.000000000000000000e+00 1.392101531338740509e-05
5.576999999999999359e-12 -0.000000000000000000e+00 -2.632094426290719315e-05
5.580000000000000053e-12 -0.000000000000000000e+00 -4.451199026541991806e-05
5.582999999999999940e-12 0.000000000000000000e+00 -2.600698048200992841e-05
5.585999999999999826e-12 0.000000000000000000e+00 1.359088831576309435e-05
5.588999999999999712e-12 0.000000000000000000e+00 4.157823391427699361e-05
5.591999999999999598e-12 -0.000000000000000000e+00 3.515698230199284618e-05
5.594999999999999485e-12 -0.000000000000000000e+00 9.608890914639015745e-18
5.597999999999999371e-12 -0.000000000000000000e+00 -3.473761972217560460e-05
5.601000000000000065e-12 0.000000000000000000e+00 -4.059223560748644933e-05
5.603999999999999951e-12 0.000000000000000000e+00 -1.311031849363173298e-05
5.606999999999999837e-12 0.000000000000000000e+00 2.478813179725473408e-05
5.609999999999999724e-12 0.000000000000000000e+00 4.191981375122062596e-05
5.612999999999999610e-12 -0.000000000000000000e+00 2.449245184357408720e-05
5.615999999999999496e-12 -0.000000000000000000e+00 -1.279941659569199200e-05
5.618999999999999382e-12 -0.000000000000000000e+00 -3.915690606953683864e-05
5.622000000000000076e-12 0.000000000000000000e+00 -3.310959903986488350e-05
5.624999999999999963e-12 0.000000000000000000e+00 -6.735593847281283915e-18
5.627999999999999849e-12 0.000000000000000000e+00 3.271465823548303214e-05
5.630999999999999735e-12 -0.000000000000000000e+00 3.822832783402547741e-05
5.633999999999999621e-12 -0.000000000000000000e+00 1.234683298129386219e-05
5.636999999999999508e-12 -0.000000000000000000e+00 -2.334458338046782003e-05
5.639999999999999394e-12 -0.000000000000000000e+00 -3.947859384535632951e-05
5.643000000000000088e-12 0.000000000000000000e+00 -2.306612248679673925e-05
5.645999999999999974e-12 0.000000000000000000e+00 1.205403660039314856e-05
5.648999999999999860e-12 0.000000000000000000e+00 3.687658538117913527e-05
5.651999999999999747e-12 -0.000000000000000000e+00 3.118144609693905680e-05
5.654999999999999633e-12 -0.000000000000000000e+00 6.338175862382692841e-18
5.657999999999999519e-12 -0.000000000000000000e+00 -3.080950485450701146e-05
5.660999999999999405e-12 0.000000000000000000e+00 -3.600208333231625214e-05
5.664000000000000099e-12 0.000000000000000000e+00 -1.162780940387136587e-05
5.666999999999999986e-12 0.000000000000000000e+00 2.198510067902369175e-05
5.669999999999999872e-12 0.000000000000000000e+00 3.717953951933332721e-05
5.672999999999999758e-12 -0.000000000000000000e+00 2.172285608537589442e-05
5.675999999999999644e-12 -0.000000000000000000e+00 -1.135206415677530801e-05
5.678999999999999531e-12 -0.000000000000000000e+00 -3.472906023168494084e-05
5.681999999999999417e-12 0.000000000000000000e+00 -2.936558003996654910e-05
5.684999999999999303e-12 0.000000000000000000e+00 -7.290580487776031570e-18
5.687999999999999997e-12 0.000000000000000000e+00 2.901529896926529476e-05
5.690999999999999883e-12 -0.000000000000000000e+00 3.390548521752002073e-05
5.693999999999999770e-12 -0.000000000000000000e+00 1.095065849984443885e-05
5.696999999999999656e-12 -0.000000000000000000e+00 -2.070478808678239728e-05
5.699999999999999542e-12 -0.000000000000000000e+00 -3.501437169430174844e-05
5.702999999999999428e-12 0.000000000000000000e+00 -2.045781542936228191e-05
5.705999999999999315e-12 0.000000000000000000e+00 1.069097140582322977e-05
5.709000000000000009e-12 0.000000000000000000e+00 3.270659721091165924e-05
5.711999999999999895e-12 -0.000000000000000000e+00 2.765546178977001303e-05
5.714999999999999781e-12 -0.000000000000000000e+00 6.904816989238103594e-18
5.717999999999999667e-12 -0.000000000000000000e+00 -2.732557950059768203e-05
5.720999999999999554e-12 0.000000000000000000e+00 -3.193098347182511725e-05
5.723999999999999440e-12 0.000000000000000000e+00 -1.031294179454556097e-05
5.726999999999999326e-12 0.000000000000000000e+00 1.949903509551026952e-05
5.730000000000000020e-12 0.000000000000000000e+00 3.297529342742962699e-05
5.732999999999999906e-12 -0.000000000000000000e+00 1.926644500598458473e-05
5.735999999999999793e-12 -0.000000000000000000e+00 -1.006837769956968188e-05
5.738999999999999679e-12 -0.000000000000000000e+00 -3.080191326746298881e-05
5.741999999999999565e-12 0.000000000000000000e+00 -2.604493307349846056e-05
5.744999999999999451e-12 0.000000000000000000e+00 -3.847961761699937022e-18
5.747999999999999338e-12 0.000000000000000000e+00 2.573426163330153556e-05
5.751000000000000032e-12 -0.000000000000000000e+00 3.007146775622926844e-05
5.753999999999999918e-12 -0.000000000000000000e+00 9.712362819019390575e-06
5.756999999999999804e-12 -0.000000000000000000e+00 -1.836349969206832228e-05
5.759999999999999690e-12 -0.000000000000000000e+00 -3.105496183448748802e-05
5.762999999999999577e-12 0.000000000000000000e+00 -1.814445459488647495e-05
5.765999999999999463e-12 0.000000000000000000e+00 9.482041028186829402e-06
5.768999999999999349e-12 0.000000000000000000e+00 2.900814948183556789e-05
5.772000000000000043e-12 -0.000000000000000000e+00 2.452819424819625621e-05
5.774999999999999929e-12 -0.000000000000000000e+00 3.403925831358695867e-18
5.777999999999999816e-12 -0.000000000000000000e+00 -2.423561490422146137e-05
5.780999999999999702e-12 0.000000000000000000e+00 -2.832024180563954402e-05
5.783999999999999588e-12 0.000000000000000000e+00 -9.146758840255799731e-06
5.786999999999999474e-12 0.000000000000000000e+00 1.729409272247431199e-05
5.789999999999999360e-12 0.000000000000000000e+00 2.924646164753291899e-05
5.793000000000000055e-12 -0.000000000000000000e+00 1.708780381869537613e-05
5.795999999999999941e-12 -0.000000000000000000e+00 -8.929849946335174487e-06
5.798999999999999827e-12 -0.000000000000000000e+00 -2.731884636690233564e-05
5.801999999999999713e-12 0.000000000000000000e+00 -2.309978341581765104e-05
5.804999999999999600e-12 0.000000000000000000e+00 -5.521662547954678271e-18
5.807999999999999486e-12 0.000000000000000000e+00 2.282424256640005830e-05
5.810999999999999372e-12 -0.000000000000000000e+00 2.667099931508174149e-05
5.814000000000000066e-12 -0.000000000000000000e+00 8.614093073003139105e-06
5.816999999999999952e-12 -0.000000000000000000e+00 -1.628696316654185681e-05
5.819999999999999839e-12 -0.000000000000000000e+00 -2.754328031247810769e-05
5.822999999999999725e-12 0.000000000000000000e+00 -1.609268759329409099e-05
5.825999999999999611e-12 0.000000000000000000e+00 8.409815969685933366e-06
5.828999999999999497e-12 0.000000000000000000e+00 2.572792060678468558e-05
5.831999999999999383e-12 -0.000000000000000000e+00 2.175455675449513955e-05
5.835000000000000078e-12 -0.000000000000000000e+00 6.318945959887599539e-18
5.837999999999999964e-12 -0.000000000000000000e+00 -2.149506215495866339e-05
5.840999999999999850e-12 0.000000000000000000e+00 -2.511780123019360876e-05
5.843999999999999736e-12 0.000000000000000000e+00 -8.112447345148372793e-06
5.846999999999999622e-12 0.000000000000000000e+00 1.533848427004180328e-05
5.849999999999999509e-12 0.000000000000000000e+00 2.593928453686080888e-05
5.852999999999999395e-12 -0.000000000000000000e+00 1.515552242541508206e-05
5.855999999999999281e-12 -0.000000000000000000e+00 -7.920066414221234969e-06
5.858999999999999975e-12 -0.000000000000000000e+00 -2.422964315034120277e-05
5.861999999999999861e-12 0.000000000000000000e+00 -2.048766999522821445e-05
5.864999999999999748e-12 0.000000000000000000e+00 -4.395606075787467317e-18
5.867999999999999634e-12 0.000000000000000000e+00 2.024328718473000592e-05
5.870999999999999520e-12 -0.000000000000000000e+00 2.365505436021444284e-05
5.873999999999999406e-12 -0.000000000000000000e+00 7.640015190228416787e-06
5.876999999999999293e-12 -0.000000000000000000e+00 -1.444524048446703797e-05
5.879999999999999987e-12 0.000000000000000000e+00 -2.442869820336592579e-05
5.882999999999999873e-12 0.000000000000000000e+00 -1.427293350819498462e-05
5.885999999999999759e-12 0.000000000000000000e+00 7.458837652547380065e-06
5.888999999999999645e-12 0.000000000000000000e+00 2.281861858039472201e-05
5.891999999999999532e-12 -0.000000000000000000e+00 1.929456097728334194e-05
5.894999999999999418e-12 -0.000000000000000000e+00 2.627620494874966943e-18
5.897999999999999304e-12 -0.000000000000000000e+00 -1.906440991374030661e-05
5.900999999999999998e-12 0.000000000000000000e+00 -2.227749123645749406e-05
5.903999999999999884e-12 0.000000000000000000e+00 -7.195095342201499171e-06
5.906999999999999771e-12 0.000000000000000000e+00 1.360401516736702379e-05
5.909999999999999657e-12 0.000000000000000000e+00 2.300608156956372859e-05
5.912999999999999543e-12 -0.000000000000000000e+00 1.344174256822454656e-05
5.915999999999999429e-12 -0.000000000000000000e+00 -7.024468762931793222e-06
5.918999999999999316e-12 -0.000000000000000000e+00 -2.148976568440256351e-05
5.922000000000000010e-12 0.000000000000000000e+00 -1.817093321948478604e-05
5.924999999999999896e-12 0.000000000000000000e+00 -3.249037707625491252e-18
5.927999999999999782e-12 0.000000000000000000e+00 1.795418511047232459e-05
5.930999999999999668e-12 -0.000000000000000000e+00 2.098015114373020403e-05
5.933999999999999555e-12 -0.000000000000000000e+00 6.776085609043727238e-06
5.936999999999999441e-12 -0.000000000000000000e+00 -1.281177899896765736e-05
5.939999999999999327e-12 -0.000000000000000000e+00 -2.166631167896158631e-05
5.943000000000000021e-12 0.000000000000000000e+00 -1.265895642032468736e-05
5.945999999999999907e-12 0.000000000000000000e+00 6.615395548198340978e-06
5.948999999999999794e-12 0.000000000000000000e+00 2.023829915660581042e-05
5.951999999999999680e-12 -0.000000000000000000e+00 1.711274044823947384e-05
5.954999999999999566e-12 -0.000000000000000000e+00 4.502477715714742464e-18
5.957999999999999452e-12 -0.000000000000000000e+00 -1.690861476644829703e-05
5.960999999999999339e-12 0.000000000000000000e+00 -1.975836225640240237e-05
5.964000000000000033e-12 0.000000000000000000e+00 -6.381477103129252428e-06
5.966999999999999919e-12 0.000000000000000000e+00 1.206567907334601227e-05
5.969999999999999805e-12 0.000000000000000000e+00 2.040456391282787456e-05
5.972999999999999691e-12 -0.000000000000000000e+00 1.192175618885105364e-05
5.975999999999999578e-12 -0.000000000000000000e+00 -6.230144902923321296e-06
5.978999999999999464e-12 -0.000000000000000000e+00 -1.905971236575870910e-05
5.981999999999999350e-12 0.000000000000000000e+00 -1.611617202658444757e-05
5.985000000000000044e-12 0.000000000000000000e+00 -4.472991865222266991e-18
5.987999999999999930e-12 0.000000000000000000e+00 1.592393369907955637e-05
5.990999999999999817e-12 -0.000000000000000000e+00 1.860772481478889363e-05
5.993999999999999703e-12 -0.000000000000000000e+00 6.009848807606398675e-06
5.996999999999999589e-12 -0.000000000000000000e+00 -1.136302862488738216e-05
5.999999999999999475e-12 -0.000000000000000000e+00 -1.921629461635399126e-05
6.002999999999999362e-12 0.000000000000000000e+00 -1.122748715669725981e-05
6.006000000000000056e-12 0.000000000000000000e+00 5.867329508665128836e-06
6.008999999999999942e-12 0.000000000000000000e+00 1.794976112638899002e-05
6.011999999999999828e-12 -0.000000000000000000e+00 1.517763923177882802e-05
6.014999999999999714e-12 -0.000000000000000000e+00 2.673597443567780350e-18
6.017999999999999601e-12 -0.000000000000000000e+00 -1.499659599294103961e-05
6.020999999999999487e-12 0.000000000000000000e+00 -1.752409528126334825e-05
6.023999999999999373e-12 0.000000000000000000e+00 -5.659862459206139966e-06
6.027000000000000067e-12 0.000000000000000000e+00 1.070129735302249250e-05
6.029999999999999953e-12 0.000000000000000000e+00 1.809722473658830681e-05
6.032999999999999840e-12 -0.000000000000000000e+00 1.057364920544968678e-05
6.035999999999999726e-12 -0.000000000000000000e+00 -5.525642838113671660e-06
6.038999999999999612e-12 -0.000000000000000000e+00 -1.690444841514273465e-05
6.041999999999999498e-12 0.000000000000000000e+00 -1.429376233202630164e-05
6.044999999999999385e-12 0.000000000000000000e+00 -2.535841414784749572e-18
6.048000000000000079e-12 0.000000000000000000e+00 1.412326223064364800e-05
6.050999999999999965e-12 -0.000000000000000000e+00 1.650357141904525404e-05
6.053999999999999851e-12 -0.000000000000000000e+00 5.330257729045730356e-06
6.056999999999999737e-12 -0.000000000000000000e+00 -1.007810231041534539e-05
6.059999999999999624e-12 -0.000000000000000000e+00 -1.704332441322268103e-05
6.062999999999999510e-12 0.000000000000000000e+00 -9.957887812254451480e-06
6.065999999999999396e-12 0.000000000000000000e+00 5.203854450188706232e-06
6.068999999999999282e-12 0.000000000000000000e+00 1.592000997718592386e-05
6.071999999999999976e-12 -0.000000000000000000e+00 1.346135841578550025e-05
6.074999999999999863e-12 -0.000000000000000000e+00 3.145545868742808149e-18
6.077999999999999749e-12 -0.000000000000000000e+00 -1.330078746732990933e-05
6.080999999999999635e-12 0.000000000000000000e+00 -1.554247823993196769e-05
6.083999999999999521e-12 0.000000000000000000e+00 -5.019847684079384309e-06
6.086999999999999408e-12 0.000000000000000000e+00 9.491199321782204691e-06
6.089999999999999294e-12 0.000000000000000000e+00 1.605079846674394297e-05
6.092999999999999988e-12 -0.000000000000000000e+00 9.377985570992746118e-06
6.095999999999999874e-12 -0.000000000000000000e+00 -4.900805559121813601e-06
6.098999999999999760e-12 -0.000000000000000000e+00 -1.499290077082115619e-05
6.101999999999999647e-12 0.000000000000000000e+00 -1.267742992985304137e-05
6.104999999999999533e-12 0.000000000000000000e+00 -3.232663154288760512e-18
6.107999999999999419e-12 0.000000000000000000e+00 1.252620990547325706e-05
6.110999999999999305e-12 -0.000000000000000000e+00 1.463735477037304757e-05
6.113999999999999999e-12 -0.000000000000000000e+00 4.727514512860904138e-06
6.116999999999999886e-12 -0.000000000000000000e+00 -8.938474902433684113e-06
6.119999999999999772e-12 -0.000000000000000000e+00 -1.511607273168801127e-05
6.122999999999999658e-12 0.000000000000000000e+00 -8.831854207225389218e-06
6.125999999999999544e-12 0.000000000000000000e+00 4.615404861574121949e-06
6.128999999999999431e-12 0.000000000000000000e+00 1.411978220150757520e-05
6.131999999999999317e-12 -0.000000000000000000e+00 1.193915388493453481e-05
6.135000000000000011e-12 -0.000000000000000000e+00 2.158818781017317957e-18
6.137999999999999897e-12 -0.000000000000000000e+00 -1.179674022920686597e-05
6.140999999999999783e-12 0.000000000000000000e+00 -1.378494158822716282e-05
6.143999999999999670e-12 0.000000000000000000e+00 -4.452205500216398664e-06
6.146999999999999556e-12 0.000000000000000000e+00 8.417938647445445753e-06
6.149999999999999442e-12 0.000000000000000000e+00 1.423578118578352408e-05
6.152999999999999328e-12 -0.000000000000000000e+00 8.317527058151158207e-06
6.156000000000000022e-12 -0.000000000000000000e+00 -4.346624606763110325e-06
6.158999999999999909e-12 -0.000000000000000000e+00 -1.329751009931379146e-05
6.161999999999999795e-12 0.000000000000000000e+00 -1.124387168983566337e-05
6.164999999999999681e-12 0.000000000000000000e+00 -2.034217753713884851e-18
6.167999999999999567e-12 0.000000000000000000e+00 1.110975155977328100e-05
6.170999999999999454e-12 -0.000000000000000000e+00 1.298216908532270385e-05
6.173999999999999340e-12 -0.000000000000000000e+00 4.192929236332734745e-06
6.177000000000000034e-12 -0.000000000000000000e+00 -7.927716064051866542e-06
6.179999999999999920e-12 -0.000000000000000000e+00 -1.340675382863665698e-05
6.182999999999999806e-12 0.000000000000000000e+00 -7.833151990494372830e-06
6.185999999999999693e-12 0.000000000000000000e+00 4.093496895453565100e-06
6.188999999999999579e-12 0.000000000000000000e+00 1.252312339651182152e-05
6.191999999999999465e-12 -0.000000000000000000e+00 1.058907957765946756e-05
6.194999999999999351e-12 -0.000000000000000000e+00 2.458062286435278076e-18
6.198000000000000045e-12 -0.000000000000000000e+00 -1.046276999592642419e-05
6.200999999999999932e-12 0.000000000000000000e+00 -1.222614641355096216e-05
6.203999999999999818e-12 0.000000000000000000e+00 -3.948752046607180430e-06
6.206999999999999704e-12 0.000000000000000000e+00 7.466041821449768723e-06
6.209999999999999590e-12 0.000000000000000000e+00 1.262600526630493202e-05
6.212999999999999477e-12 -0.000000000000000000e+00 7.376984730822927380e-06
6.215999999999999363e-12 -0.000000000000000000e+00 -3.855110194474995825e-06
6.219000000000000057e-12 -0.000000000000000000e+00 -1.179383346453396693e-05
6.221999999999999943e-12 0.000000000000000000e+00 -9.972419589541329680e-06
6.224999999999999829e-12 0.000000000000000000e+00 -2.640163635820629642e-18
6.227999999999999716e-12 0.000000000000000000e+00 9.853465705212932415e-06
6.230999999999999602e-12 -0.000000000000000000e+00 1.151415107469081465e-05
6.233999999999999488e-12 -0.000000000000000000e+00 3.718794629413010062e-06
6.236999999999999374e-12 -0.000000000000000000e+00 -7.031253393698275902e-06
6.239999999999999261e-12 -0.000000000000000000e+00 -1.189072396065415256e-05
6.242999999999999955e-12 0.000000000000000000e+00 -6.947382584281525058e-06
6.245999999999999841e-12 0.000000000000000000e+00 3.630606054216003311e-06
6.248999999999999727e-12 0.000000000000000000e+00 1.110701407189744796e-05
6.251999999999999613e-12 -0.000000000000000000e+00 9.391671083450645708e-06
6.254999999999999500e-12 -0.000000000000000000e+00 1.892921674698803053e-18
6.257999999999999386e-12 -0.000000000000000000e+00 -9.279644534058727369e-06
6.260999999999999272e-12 0.000000000000000000e+00 -1.084361911647464944e-05
6.263999999999999966e-12 0.000000000000000000e+00 -3.502228889664114258e-06
6.266999999999999852e-12 0.000000000000000000e+00 6.621785072829489117e-06
6.269999999999999739e-12 0.000000000000000000e+00 1.119826210478450981e-05
6.272999999999999625e-12 -0.000000000000000000e+00 6.542798519116739442e-06
6.275999999999999511e-12 -0.000000000000000000e+00 -3.419176017277343521e-06
6.278999999999999397e-12 -0.000000000000000000e+00 -1.046019192693424003e-05
6.281999999999999284e-12 0.000000000000000000e+00 -8.844742737482315506e-06
6.284999999999999978e-12 0.000000000000000000e+00 -1.584645942351328975e-18
6.287999999999999864e-12 0.000000000000000000e+00 8.739240106445392493e-06
6.290999999999999750e-12 -0.000000000000000000e+00 1.021213589959186418e-05
6.293999999999999636e-12 -0.000000000000000000e+00 3.298274956779864543e-06
6.296999999999999523e-12 -0.000000000000000000e+00 -6.236162330608161232e-06
6.299999999999999409e-12 -0.000000000000000000e+00 -1.054612608806639839e-05
6.302999999999999295e-12 0.000000000000000000e+00 -6.161775595691866370e-06
6.305999999999999989e-12 0.000000000000000000e+00 3.220058707153235160e-06
6.308999999999999875e-12 0.000000000000000000e+00 9.851037771270673726e-06
6.311999999999999762e-12 -0.000000000000000000e+00 8.329665018837848571e-06
6.314999999999999648e-12 -0.000000000000000000e+00 1.958769522636546052e-18
6.317999999999999534e-12 -0.000000000000000000e+00 -8.230306382726908709e-06
6.320999999999999420e-12 0.000000000000000000e+00 -9.617427402378111808e-06
6.323999999999999307e-12 0.000000000000000000e+00 -3.106198376304810781e-06
6.327000000000000001e-12 0.000000000000000000e+00 5.872996508640403461e-06
6.329999999999999887e-12 0.000000000000000000e+00 9.931967516448419512e-06
6.332999999999999773e-12 -0.000000000000000000e+00 5.802941719927859574e-06
6.335999999999999659e-12 -0.000000000000000000e+00 -3.032537086455637485e-06
6.338999999999999546e-12 -0.000000000000000000e+00 -9.277357991981358051e-06
6.341999999999999432e-12 0.000000000000000000e+00 -7.844583091379038773e-06
6.344999999999999318e-12 0.000000000000000000e+00 -2.181341075909298198e-18
6.348000000000000012e-12 0.000000000000000000e+00 7.751010651784095626e-06
6.350999999999999898e-12 -0.000000000000000000e+00 9.057352031881089647e-06
6.353999999999999785e-12 -0.000000000000000000e+00 2.925307465081046280e-06
6.356999999999999671e-12 -0.000000000000000000e+00 -5.530979817701581314e-06
6.359999999999999557e-12 -0.000000000000000000e+00 -9.353574755702036698e-06
6.362999999999999443e-12 0.000000000000000000e+00 -5.465004702284480770e-06
6.365999999999999330e-12 0.000000000000000000e+00 2.855935874802962621e-06
6.369000000000000024e-12 0.000000000000000000e+00 8.737086722212604920e-06
6.371999999999999910e-12 -0.000000000000000000e+00 7.387750136215415069e-06
6.374999999999999796e-12 -0.000000000000000000e+00 1.699850540026477809e-18
6.377999999999999682e-12 -0.000000000000000000e+00 -7.299626931284362436e-06
6.380999999999999569e-12 0.000000000000000000e+00 -8.529892911812826867e-06
6.383999999999999455e-12 0.000000000000000000e+00 -2.754950820442098040e-06
6.386999999999999341e-12 0.000000000000000000e+00 5.208880628282171069e-06
6.390000000000000035e-12 -0.000000000000000000e+00 8.808864967149255813e-06
6.392999999999999921e-12 -0.000000000000000000e+00 5.146747604482259575e-06
6.395999999999999808e-12 -0.000000000000000000e+00 -2.689619117080903339e-06
6.398999999999999694e-12 -0.000000000000000000e+00 -8.228278401829928343e-06
6.401999999999999580e-12 0.000000000000000000e+00 -6.957521061269663041e-06
6.404999999999999466e-12 0.000000000000000000e+00 -1.209509878563529485e-18
6.407999999999999353e-12 0.000000000000000000e+00 6.874529752280251362e-06
6.411000000000000047e-12 -0.000000000000000000e+00 8.033150619616953527e-06
6.413999999999999933e-12 -0.000000000000000000e+00 2.594514974461077515e-06
6.416999999999999819e-12 -0.000000000000000000e+00 -4.905539035390218039e-06
6.419999999999999705e-12 -0.000000000000000000e+00 -8.295876607193939213e-06
6.422999999999999592e-12 0.000000000000000000e+00 -4.847024357211176832e-06
6.425999999999999478e-12 0.000000000000000000e+00 2.532987893316777781e-06
6.428999999999999364e-12 0.000000000000000000e+00 7.749100771300593778e-06
6.432000000000000058e-12 -0.000000000000000000e+00 6.552346577169359801e-06
6.434999999999999944e-12 -0.000000000000000000e+00 1.492626488479923140e-18
6.437999999999999831e-12 -0.000000000000000000e+00 -6.474188305766979041e-06
6.440999999999999717e-12 0.000000000000000000e+00 -7.565336346495640204e-06
6.443999999999999603e-12 0.000000000000000000e+00 -2.443422184801065931e-06
6.446999999999999489e-12 0.000000000000000000e+00 4.619862681643197918e-06
6.449999999999999375e-12 0.000000000000000000e+00 7.812762363646391094e-06
6.452999999999999262e-12 -0.000000000000000000e+00 4.564755633040770450e-06
6.455999999999999956e-12 -0.000000000000000000e+00 -2.385478161923590905e-06
6.458999999999999842e-12 -0.000000000000000000e+00 -7.297828273581019071e-06
6.461999999999999728e-12 0.000000000000000000e+00 -6.170767618130392591e-06
6.464999999999999615e-12 0.000000000000000000e+00 -1.780477733480335865e-18
6.467999999999999501e-12 0.000000000000000000e+00 6.097160930116933093e-06
6.470999999999999387e-12 -0.000000000000000000e+00 7.124765455765410844e-06
6.473999999999999273e-12 -0.000000000000000000e+00 2.301128354218811081e-06
6.476999999999999967e-12 -0.000000000000000000e+00 -4.350822823600709217e-06
6.479999999999999854e-12 -0.000000000000000000e+00 -7.357782503403880390e-06
6.482999999999999740e-12 0.000000000000000000e+00 -4.298924959676742955e-06
6.485999999999999626e-12 0.000000000000000000e+00 2.246558728539268197e-06
6.488999999999999512e-12 0.000000000000000000e+00 6.872835840246837329e-06
6.491999999999999398e-12 -0.000000000000000000e+00 5.811410087745201609e-06
6.494999999999999285e-12 -0.000000000000000000e+00 1.527946866206705973e-18
6.497999999999999979e-12 -0.000000000000000000e+00 -5.742089919539705683e-06
6.500999999999999865e-12 0.000000000000000000e+00 -6.709851416345866278e-06
6.503999999999999751e-12 0.000000000000000000e+00 -2.167121071227967760e-06
6.506999999999999637e-12 0.000000000000000000e+00 4.097450627176331816e-06
6.509999999999999524e-12 0.000000000000000000e+00 6.929298607532412312e-06
6.512999999999999410e-12 -0.000000000000000000e+00 4.048575059563156555e-06
6.515999999999999296e-12 -0.000000000000000000e+00 -2.115729333152950773e-06
6.518999999999999990e-12 -0.000000000000000000e+00 -6.472593039491322657e-06
6.521999999999999876e-12 0.000000000000000000e+00 -5.472979910751787607e-06
6.524999999999999763e-12 0.000000000000000000e+00 -8.551406526596353849e-19
6.527999999999999649e-12 0.000000000000000000e+00 5.407696634874463456e-06
6.530999999999999535e-12 -0.000000000000000000e+00 6.319100089534457451e-06
6.533999999999999421e-12 -0.000000000000000000e+00 2.040917764865211415e-06
6.536999999999999308e-12 -0.000000000000000000e+00 -3.858833678787533746e-06
6.540000000000000002e-12 -0.000000000000000000e+00 -6.525767671188827775e-06
6.542999999999999888e-12 0.000000000000000000e+00 -3.812804402650222542e-06
6.545999999999999774e-12 0.000000000000000000e+00 1.992518848627429234e-06
6.548999999999999660e-12 0.000000000000000000e+00 6.095658564917311241e-06
6.551999999999999547e-12 -0.000000000000000000e+00 5.154258372965259386e-06
6.554999999999999433e-12 -0.000000000000000000e+00 9.532204394385856150e-19
6.557999999999999319e-12 -0.000000000000000000e+00 -5.092776899107637480e-06
6.561000000000000013e-12 0.000000000000000000e+00 -5.951104348492813690e-06
6.563999999999999899e-12 0.000000000000000000e+00 -1.922063966912450712e-06
6.566999999999999786e-12 0.000000000000000000e+00 3.634112699682301634e-06
6.569999999999999672e-12 0.000000000000000000e+00 6.145736547136437520e-06
6.572999999999999558e-12 -0.000000000000000000e+00 3.590763959910279007e-06
6.575999999999999444e-12 -0.000000000000000000e+00 -1.876483584135034531e-06
6.578999999999999331e-12 -0.000000000000000000e+00 -5.740675045278129141e-06
6.582000000000000025e-12 0.000000000000000000e+00 -4.854097732588676530e-06
6.584999999999999911e-12 0.000000000000000000e+00 -1.359845468562100282e-18
6.587999999999999797e-12 0.000000000000000000e+00 4.796196661036515999e-06
6.590999999999999683e-12 -0.000000000000000000e+00 5.604539011069696025e-06
6.593999999999999570e-12 -0.000000000000000000e+00 1.810131675318795102e-06
6.596999999999999456e-12 -0.000000000000000000e+00 -3.422478451608583985e-06
6.599999999999999342e-12 -0.000000000000000000e+00 -5.787836712845604071e-06
6.603000000000000036e-12 0.000000000000000000e+00 -3.381654145916280171e-06
6.605999999999999922e-12 0.000000000000000000e+00 1.767205687391143700e-06
6.608999999999999809e-12 0.000000000000000000e+00 5.406364156474963158e-06
6.611999999999999695e-12 -0.000000000000000000e+00 4.571417087103796069e-06
6.614999999999999581e-12 -0.000000000000000000e+00 1.424753673537014931e-18
6.617999999999999467e-12 -0.000000000000000000e+00 -4.516887911459265276e-06
6.620999999999999354e-12 0.000000000000000000e+00 -5.278156067714700682e-06
6.623999999999999240e-12 0.000000000000000000e+00 -1.704717812932614389e-06
6.626999999999999934e-12 0.000000000000000000e+00 3.223168822681325024e-06
6.629999999999999820e-12 0.000000000000000000e+00 5.450779342334733231e-06
6.632999999999999706e-12 -0.000000000000000000e+00 3.184721939471841654e-06
6.635999999999999593e-12 -0.000000000000000000e+00 -1.664291639933598390e-06
6.638999999999999479e-12 -0.000000000000000000e+00 -5.091522018209262363e-06
6.641999999999999365e-12 0.000000000000000000e+00 -4.305198480855074125e-06
6.644999999999999251e-12 0.000000000000000000e+00 -9.227075373355761078e-19
6.647999999999999945e-12 0.000000000000000000e+00 4.253844837187969055e-06
6.650999999999999832e-12 -0.000000000000000000e+00 4.970780187296009357e-06
6.653999999999999718e-12 -0.000000000000000000e+00 1.605442775988804838e-06
6.656999999999999604e-12 -0.000000000000000000e+00 -3.035466082956091812e-06
6.659999999999999490e-12 -0.000000000000000000e+00 -5.133350665004493432e-06
6.662999999999999377e-12 0.000000000000000000e+00 -2.999258171921913003e-06
6.665999999999999263e-12 0.000000000000000000e+00 1.567370840030530153e-06
6.668999999999999957e-12 0.000000000000000000e+00 4.795014858712856305e-06
6.671999999999999843e-12 -0.000000000000000000e+00 4.054483239309963842e-06
6.674999999999999729e-12 -0.000000000000000000e+00 6.997499292021271802e-19
6.677999999999999616e-12 -0.000000000000000000e+00 -4.006120199034170754e-06
6.680999999999999502e-12 0.000000000000000000e+00 -4.681304484638646044e-06
6.683999999999999388e-12 0.000000000000000000e+00 -1.511949067125280712e-06
6.686999999999999274e-12 0.000000000000000000e+00 2.858694299825954547e-06
6.689999999999999968e-12 0.000000000000000000e+00 4.834407594752381307e-06
6.692999999999999855e-12 -0.000000000000000000e+00 2.824594973378873499e-06
6.695999999999999741e-12 -0.000000000000000000e+00 -1.476094268114813094e-06
6.698999999999999627e-12 -0.000000000000000000e+00 -4.515774931945256413e-06
6.701999999999999513e-12 0.000000000000000000e+00 -3.818368516794031001e-06
6.704999999999999400e-12 0.000000000000000000e+00 -8.342427018041724328e-19
6.707999999999999286e-12 0.000000000000000000e+00 3.772821920725783153e-06
6.710999999999999980e-12 -0.000000000000000000e+00 4.408686534541684657e-06
6.713999999999999866e-12 -0.000000000000000000e+00 1.423900008004615761e-06
6.716999999999999752e-12 -0.000000000000000000e+00 -2.692216903935377046e-06
6.719999999999999639e-12 0.000000000000000000e+00 -4.552873613628186694e-06
6.722999999999999525e-12 0.000000000000000000e+00 -2.660103367668825462e-06
6.725999999999999411e-12 0.000000000000000000e+00 1.390133229937276666e-06
6.728999999999999297e-12 0.000000000000000000e+00 4.252796672554829413e-06
6.731999999999999991e-12 -0.000000000000000000e+00 3.596004045271528821e-06
6.734999999999999878e-12 -0.000000000000000000e+00 1.079063397944826652e-18
6.737999999999999764e-12 -0.000000000000000000e+00 -3.553109876468615212e-06
6.740999999999999650e-12 0.000000000000000000e+00 -4.151944617921926297e-06
6.743999999999999536e-12 0.000000000000000000e+00 -1.340978526909314838e-06
6.746999999999999423e-12 0.000000000000000000e+00 2.535434396842175794e-06
6.749999999999999309e-12 0.000000000000000000e+00 4.287734895206598637e-06
6.753000000000000003e-12 -0.000000000000000000e+00 2.505191007338623286e-06
6.755999999999999889e-12 -0.000000000000000000e+00 -1.309178172911779207e-06
6.758999999999999775e-12 -0.000000000000000000e+00 -4.005133074757230837e-06
6.761999999999999662e-12 0.000000000000000000e+00 -3.386589072462172160e-06
6.764999999999999548e-12 0.000000000000000000e+00 -9.167273290217612008e-19
6.767999999999999434e-12 0.000000000000000000e+00 3.346192865586115133e-06
6.770999999999999320e-12 -0.000000000000000000e+00 3.910154186564776894e-06
6.774000000000000014e-12 -0.000000000000000000e+00 1.262886016941007549e-06
6.776999999999999901e-12 -0.000000000000000000e+00 -2.387782192175716159e-06
6.779999999999999787e-12 -0.000000000000000000e+00 -4.038036653717098094e-06
6.782999999999999673e-12 0.000000000000000000e+00 -2.359300040565450552e-06
6.785999999999999559e-12 0.000000000000000000e+00 1.232937571391192324e-06
6.788999999999999446e-12 0.000000000000000000e+00 3.771892282091624402e-06
6.791999999999999332e-12 -0.000000000000000000e+00 3.189369478268663541e-06
6.795000000000000026e-12 -0.000000000000000000e+00 6.435279585928937787e-19
6.797999999999999912e-12 -0.000000000000000000e+00 -3.151325763341720380e-06
6.800999999999999798e-12 0.000000000000000000e+00 -3.682444533752586832e-06
6.803999999999999685e-12 0.000000000000000000e+00 -1.189341260714394734e-06
6.806999999999999571e-12 0.000000000000000000e+00 2.248728582515182258e-06
6.809999999999999457e-12 0.000000000000000000e+00 3.802879705783951874e-06
6.812999999999999343e-12 -0.000000000000000000e+00 2.221905102288390938e-06
6.816000000000000037e-12 -0.000000000000000000e+00 -1.161136876859705331e-06
6.818999999999999924e-12 -0.000000000000000000e+00 -3.552234375774018205e-06
6.821999999999999810e-12 0.000000000000000000e+00 -3.003635059129547063e-06
6.824999999999999696e-12 0.000000000000000000e+00 -6.757708235150641483e-19
6.827999999999999582e-12 0.000000000000000000e+00 2.967806837685490964e-06
6.830999999999999469e-12 -0.000000000000000000e+00 3.467995658779399700e-06
6.833999999999999355e-12 -0.000000000000000000e+00 1.120079417669290135e-06
6.836999999999999241e-12 -0.000000000000000000e+00 -2.117772824669902229e-06
6.839999999999999935e-12 -0.000000000000000000e+00 -3.581417232394643200e-06
6.842999999999999821e-12 0.000000000000000000e+00 -2.092511422325187395e-06
6.845999999999999708e-12 0.000000000000000000e+00 1.093517529263158893e-06
6.848999999999999594e-12 0.000000000000000000e+00 3.345368350082748708e-06
6.851999999999999480e-12 -0.000000000000000000e+00 2.828716970518519326e-06
6.854999999999999366e-12 -0.000000000000000000e+00 7.258377685150726233e-19
6.857999999999999253e-12 -0.000000000000000000e+00 -2.794975222261007310e-06
6.860999999999999947e-12 0.000000000000000000e+00 -3.266035314062644582e-06
6.863999999999999833e-12 0.000000000000000000e+00 -1.054851070358698352e-06
6.866999999999999719e-12 0.000000000000000000e+00 1.994443336462654043e-06
6.869999999999999605e-12 0.000000000000000000e+00 3.372851729436788264e-06
6.872999999999999492e-12 -0.000000000000000000e+00 1.970653043665812003e-06
6.875999999999999378e-12 -0.000000000000000000e+00 -1.029836025912780911e-06
6.878999999999999264e-12 -0.000000000000000000e+00 -3.150549263883269260e-06
6.881999999999999958e-12 0.000000000000000000e+00 -2.663985318382211895e-06
6.884999999999999844e-12 0.000000000000000000e+00 -5.518945595821849178e-19
6.887999999999999731e-12 0.000000000000000000e+00 2.632208536572311807e-06
6.890999999999999617e-12 -0.000000000000000000e+00 3.075836224217892403e-06
6.893999999999999503e-12 -0.000000000000000000e+00 9.934213262770347815e-07
6.896999999999999389e-12 -0.000000000000000000e+00 -1.878295998524162800e-06
6.899999999999999276e-12 -0.000000000000000000e+00 -3.176432135821909935e-06
6.902999999999999970e-12 0.000000000000000000e+00 -1.855891144524167015e-06
6.905999999999999856e-12 0.000000000000000000e+00 9.698630446122089525e-07
6.908999999999999742e-12 0.000000000000000000e+00 2.967075558035309413e-06
6.911999999999999628e-12 -0.000000000000000000e+00 2.508846890841431165e-06
6.914999999999999515e-12 -0.000000000000000000e+00 3.839279169361243102e-19
6.917999999999999401e-12 -0.000000000000000000e+00 -2.478920644741567206e-06
6.920999999999999287e-12 0.000000000000000000e+00 -2.896713467082076202e-06
6.923999999999999981e-12 0.000000000000000000e+00 -9.355689719938999689e-07
6.926999999999999867e-12 0.000000000000000000e+00 1.768912554983260544e-06
6.929999999999999754e-12 0.000000000000000000e+00 2.991451128854315980e-06
6.932999999999999640e-12 -0.000000000000000000e+00 1.747812458105971552e-06
6.935999999999999526e-12 -0.000000000000000000e+00 -9.133826178497188432e-07
6.938999999999999412e-12 -0.000000000000000000e+00 -2.794286529022270003e-06
6.941999999999999299e-12 0.000000000000000000e+00 -2.362743021987611558e-06
6.944999999999999993e-12 0.000000000000000000e+00 -5.112859586692514458e-19
6.947999999999999879e-12 0.000000000000000000e+00 2.334559544787264451e-06
6.950999999999999765e-12 -0.000000000000000000e+00 2.728022007253757803e-06
6.953999999999999651e-12 -0.000000000000000000e+00 8.810856765458759366e-07
6.956999999999999538e-12 -0.000000000000000000e+00 -1.665899107294953652e-06
6.959999999999999424e-12 -0.000000000000000000e+00 -2.817242577105497183e-06
6.962999999999999310e-12 0.000000000000000000e+00 -1.646027784401011640e-06
6.966000000000000004e-12 0.000000000000000000e+00 8.601913550830285190e-07
6.968999999999999890e-12 0.000000000000000000e+00 2.631559949705311009e-06
6.971999999999999777e-12 -0.000000000000000000e+00 2.225147580081650482e-06
6.974999999999999663e-12 -0.000000000000000000e+00 6.180847580567724340e-19
6.977999999999999549e-12 -0.000000000000000000e+00 -2.198605380821133262e-06
6.980999999999999435e-12 0.000000000000000000e+00 -2.569154373268911660e-06
6.983999999999999322e-12 0.000000000000000000e+00 -8.297752412200812400e-07
6.987000000000000016e-12 0.000000000000000000e+00 1.568884695779966137e-06
6.989999999999999902e-12 0.000000000000000000e+00 2.653179141621436203e-06
6.992999999999999788e-12 -0.000000000000000000e+00 1.550170588643183277e-06
6.995999999999999674e-12 -0.000000000000000000e+00 -8.100977103129217500e-07
6.998999999999999561e-12 -0.000000000000000000e+00 -2.478309828633202576e-06
7.001999999999999447e-12 0.000000000000000000e+00 -2.095565072911732958e-06
7.004999999999999333e-12 0.000000000000000000e+00 -5.902196095738259590e-19
7.007999999999999219e-12 0.000000000000000000e+00 2.070568571004845183e-06
7.010999999999999913e-12 -0.000000000000000000e+00 2.419538470047531552e-06
7.013999999999999800e-12 -0.000000000000000000e+00 7.814528930273563702e-07
7.016999999999999686e-12 -0.000000000000000000e+00 -1.477519963768731881e-06
7.019999999999999572e-12 -0.000000000000000000e+00 -2.498670016824581888e-06
7.022999999999999458e-12 0.000000000000000000e+00 -1.459895681389520482e-06
7.025999999999999345e-12 0.000000000000000000e+00 7.629212923105918211e-07
7.028999999999999231e-12 0.000000000000000000e+00 2.333984299840046113e-06
7.031999999999999925e-12 -0.000000000000000000e+00 1.973528863486128324e-06
7.034999999999999811e-12 -0.000000000000000000e+00 4.803032350848277635e-19
7.037999999999999697e-12 -0.000000000000000000e+00 -1.949988044526641257e-06
7.040999999999999584e-12 0.000000000000000000e+00 -2.278635518733464009e-06
7.043999999999999470e-12 0.000000000000000000e+00 -7.359446193199284579e-07
7.046999999999999356e-12 0.000000000000000000e+00 1.391475899540126722e-06
7.049999999999999242e-12 0.000000000000000000e+00 2.353158802975781139e-06
7.052999999999999936e-12 -0.000000000000000000e+00 1.374877975465464510e-06
7.055999999999999823e-12 -0.000000000000000000e+00 -7.184922150143989363e-07
7.058999999999999709e-12 -0.000000000000000000e+00 -2.198063635531858004e-06
7.061999999999999595e-12 0.000000000000000000e+00 -1.858599489636098270e-06
7.064999999999999481e-12 0.000000000000000000e+00 -4.551368285997722030e-19
7.067999999999999368e-12 0.000000000000000000e+00 1.836429581248523652e-06
7.070999999999999254e-12 -0.000000000000000000e+00 2.145938116508557581e-06
7.073999999999999948e-12 -0.000000000000000000e+00 6.930865411576723974e-07
7.076999999999999834e-12 -0.000000000000000000e+00 -1.310442651524160301e-06
7.079999999999999720e-12 -0.000000000000000000e+00 -2.216121502534178910e-06
7.082999999999999607e-12 0.000000000000000000e+00 -1.294811315299470131e-06
7.085999999999999493e-12 0.000000000000000000e+00 6.766504857569950124e-07
7.088999999999999379e-12 0.000000000000000000e+00 2.070058374505174976e-06
7.091999999999999265e-12 -0.000000000000000000e+00 1.750363081477020598e-06
7.094999999999999959e-12 -0.000000000000000000e+00 3.638658112743401354e-19
7.097999999999999846e-12 -0.000000000000000000e+00 -1.729484248044850980e-06
7.100999999999999732e-12 0.000000000000000000e+00 -2.020968409394291160e-06
7.103999999999999618e-12 0.000000000000000000e+00 -6.527243231668048707e-07
7.106999999999999504e-12 0.000000000000000000e+00 1.234128412501574488e-06
7.109999999999999390e-12 0.000000000000000000e+00 2.087064633200074503e-06
7.112999999999999277e-12 -0.000000000000000000e+00 1.219407374432551763e-06
7.115999999999999971e-12 -0.000000000000000000e+00 -6.372454291184992285e-07
7.118999999999999857e-12 -0.000000000000000000e+00 -1.949507559557986055e-06
7.121999999999999743e-12 0.000000000000000000e+00 -1.648429871030247765e-06
7.124999999999999630e-12 0.000000000000000000e+00 -3.480921923905809890e-19
7.127999999999999516e-12 0.000000000000000000e+00 1.628766926201215494e-06
7.130999999999999402e-12 -0.000000000000000000e+00 1.903276371461677847e-06
7.133999999999999288e-12 -0.000000000000000000e+00 6.147126177662940252e-07
7.136999999999999982e-12 -0.000000000000000000e+00 -1.162258368782565735e-06
7.139999999999999869e-12 -0.000000000000000000e+00 -1.965523450845815981e-06
7.142999999999999755e-12 0.000000000000000000e+00 -1.148394617231680605e-06
7.145999999999999641e-12 0.000000000000000000e+00 6.001351443324315133e-07
7.148999999999999527e-12 0.000000000000000000e+00 1.835977077546062915e-06
7.151999999999999413e-12 -0.000000000000000000e+00 1.552432788637158605e-06
7.154999999999999300e-12 -0.000000000000000000e+00 3.709094914685655298e-19
7.157999999999999994e-12 -0.000000000000000000e+00 -1.533914924571309506e-06
7.160999999999999880e-12 0.000000000000000000e+00 -1.792438184251542109e-06
7.163999999999999766e-12 0.000000000000000000e+00 -5.789145417590685711e-07
7.166999999999999652e-12 0.000000000000000000e+00 1.094573710580874229e-06
7.169999999999999539e-12 0.000000000000000000e+00 1.851060275934727272e-06
7.172999999999999425e-12 -0.000000000000000000e+00 1.081517321067898990e-06
7.175999999999999311e-12 -0.000000000000000000e+00 -5.651859942897183229e-07
7.179000000000000005e-12 -0.000000000000000000e+00 -1.729058096106554337e-06
7.181999999999999891e-12 0.000000000000000000e+00 -1.462026141111813220e-06
7.184999999999999778e-12 0.000000000000000000e+00 -3.791259043528326018e-19
7.187999999999999664e-12 0.000000000000000000e+00 1.444586673496833894e-06
7.190999999999999550e-12 -0.000000000000000000e+00 1.688054710570296713e-06
7.193999999999999436e-12 -0.000000000000000000e+00 5.452011834048932250e-07
7.196999999999999323e-12 -0.000000000000000000e+00 -1.030830700018801297e-06
7.200000000000000017e-12 -0.000000000000000000e+00 -1.743262917402046042e-06
7.202999999999999903e-12 0.000000000000000000e+00 -1.018534655438812724e-06
7.205999999999999789e-12 0.000000000000000000e+00 5.322721243006420260e-07
7.208999999999999675e-12 0.000000000000000000e+00 1.628365591419909552e-06
7.211999999999999562e-12 -0.000000000000000000e+00 1.376884366872155879e-06
7.214999999999999448e-12 -0.000000000000000000e+00 3.126898690565748117e-19
7.217999999999999334e-12 -0.000000000000000000e+00 -1.360460494787820672e-06
7.220999999999999220e-12 0.000000000000000000e+00 -1.589750057164937643e-06
7.223999999999999914e-12 0.000000000000000000e+00 -5.134511381988475826e-07
7.226999999999999801e-12 0.000000000000000000e+00 9.707997934075762412e-07
7.229999999999999687e-12 0.000000000000000000e+00 1.641743188321858815e-06
7.232999999999999573e-12 -0.000000000000000000e+00 9.592198147186959640e-07
7.235999999999999459e-12 -0.000000000000000000e+00 -5.012750088819147662e-07
7.238999999999999346e-12 -0.000000000000000000e+00 -1.533536961708201223e-06
7.241999999999999232e-12 0.000000000000000000e+00 -1.296700863566777768e-06
7.244999999999999926e-12 0.000000000000000000e+00 -2.962880005174362262e-19
7.247999999999999812e-12 0.000000000000000000e+00 1.281233443333617678e-06
7.250999999999999698e-12 -0.000000000000000000e+00 1.497170221101445867e-06
7.253999999999999585e-12 -0.000000000000000000e+00 4.835500716841555574e-07
7.256999999999999471e-12 -0.000000000000000000e+00 -9.142648146421218352e-07
7.259999999999999357e-12 -0.000000000000000000e+00 -1.546135508015016369e-06
7.262999999999999243e-12 0.000000000000000000e+00 -9.033592014133365379e-07
7.265999999999999937e-12 0.000000000000000000e+00 4.720830249370614195e-07
7.268999999999999824e-12 0.000000000000000000e+00 1.444230721477282132e-06
7.271999999999999710e-12 -0.000000000000000000e+00 1.221186883975260409e-06
7.274999999999999596e-12 -0.000000000000000000e+00 3.269738989023618004e-19
7.278000000000000290e-12 -0.000000000000000000e+00 -1.206620216173573651e-06
7.281000000000000176e-12 0.000000000000000000e+00 -1.409981814971817357e-06
7.284000000000000063e-12 0.000000000000000000e+00 -4.553903077242927434e-07
7.286999999999999949e-12 0.000000000000000000e+00 8.610221767338804318e-07
7.289999999999999835e-12 0.000000000000000000e+00 1.456095585563787983e-06
7.292999999999999721e-12 -0.000000000000000000e+00 8.507516569780906923e-07
7.295999999999999608e-12 -0.000000000000000000e+00 -4.445910497928558526e-07
7.298999999999999494e-12 -0.000000000000000000e+00 -1.360125271800076817e-06
7.301999999999999380e-12 0.000000000000000000e+00 -1.150070496206175152e-06
7.304999999999999266e-12 0.000000000000000000e+00 -3.330378738368940044e-19
7.307999999999999153e-12 0.000000000000000000e+00 1.136352125098020466e-06
7.310999999999999039e-12 -0.000000000000000000e+00 1.327870866339217647e-06
7.313999999999998925e-12 -0.000000000000000000e+00 4.288704407527696246e-07
7.316999999999998811e-12 -0.000000000000000000e+00 -8.108801486774830238e-07
7.320000000000000313e-12 -0.000000000000000000e+00 -1.371299179992584326e-06
7.323000000000000199e-12 0.000000000000000000e+00 -8.012077374300045962e-07
7.326000000000000086e-12 0.000000000000000000e+00 4.187000826439260834e-07
7.328999999999999972e-12 0.000000000000000000e+00 1.280917742212987361e-06
7.331999999999999858e-12 -0.000000000000000000e+00 1.083095604448622523e-06
7.334999999999999744e-12 -0.000000000000000000e+00 2.722305912501374182e-19
7.337999999999999631e-12 -0.000000000000000000e+00 -1.070176129080467129e-06
7.340999999999999517e-12 0.000000000000000000e+00 -1.250541687098086897e-06
7.343999999999999403e-12 0.000000000000000000e+00 -4.038949706035616661e-07
7.346999999999999289e-12 0.000000000000000000e+00 7.636581650120459312e-07
7.349999999999999176e-12 0.000000000000000000e+00 1.291440932650215599e-06
7.352999999999999062e-12 -0.000000000000000000e+00 7.545490311448350329e-07
7.355999999999998948e-12 -0.000000000000000000e+00 -3.943168880429000884e-07
7.358999999999998834e-12 -0.000000000000000000e+00 -1.206322900055041104e-06
7.362000000000000336e-12 0.000000000000000000e+00 -1.020021026750704351e-06
7.365000000000000222e-12 0.000000000000000000e+00 -2.318878583073066403e-19
7.368000000000000109e-12 0.000000000000000000e+00 1.007853923056480533e-06
7.370999999999999995e-12 -0.000000000000000000e+00 1.177715808677594727e-06
7.373999999999999881e-12 -0.000000000000000000e+00 3.803739586074946984e-07
7.376999999999999767e-12 -0.000000000000000000e+00 -7.191861755903568360e-07
7.379999999999999654e-12 0.000000000000000000e+00 -1.216233267588930333e-06
7.382999999999999540e-12 0.000000000000000000e+00 -7.106075163825837892e-07
7.385999999999999426e-12 0.000000000000000000e+00 3.713536601520709902e-07
7.388999999999999312e-12 0.000000000000000000e+00 1.136072123322303031e-06
7.391999999999999199e-12 -0.000000000000000000e+00 9.606196265040163691e-07
7.394999999999999085e-12 -0.000000000000000000e+00 2.708666521432411099e-19
7.397999999999998971e-12 -0.000000000000000000e+00 -9.491610797682904420e-07
7.400999999999998857e-12 0.000000000000000000e+00 -1.109130979254043958e-06
7.404000000000000359e-12 0.000000000000000000e+00 -3.582227037156247841e-07
7.407000000000000245e-12 0.000000000000000000e+00 6.773040332150335827e-07
7.410000000000000132e-12 -0.000000000000000000e+00 1.145405355980508951e-06
7.413000000000000018e-12 -0.000000000000000000e+00 6.692249562275293398e-07
7.415999999999999904e-12 -0.000000000000000000e+00 -3.497277065478662958e-07
7.418999999999999790e-12 -0.000000000000000000e+00 -1.069912433338658398e-06
7.421999999999999677e-12 0.000000000000000000e+00 -9.046774945064346336e-07
7.424999999999999563e-12 0.000000000000000000e+00 -2.922499030948160163e-19
7.427999999999999449e-12 0.000000000000000000e+00 8.938862415842693397e-07
7.430999999999999335e-12 -0.000000000000000000e+00 1.044540219361016462e-06
7.433999999999999222e-12 -0.000000000000000000e+00 3.373614374840516646e-07
7.436999999999999108e-12 -0.000000000000000000e+00 -6.378609169354627201e-07
7.439999999999998994e-12 -0.000000000000000000e+00 -1.078702140839871997e-06
7.442999999999998880e-12 0.000000000000000000e+00 -6.302523287645575575e-07
7.446000000000000382e-12 0.000000000000000000e+00 3.293611504385400010e-07
7.449000000000000268e-12 0.000000000000000000e+00 1.007605583759169292e-06
7.452000000000000155e-12 -0.000000000000000000e+00 8.519931786580066215e-07
7.455000000000000041e-12 -0.000000000000000000e+00 2.463894992656090809e-19
7.457999999999999927e-12 -0.000000000000000000e+00 -8.418303593830118281e-07
7.460999999999999813e-12 0.000000000000000000e+00 -9.837109324965066309e-07
7.463999999999999700e-12 0.000000000000000000e+00 -3.177150368214276257e-07
7.466999999999999586e-12 0.000000000000000000e+00 6.007147889294044543e-07
7.469999999999999472e-12 0.000000000000000000e+00 1.015883418544401918e-06
7.472999999999999358e-12 -0.000000000000000000e+00 5.935492904392848222e-07
7.475999999999999245e-12 -0.000000000000000000e+00 -3.101806502236004631e-07
7.478999999999999131e-12 -0.000000000000000000e+00 -9.489272026258733089e-07
7.481999999999999017e-12 0.000000000000000000e+00 -8.023769585157845059e-07
7.484999999999998903e-12 0.000000000000000000e+00 -1.628313845933936395e-19
7.488000000000000405e-12 0.000000000000000000e+00 7.928059757614489772e-07
7.491000000000000291e-12 -0.000000000000000000e+00 9.264240675242960196e-07
7.494000000000000178e-12 -0.000000000000000000e+00 2.992127534648010957e-07
7.497000000000000064e-12 -0.000000000000000000e+00 -5.657318830132918252e-07
7.499999999999999950e-12 -0.000000000000000000e+00 -9.567229738414574502e-07
7.502999999999999836e-12 0.000000000000000000e+00 -5.589836706698252028e-07
7.505999999999999723e-12 0.000000000000000000e+00 2.921171353846811590e-07
7.508999999999999609e-12 0.000000000000000000e+00 8.936659843863710860e-07
7.511999999999999495e-12 -0.000000000000000000e+00 7.556501620954013991e-07
7.514999999999999381e-12 -0.000000000000000000e+00 1.980934898883730924e-19
7.517999999999999268e-12 -0.000000000000000000e+00 -7.466365499857683637e-07
7.520999999999999154e-12 0.000000000000000000e+00 -8.724733298532721215e-07
7.523999999999999040e-12 0.000000000000000000e+00 -2.817879592092988686e-07
7.526999999999998926e-12 0.000000000000000000e+00 5.327862229397051297e-07
7.529999999999998813e-12 0.000000000000000000e+00 9.010077652291408732e-07
7.533000000000000314e-12 -0.000000000000000000e+00 5.264309958896319737e-07
7.536000000000000201e-12 -0.000000000000000000e+00 -2.751055577574611814e-07
7.539000000000000087e-12 -0.000000000000000000e+00 -8.416229289657161022e-07
7.541999999999999973e-12 0.000000000000000000e+00 -7.116445224586655126e-07
7.544999999999999859e-12 0.000000000000000000e+00 -2.418906854290439779e-19
7.547999999999999746e-12 0.000000000000000000e+00 7.031558222542584751e-07
7.550999999999999632e-12 -0.000000000000000000e+00 8.216644385539641719e-07
7.553999999999999518e-12 -0.000000000000000000e+00 2.653779059744415606e-07
7.556999999999999404e-12 -0.000000000000000000e+00 -5.017591687468796795e-07
7.559999999999999291e-12 -0.000000000000000000e+00 -8.485371577767892564e-07
7.562999999999999177e-12 0.000000000000000000e+00 -4.957740413083090271e-07
7.565999999999999063e-12 0.000000000000000000e+00 2.590846572878523086e-07
7.568999999999998949e-12 0.000000000000000000e+00 7.926106251511786974e-07
7.571999999999998836e-12 -0.000000000000000000e+00 6.702015717710693786e-07
7.575000000000000337e-12 -0.000000000000000000e+00 2.491100934254262720e-19
7.578000000000000224e-12 -0.000000000000000000e+00 -6.622072149823049597e-07
7.581000000000000110e-12 0.000000000000000000e+00 -7.738144267375228434e-07
7.583999999999999996e-12 0.000000000000000000e+00 -2.499234998435837142e-07
7.586999999999999882e-12 0.000000000000000000e+00 4.725389895265159515e-07
7.589999999999999769e-12 0.000000000000000000e+00 7.991222006225449283e-07
7.592999999999999655e-12 -0.000000000000000000e+00 4.669024087758757527e-07
7.595999999999999541e-12 -0.000000000000000000e+00 -2.439967414295470814e-07
7.598999999999999427e-12 -0.000000000000000000e+00 -7.464525757094173976e-07
7.601999999999999314e-12 0.000000000000000000e+00 -6.311720706463800515e-07
7.604999999999999200e-12 0.000000000000000000e+00 -1.881261725297658819e-19
7.607999999999999086e-12 0.000000000000000000e+00 6.236432689539611035e-07
7.610999999999998972e-12 -0.000000000000000000e+00 7.287509826772041908e-07
7.613999999999998859e-12 -0.000000000000000000e+00 2.353690882618748699e-07
7.617000000000000360e-12 -0.000000000000000000e+00 -4.450204610718656918e-07
7.620000000000000247e-12 0.000000000000000000e+00 -7.525849465461119210e-07
7.623000000000000133e-12 0.000000000000000000e+00 -4.397121292301220749e-07
7.626000000000000019e-12 0.000000000000000000e+00 2.297874773885386994e-07
7.628999999999999905e-12 0.000000000000000000e+00 7.029825618057655399e-07
7.631999999999999792e-12 -0.000000000000000000e+00 5.944154707236629990e-07
7.634999999999999678e-12 -0.000000000000000000e+00 1.238972055880585548e-19
7.637999999999999564e-12 -0.000000000000000000e+00 -5.873251123094155332e-07
7.640999999999999450e-12 0.000000000000000000e+00 -6.863118293000524483e-07
7.643999999999999337e-12 0.000000000000000000e+00 -2.216622596270643173e-07
7.646999999999999223e-12 0.000000000000000000e+00 4.191044869568160485e-07
7.649999999999999109e-12 0.000000000000000000e+00 7.087578111665285324e-07
7.652999999999998995e-12 -0.000000000000000000e+00 4.141052882957332955e-07
7.655999999999998882e-12 -0.000000000000000000e+00 -2.164056964663260165e-07
7.659000000000000383e-12 -0.000000000000000000e+00 -6.620440444368690709e-07
7.662000000000000270e-12 0.000000000000000000e+00 -5.597994085413338794e-07
7.665000000000000156e-12 0.000000000000000000e+00 -1.219869624330061999e-19
7.668000000000000042e-12 0.000000000000000000e+00 5.531219604563894867e-07
7.670999999999999928e-12 -0.000000000000000000e+00 6.463441398141219935e-07
7.673999999999999815e-12 -0.000000000000000000e+00 2.087536545509267526e-07
7.676999999999999701e-12 -0.000000000000000000e+00 -3.946977416819406855e-07
7.679999999999999587e-12 -0.000000000000000000e+00 -6.674829694574425938e-07
7.682999999999999473e-12 0.000000000000000000e+00 -3.899896736866213631e-07
7.685999999999999360e-12 0.000000000000000000e+00 2.038032097975636877e-07
7.688999999999999246e-12 0.000000000000000000e+00 6.234896007213148463e-07
7.691999999999999132e-12 -0.000000000000000000e+00 5.271992288856886338e-07
7.694999999999999018e-12 -0.000000000000000000e+00 1.459633365998285194e-19
7.697999999999998904e-12 -0.000000000000000000e+00 -5.209106451044009741e-07
7.700999999999998791e-12 0.000000000000000000e+00 -6.087039873669745378e-07
7.704000000000000293e-12 0.000000000000000000e+00 -1.965967881121990913e-07
7.707000000000000179e-12 0.000000000000000000e+00 3.717123346018183193e-07
7.710000000000000065e-12 0.000000000000000000e+00 6.286117874065205318e-07
7.712999999999999951e-12 -0.000000000000000000e+00 3.672784431421890987e-07
7.715999999999999838e-12 -0.000000000000000000e+00 -1.919346348179376305e-07
7.718999999999999724e-12 -0.000000000000000000e+00 -5.871803930179279723e-07
7.721999999999999610e-12 0.000000000000000000e+00 -4.964975358975265771e-07
7.724999999999999496e-12 0.000000000000000000e+00 -1.653625933498500080e-19
7.727999999999999383e-12 0.000000000000000000e+00 4.905751707258052131e-07
7.730999999999999269e-12 -0.000000000000000000e+00 5.732558267535371716e-07
7.733999999999999155e-12 -0.000000000000000000e+00 1.851478824606516753e-07
7.736999999999999041e-12 -0.000000000000000000e+00 -3.500654934237995613e-07
7.739999999999998927e-12 -0.000000000000000000e+00 -5.920042867724673567e-07
7.742999999999998814e-12 0.000000000000000000e+00 -3.458898117013375479e-07
7.746000000000000316e-12 0.000000000000000000e+00 1.807572318380093988e-07
7.749000000000000202e-12 0.000000000000000000e+00 5.529856689603632418e-07
7.752000000000000088e-12 -0.000000000000000000e+00 4.675837703202434368e-07
7.754999999999999974e-12 -0.000000000000000000e+00 1.081254077177932528e-19
7.757999999999999861e-12 -0.000000000000000000e+00 -4.620062968466370153e-07
7.760999999999999747e-12 0.000000000000000000e+00 -5.398720063069897280e-07
7.763999999999999633e-12 0.000000000000000000e+00 -1.743657091696216475e-07
7.766999999999999519e-12 0.000000000000000000e+00 3.296792661382472738e-07
7.769999999999999405e-12 0.000000000000000000e+00 5.575286410121553302e-07
7.772999999999999292e-12 -0.000000000000000000e+00 3.257467571884259769e-07
7.775999999999999178e-12 -0.000000000000000000e+00 -1.702307501339357651e-07
7.778999999999999064e-12 -0.000000000000000000e+00 -5.207822906072429797e-07
7.781999999999998950e-12 0.000000000000000000e+00 -4.403538113672015970e-07
7.784999999999998837e-12 0.000000000000000000e+00 -9.161109159540918040e-20
7.788000000000000339e-12 0.000000000000000000e+00 4.351011446627634103e-07
7.791000000000000225e-12 -0.000000000000000000e+00 5.084323082148999500e-07
7.794000000000000111e-12 -0.000000000000000000e+00 1.642114407692293663e-07
7.796999999999999997e-12 -0.000000000000000000e+00 -3.104802403070693837e-07
7.799999999999999884e-12 -0.000000000000000000e+00 -5.250607005626758501e-07
7.802999999999999770e-12 0.000000000000000000e+00 -3.067767428501665839e-07
7.805999999999999656e-12 0.000000000000000000e+00 1.603172830015509832e-07
7.808999999999999542e-12 0.000000000000000000e+00 4.904542910126589098e-07
7.811999999999999428e-12 -0.000000000000000000e+00 4.147096017743040193e-07
7.814999999999999315e-12 -0.000000000000000000e+00 1.234351234139932212e-19
7.817999999999999201e-12 -0.000000000000000000e+00 -4.097628265652824378e-07
7.820999999999999087e-12 0.000000000000000000e+00 -4.788235156051827410e-07
7.823999999999998973e-12 0.000000000000000000e+00 -1.546485109252614096e-07
7.826999999999998860e-12 0.000000000000000000e+00 2.923992786998932386e-07
7.830000000000000362e-12 0.000000000000000000e+00 4.944835457688322317e-07
7.833000000000000248e-12 -0.000000000000000000e+00 2.889114561448019220e-07
7.836000000000000134e-12 -0.000000000000000000e+00 -1.509811312514352908e-07
7.839000000000000020e-12 -0.000000000000000000e+00 -4.618924566199316392e-07
7.841999999999999906e-12 0.000000000000000000e+00 -3.905587946878975230e-07
7.844999999999999793e-12 0.000000000000000000e+00 -1.216773901390511213e-19
7.847999999999999679e-12 0.000000000000000000e+00 3.859000972404213180e-07
7.850999999999999565e-12 -0.000000000000000000e+00 4.509390048430904590e-07
7.853999999999999451e-12 -0.000000000000000000e+00 1.456424827610216248e-07
7.856999999999999338e-12 -0.000000000000000000e+00 -2.753712703251898299e-07
7.859999999999999224e-12 -0.000000000000000000e+00 -4.656870658460751950e-07
7.862999999999999110e-12 0.000000000000000000e+00 -2.720865627433403575e-07
7.865999999999998996e-12 0.000000000000000000e+00 1.421886746530555323e-07
7.868999999999998883e-12 0.000000000000000000e+00 4.349939339747631127e-07
7.871999999999998769e-12 -0.000000000000000000e+00 3.678144211164566069e-07
7.875000000000000271e-12 -0.000000000000000000e+00 8.462841535322787833e-20
7.878000000000000157e-12 -0.000000000000000000e+00 -3.634270250877556578e-07
7.881000000000000043e-12 0.000000000000000000e+00 -4.246783615709852790e-07
7.883999999999999929e-12 0.000000000000000000e+00 -1.371609248474616340e-07
7.886999999999999816e-12 0.000000000000000000e+00 2.593348959603148181e-07
7.889999999999999702e-12 -0.000000000000000000e+00 4.385675623627373460e-07
7.892999999999999588e-12 -0.000000000000000000e+00 2.562414748565103164e-07
7.895999999999999474e-12 -0.000000000000000000e+00 -1.339082508655984708e-07
7.898999999999999361e-12 -0.000000000000000000e+00 -4.096618593417108759e-07
7.901999999999999247e-12 0.000000000000000000e+00 -3.463945767482944718e-07
7.904999999999999133e-12 0.000000000000000000e+00 -8.626368547070834151e-20
7.907999999999999019e-12 0.000000000000000000e+00 3.422626827736688662e-07
7.910999999999998906e-12 -0.000000000000000000e+00 3.999470191082172642e-07
7.913999999999998792e-12 -0.000000000000000000e+00 1.291732944149628660e-07
7.917000000000000294e-12 -0.000000000000000000e+00 -2.442324073361708664e-07
7.920000000000000180e-12 0.000000000000000000e+00 -4.130273758137174411e-07
7.923000000000000066e-12 0.000000000000000000e+00 -2.413191330531890348e-07
7.925999999999999952e-12 0.000000000000000000e+00 1.261100414195070420e-07
7.928999999999999839e-12 0.000000000000000000e+00 3.858050098901919615e-07
7.931999999999999725e-12 -0.000000000000000000e+00 3.262221270074749122e-07
7.934999999999999611e-12 -0.000000000000000000e+00 9.656971133917230861e-20
7.937999999999999497e-12 -0.000000000000000000e+00 -3.223308558056244509e-07
7.940999999999999384e-12 0.000000000000000000e+00 -3.766559179088603682e-07
7.943999999999999270e-12 0.000000000000000000e+00 -1.216508273662601066e-07
7.946999999999999156e-12 0.000000000000000000e+00 2.300094191810942045e-07
7.949999999999999042e-12 0.000000000000000000e+00 3.889745339407281327e-07
7.952999999999998929e-12 -0.000000000000000000e+00 2.272658007847980294e-07
7.955999999999998815e-12 -0.000000000000000000e+00 -1.187659643377242465e-07
7.959000000000000317e-12 -0.000000000000000000e+00 -3.633374751937002046e-07
7.962000000000000203e-12 0.000000000000000000e+00 -3.072244292860577896e-07
7.965000000000000089e-12 0.000000000000000000e+00 -9.152095142746343416e-20
7.967999999999999975e-12 0.000000000000000000e+00 3.035597680775980700e-07
7.970999999999999862e-12 -0.000000000000000000e+00 3.547211848511851519e-07
7.973999999999999748e-12 -0.000000000000000000e+00 1.145664346947164728e-07
7.976999999999999634e-12 -0.000000000000000000e+00 -2.166147133750786056e-07
7.979999999999999520e-12 -0.000000000000000000e+00 -3.663224205328433911e-07
7.982999999999999407e-12 0.000000000000000000e+00 -2.140308708757328298e-07
7.985999999999999293e-12 0.000000000000000000e+00 1.118495730102221113e-07
7.988999999999999179e-12 0.000000000000000000e+00 3.421783478594842753e-07
7.991999999999999065e-12 -0.000000000000000000e+00 2.893330713522586427e-07
7.994999999999998952e-12 -0.000000000000000000e+00 5.944880652034185914e-20
7.997999999999998838e-12 -0.000000000000000000e+00 -2.858818233985600888e-07
8.001000000000000340e-12 0.000000000000000000e+00 -3.340638312038240149e-07
8.004000000000000226e-12 0.000000000000000000e+00 -1.078946049346597436e-07
8.007000000000000112e-12 0.000000000000000000e+00 2.040000545091839674e-07
8.009999999999999998e-12 0.000000000000000000e+00 3.449894635145702176e-07
8.012999999999999885e-12 -0.000000000000000000e+00 2.015666832829097546e-07
8.015999999999999771e-12 -0.000000000000000000e+00 -1.053359609575747288e-07
8.018999999999999657e-12 -0.000000000000000000e+00 -3.222514321745198861e-07
8.021999999999999543e-12 0.000000000000000000e+00 -2.724836249925644101e-07
8.024999999999999430e-12 0.000000000000000000e+00 -6.507164093598805384e-20
8.027999999999999316e-12 0.000000000000000000e+00 2.692333620731553793e-07
8.030999999999999202e-12 -0.000000000000000000e+00 3.146094681810441987e-07
8.033999999999999088e-12 -0.000000000000000000e+00 1.016113122925629327e-07
8.036999999999998975e-12 -0.000000000000000000e+00 -1.921200161859903110e-07
8.039999999999998861e-12 -0.000000000000000000e+00 -3.248988411982807072e-07
8.043000000000000363e-12 0.000000000000000000e+00 -1.898283534680679260e-07
8.046000000000000249e-12 0.000000000000000000e+00 9.920167214084235397e-08
8.049000000000000135e-12 0.000000000000000000e+00 3.034849697186863734e-07
8.052000000000000021e-12 -0.000000000000000000e+00 2.566154140004758918e-07
8.054999999999999908e-12 -0.000000000000000000e+00 7.789430745295757457e-20
8.057999999999999794e-12 -0.000000000000000000e+00 -2.535544316581317062e-07
8.060999999999999680e-12 0.000000000000000000e+00 -2.962880390627106617e-07
8.063999999999999566e-12 0.000000000000000000e+00 -9.569393012810276881e-08
8.066999999999999453e-12 0.000000000000000000e+00 1.809318174355820011e-07
8.069999999999999339e-12 0.000000000000000000e+00 3.059782056431567667e-07
8.072999999999999225e-12 -0.000000000000000000e+00 1.787736107649294064e-07
8.075999999999999111e-12 -0.000000000000000000e+00 -9.342461649448419057e-08
8.078999999999998998e-12 -0.000000000000000000e+00 -2.858113809569405737e-07
8.081999999999998884e-12 0.000000000000000000e+00 -2.416712956766893329e-07
8.084999999999998770e-12 0.000000000000000000e+00 -8.125134582887653443e-20
8.088000000000000272e-12 0.000000000000000000e+00 2.387885710687333229e-07
8.091000000000000158e-12 -0.000000000000000000e+00 2.790335669144832360e-07
8.094000000000000044e-12 -0.000000000000000000e+00 9.012114947393654786e-08
8.096999999999999931e-12 -0.000000000000000000e+00 -1.703951686577707264e-07
8.099999999999999817e-12 -0.000000000000000000e+00 -2.881594221244700376e-07
8.102999999999999703e-12 0.000000000000000000e+00 -1.683626461591986479e-07
8.105999999999999589e-12 0.000000000000000000e+00 8.798399037822364236e-08
8.108999999999999476e-12 0.000000000000000000e+00 2.691670218799847135e-07
8.111999999999999362e-12 -0.000000000000000000e+00 2.275974550536473140e-07
8.114999999999999248e-12 -0.000000000000000000e+00 5.819549398319718134e-20
8.117999999999999134e-12 -0.000000000000000000e+00 -2.248826072578056145e-07
8.120999999999999021e-12 0.000000000000000000e+00 -2.627839169995592740e-07
8.123999999999998907e-12 0.000000000000000000e+00 -8.487290230037487363e-08
8.126999999999998793e-12 0.000000000000000000e+00 1.604721265360149325e-07
8.130000000000000295e-12 -0.000000000000000000e+00 2.713783237749586923e-07
8.133000000000000181e-12 -0.000000000000000000e+00 1.585579689331086727e-07
8.136000000000000067e-12 -0.000000000000000000e+00 -8.286020166145119499e-08
8.138999999999999954e-12 -0.000000000000000000e+00 -2.534919548170739970e-07
8.141999999999999840e-12 0.000000000000000000e+00 -2.143432111035520808e-07
8.144999999999999726e-12 0.000000000000000000e+00 -3.946523206548011421e-20
8.147999999999999612e-12 0.000000000000000000e+00 2.117864637353675615e-07
8.150999999999999499e-12 -0.000000000000000000e+00 2.474805730265330462e-07
8.153999999999999385e-12 -0.000000000000000000e+00 7.993028924884972143e-08
8.156999999999999271e-12 -0.000000000000000000e+00 -1.511269574004674400e-07
8.159999999999999157e-12 -0.000000000000000000e+00 -2.555744805148031237e-07
8.162999999999999044e-12 0.000000000000000000e+00 -1.493242716583592414e-07
8.165999999999998930e-12 0.000000000000000000e+00 7.803479917038926256e-08
8.168999999999998816e-12 0.000000000000000000e+00 2.387297325956614692e-07
8.172000000000000318e-12 -0.000000000000000000e+00 2.018608342318951383e-07
8.175000000000000204e-12 -0.000000000000000000e+00 5.019373306451809887e-20
8.178000000000000090e-12 -0.000000000000000000e+00 -1.994529802391881940e-07
8.180999999999999977e-12 0.000000000000000000e+00 -2.330684264275022828e-07
8.183999999999999863e-12 0.000000000000000000e+00 -7.527551157371600023e-08
8.186999999999999749e-12 0.000000000000000000e+00 1.423260085482411778e-07
8.189999999999999635e-12 0.000000000000000000e+00 2.406909814380606960e-07
8.192999999999999522e-12 -0.000000000000000000e+00 1.406283030511610755e-07
8.195999999999999408e-12 -0.000000000000000000e+00 -7.349040624402020837e-08
8.198999999999999294e-12 -0.000000000000000000e+00 -2.248271952706382744e-07
8.201999999999999180e-12 0.000000000000000000e+00 -1.901053743993401953e-07
8.204999999999999067e-12 0.000000000000000000e+00 -6.720199909710993727e-20
8.207999999999998953e-12 0.000000000000000000e+00 1.878377429069358664e-07
8.210999999999998839e-12 -0.000000000000000000e+00 2.194955779077148605e-07
8.214000000000000341e-12 -0.000000000000000000e+00 7.089180704754845768e-08
8.217000000000000227e-12 -0.000000000000000000e+00 -1.340375870573319904e-07
8.220000000000000113e-12 0.000000000000000000e+00 -2.266742298719475402e-07
8.223000000000000000e-12 0.000000000000000000e+00 -1.324387482317238337e-07
8.225999999999999886e-12 0.000000000000000000e+00 6.921065815931251138e-08
8.228999999999999772e-12 0.000000000000000000e+00 2.117342786911034307e-07
8.231999999999999658e-12 -0.000000000000000000e+00 1.790344992530489726e-07
8.234999999999999545e-12 -0.000000000000000000e+00 5.887723590995859140e-20
8.237999999999999431e-12 -0.000000000000000000e+00 -1.768989243382687388e-07
8.240999999999999317e-12 0.000000000000000000e+00 -2.067131505520568147e-07
8.243999999999999203e-12 0.000000000000000000e+00 -6.676338959906640306e-08
8.246999999999999090e-12 0.000000000000000000e+00 1.262318456578152980e-07
8.249999999999998976e-12 0.000000000000000000e+00 2.134737503709197669e-07
8.252999999999998862e-12 -0.000000000000000000e+00 1.247261159569152707e-07
8.256000000000000364e-12 -0.000000000000000000e+00 -6.518014320048064949e-08
8.259000000000000250e-12 -0.000000000000000000e+00 -1.994038342153288083e-07
8.262000000000000136e-12 0.000000000000000000e+00 -1.686083416845255897e-07
8.265000000000000023e-12 0.000000000000000000e+00 -3.722971037508819349e-20
8.267999999999999909e-12 0.000000000000000000e+00 1.665971329709957379e-07
8.270999999999999795e-12 -0.000000000000000000e+00 1.946751138153850443e-07
8.273999999999999681e-12 -0.000000000000000000e+00 6.287539246625592122e-08
8.276999999999999568e-12 -0.000000000000000000e+00 -1.188806752494220761e-07
8.279999999999999454e-12 -0.000000000000000000e+00 -2.010420069505523409e-07
8.282999999999999340e-12 0.000000000000000000e+00 -1.174626324199350855e-07
8.285999999999999226e-12 0.000000000000000000e+00 6.138434716016103000e-08
8.288999999999999113e-12 0.000000000000000000e+00 1.877914589247137939e-07
8.291999999999998999e-12 -0.000000000000000000e+00 1.587893562649424307e-07
8.294999999999998885e-12 -0.000000000000000000e+00 3.529852556485653840e-20
8.297999999999998771e-12 -0.000000000000000000e+00 -1.568952712289042020e-07
8.301000000000000273e-12 0.000000000000000000e+00 -1.833381177628104475e-07
8.304000000000000159e-12 0.000000000000000000e+00 -5.921381465991522675e-08
8.307000000000000046e-12 0.000000000000000000e+00 1.119576036784498110e-07
8.309999999999999932e-12 0.000000000000000000e+00 1.893342319066313078e-07
8.312999999999999818e-12 -0.000000000000000000e+00 1.106221412345461146e-07
8.315999999999999704e-12 -0.000000000000000000e+00 -5.780960107265585383e-08
8.318999999999999591e-12 -0.000000000000000000e+00 -1.768553357253390110e-07
8.321999999999999477e-12 0.000000000000000000e+00 -1.495421840410044240e-07
8.324999999999999363e-12 0.000000000000000000e+00 -4.257006007250035697e-20
8.327999999999999249e-12 0.000000000000000000e+00 1.477584019304597542e-07
8.330999999999999136e-12 -0.000000000000000000e+00 1.726613369631122627e-07
8.333999999999999022e-12 -0.000000000000000000e+00 5.576547054494870612e-08
8.336999999999998908e-12 -0.000000000000000000e+00 -1.054377004094385788e-07
8.339999999999998794e-12 -0.000000000000000000e+00 -1.783082646030812536e-07
8.343000000000000296e-12 0.000000000000000000e+00 -1.041800092438507436e-07
8.346000000000000182e-12 0.000000000000000000e+00 5.444303199087205216e-08
8.349000000000000069e-12 0.000000000000000000e+00 1.665560827612552763e-07
8.351999999999999955e-12 -0.000000000000000000e+00 1.408335252045500921e-07
8.354999999999999841e-12 -0.000000000000000000e+00 4.897797893068414867e-20
8.357999999999999727e-12 -0.000000000000000000e+00 -1.391536224771857072e-07
8.360999999999999614e-12 0.000000000000000000e+00 -1.626063234730967274e-07
8.363999999999999500e-12 0.000000000000000000e+00 -5.251794235787416865e-08
8.366999999999999386e-12 0.000000000000000000e+00 9.929748674828455762e-08
8.369999999999999272e-12 0.000000000000000000e+00 1.679243996481330480e-07
8.372999999999999158e-12 -0.000000000000000000e+00 9.811303781433525372e-08
8.375999999999999045e-12 -0.000000000000000000e+00 -5.127251662979683902e-08
8.378999999999998931e-12 -0.000000000000000000e+00 -1.568566115972709143e-07
8.381999999999998817e-12 0.000000000000000000e+00 -1.326320191772818871e-07
8.385000000000000319e-12 0.000000000000000000e+00 -3.737948873495764583e-20
8.388000000000000205e-12 0.000000000000000000e+00 1.310499463687896632e-07
8.391000000000000092e-12 -0.000000000000000000e+00 1.531368683834854858e-07
8.393999999999999978e-12 -0.000000000000000000e+00 4.945953548945638204e-08
8.396999999999999864e-12 -0.000000000000000000e+00 -9.351485129359547918e-08
8.399999999999999750e-12 0.000000000000000000e+00 -1.581452439120389927e-07
8.402999999999999637e-12 0.000000000000000000e+00 -9.239937929574303993e-08
8.405999999999999523e-12 0.000000000000000000e+00 4.828663770956016261e-08
8.408999999999999409e-12 0.000000000000000000e+00 1.477219936605126712e-07
8.411999999999999295e-12 -0.000000000000000000e+00 1.249081316788270481e-07
8.414999999999999181e-12 -0.000000000000000000e+00 3.026729290802600751e-20
8.417999999999999068e-12 -0.000000000000000000e+00 -1.234181916182469975e-07
8.420999999999998954e-12 0.000000000000000000e+00 -1.442188714277261061e-07
8.423999999999998840e-12 0.000000000000000000e+00 -4.657923637152096459e-08
8.427000000000000342e-12 0.000000000000000000e+00 8.806897031171395096e-08
8.430000000000000228e-12 -0.000000000000000000e+00 1.489355818713901140e-07
8.433000000000000115e-12 -0.000000000000000000e+00 8.701845834593219881e-08
8.436000000000000001e-12 -0.000000000000000000e+00 -4.547464284089324243e-08
8.438999999999999887e-12 -0.000000000000000000e+00 -1.391193344598287071e-07
8.441999999999999773e-12 0.000000000000000000e+00 -1.176340483713945479e-07
8.444999999999999659e-12 0.000000000000000000e+00 -3.319184057915475176e-20
8.447999999999999546e-12 0.000000000000000000e+00 1.162308756651685944e-07
8.450999999999999432e-12 -0.000000000000000000e+00 1.358202181841828720e-07
8.453999999999999318e-12 -0.000000000000000000e+00 4.386667281614147004e-08
8.456999999999999204e-12 -0.000000000000000000e+00 -8.294023274885359132e-08
8.459999999999999091e-12 -0.000000000000000000e+00 -1.402622487952105073e-07
8.462999999999998977e-12 0.000000000000000000e+00 -8.195089783738194717e-08
8.465999999999998863e-12 0.000000000000000000e+00 4.282640580496104827e-08
8.468999999999998749e-12 0.000000000000000000e+00 1.310176551301125803e-07
8.472000000000000251e-12 -0.000000000000000000e+00 1.107835746981166385e-07
8.475000000000000138e-12 -0.000000000000000000e+00 3.337894971564820567e-20
8.478000000000000024e-12 -0.000000000000000000e+00 -1.094621164088972557e-07
8.480999999999999910e-12 0.000000000000000000e+00 -1.279106644295401337e-07
8.483999999999999796e-12 0.000000000000000000e+00 -4.131207666458662706e-08
8.486999999999999682e-12 0.000000000000000000e+00 7.811016961009564386e-08
8.489999999999999569e-12 0.000000000000000000e+00 1.320940113161015571e-07
8.492999999999999455e-12 -0.000000000000000000e+00 7.717844907863068275e-08
8.495999999999999341e-12 -0.000000000000000000e+00 -4.033239008800435949e-08
8.498999999999999227e-12 -0.000000000000000000e+00 -1.233877808749162550e-07
8.501999999999999114e-12 0.000000000000000000e+00 -1.043320415543648269e-07
8.504999999999999000e-12 0.000000000000000000e+00 -2.346023065465820299e-20
8.507999999999998886e-12 0.000000000000000000e+00 1.030875390049758007e-07
8.510999999999998772e-12 -0.000000000000000000e+00 1.204617272269353725e-07
8.514000000000000274e-12 -0.000000000000000000e+00 3.890624861141332653e-08
8.517000000000000160e-12 -0.000000000000000000e+00 -7.356138745104466756e-08
8.520000000000000047e-12 -0.000000000000000000e+00 -1.244014549563806747e-07
8.522999999999999933e-12 0.000000000000000000e+00 -7.268392609928745553e-08
8.525999999999999819e-12 0.000000000000000000e+00 3.798361453957127070e-08
8.528999999999999705e-12 0.000000000000000000e+00 1.162022359056610500e-07
8.531999999999999592e-12 -0.000000000000000000e+00 9.825621645233723871e-08
8.534999999999999478e-12 -0.000000000000000000e+00 2.207853666619684919e-20
8.537999999999999364e-12 -0.000000000000000000e+00 -9.708418808936747309e-08
8.540999999999999250e-12 0.000000000000000000e+00 -1.134465823566273827e-07
8.543999999999999137e-12 0.000000000000000000e+00 -3.664052507704300781e-08
8.546999999999999023e-12 0.000000000000000000e+00 6.927750574263966797e-08
8.549999999999998909e-12 0.000000000000000000e+00 1.171568782041966039e-07
8.552999999999998795e-12 -0.000000000000000000e+00 6.845114376197029671e-08
8.556000000000000297e-12 -0.000000000000000000e+00 -3.577162103069837248e-08
8.559000000000000183e-12 -0.000000000000000000e+00 -1.094351444991388669e-07
8.562000000000000070e-12 0.000000000000000000e+00 -9.253421985899011461e-08
8.564999999999999956e-12 0.000000000000000000e+00 -2.599473999807219826e-20
8.567999999999999842e-12 0.000000000000000000e+00 9.143044511438415476e-08
8.570999999999999728e-12 -0.000000000000000000e+00 1.068399677198162965e-07
8.573999999999999615e-12 -0.000000000000000000e+00 3.450674700946804956e-08
8.576999999999999501e-12 -0.000000000000000000e+00 -6.524309788359172813e-08
8.579999999999999387e-12 -0.000000000000000000e+00 -1.103341927581601549e-07
8.582999999999999273e-12 0.000000000000000000e+00 -6.446485947830353735e-08
8.585999999999999160e-12 0.000000000000000000e+00 3.368844399552315912e-08
8.588999999999999046e-12 0.000000000000000000e+00 1.030621378169538881e-07
8.591999999999998932e-12 -0.000000000000000000e+00 8.714544640608568076e-08
8.594999999999998818e-12 -0.000000000000000000e+00 2.782895583975615172e-20
8.598000000000000320e-12 -0.000000000000000000e+00 -8.610595049854630221e-08
8.601000000000000206e-12 0.000000000000000000e+00 -1.006180923678095098e-07
8.604000000000000093e-12 0.000000000000000000e+00 -3.249723050288272984e-08
8.606999999999999979e-12 0.000000000000000000e+00 6.144363564793196706e-08
8.609999999999999865e-12 0.000000000000000000e+00 1.039088295812839397e-07
8.612999999999999751e-12 -0.000000000000000000e+00 6.071071831915835136e-08
8.615999999999999638e-12 -0.000000000000000000e+00 -3.172658174662509151e-08
8.618999999999999524e-12 -0.000000000000000000e+00 -9.706026615138110200e-08
8.621999999999999410e-12 0.000000000000000000e+00 -8.207049068861713676e-08
8.624999999999999296e-12 0.000000000000000000e+00 -2.142422375518660868e-20
8.627999999999999183e-12 0.000000000000000000e+00 8.109153031009617940e-08
8.630999999999999069e-12 -0.000000000000000000e+00 9.475855082890614160e-08
8.633999999999998955e-12 -0.000000000000000000e+00 3.060473912732095802e-08
8.636999999999998841e-12 -0.000000000000000000e+00 -5.786543686770163215e-08
8.639999999999998728e-12 -0.000000000000000000e+00 -9.785765042590412992e-08
8.643000000000000229e-12 0.000000000000000000e+00 -5.717520132140184955e-08
8.646000000000000116e-12 0.000000000000000000e+00 2.987896946083926565e-08
8.649000000000000002e-12 0.000000000000000000e+00 9.140791628162104449e-08
8.651999999999999888e-12 -0.000000000000000000e+00 7.729107738439398232e-08
8.654999999999999774e-12 -0.000000000000000000e+00 1.673647976863419535e-20
8.657999999999999661e-12 -0.000000000000000000e+00 -7.636912722012272480e-08
8.660999999999999547e-12 0.000000000000000000e+00 -8.924024242450460515e-08
8.663999999999999433e-12 0.000000000000000000e+00 -2.882245786970925840e-08
8.666999999999999319e-12 0.000000000000000000e+00 5.449561616235952391e-08
8.669999999999999206e-12 0.000000000000000000e+00 9.215886451100274265e-08
8.672999999999999092e-12 -0.000000000000000000e+00 5.384557680503784953e-08
8.675999999999998978e-12 -0.000000000000000000e+00 -2.813895373826262378e-08
8.678999999999998864e-12 -0.000000000000000000e+00 -8.608473364286812639e-08
8.681999999999998751e-12 0.000000000000000000e+00 -7.278999544314014951e-08
8.685000000000000252e-12 0.000000000000000000e+00 -1.975936216843103052e-20
8.688000000000000139e-12 0.000000000000000000e+00 7.192173547669228089e-08
8.691000000000000025e-12 -0.000000000000000000e+00 8.404329528385972438e-08
8.693999999999999911e-12 -0.000000000000000000e+00 2.714396859242262323e-08
8.696999999999999797e-12 -0.000000000000000000e+00 -5.132203853752630773e-08
8.699999999999999684e-12 -0.000000000000000000e+00 -8.679195005185743938e-08
8.702999999999999570e-12 0.000000000000000000e+00 -5.070985452537473514e-08
8.705999999999999456e-12 0.000000000000000000e+00 2.650026864285850260e-08
8.708999999999999342e-12 0.000000000000000000e+00 8.107154902789727310e-08
8.711999999999999229e-12 -0.000000000000000000e+00 6.855103610811017781e-08
8.714999999999999115e-12 -0.000000000000000000e+00 2.299735178718931326e-20
8.717999999999999001e-12 -0.000000000000000000e+00 -6.773333966577341611e-08
8.720999999999998887e-12 0.000000000000000000e+00 -7.914899478388728387e-08
8.723999999999998774e-12 0.000000000000000000e+00 -2.556322692107079478e-08
8.727000000000000275e-12 0.000000000000000000e+00 4.833327568588358411e-08
8.730000000000000162e-12 -0.000000000000000000e+00 8.173758035945351784e-08
8.733000000000000048e-12 -0.000000000000000000e+00 4.775674249521464871e-08
8.735999999999999934e-12 -0.000000000000000000e+00 -2.495701313829805434e-08
8.738999999999999820e-12 -0.000000000000000000e+00 -7.635030955720876721e-08
8.741999999999999707e-12 0.000000000000000000e+00 -6.455893454706939909e-08
8.744999999999999593e-12 0.000000000000000000e+00 -1.983561710848614596e-20
8.747999999999999479e-12 0.000000000000000000e+00 6.378885703844075105e-08
8.750999999999999365e-12 -0.000000000000000000e+00 7.453971615630715202e-08
8.753999999999999252e-12 -0.000000000000000000e+00 2.407454047822614752e-08
8.756999999999999138e-12 -0.000000000000000000e+00 -4.551856483291818757e-08
8.759999999999999024e-12 -0.000000000000000000e+00 -7.697755424352473803e-08
8.762999999999998910e-12 0.000000000000000000e+00 -4.497560632150380122e-08
8.765999999999998797e-12 0.000000000000000000e+00 2.350362983785081638e-08
8.769000000000000298e-12 0.000000000000000000e+00 7.190401366915966861e-08
8.772000000000000185e-12 -0.000000000000000000e+00 6.079931488241389877e-08
8.775000000000000071e-12 -0.000000000000000000e+00 1.336544235148124167e-20
8.777999999999999957e-12 -0.000000000000000000e+00 -6.007408319668334904e-08
8.780999999999999843e-12 0.000000000000000000e+00 -7.019886101944731150e-08
8.783999999999999730e-12 0.000000000000000000e+00 -2.267254838472948049e-08
8.786999999999999616e-12 0.000000000000000000e+00 4.286776997930066205e-08
8.789999999999999502e-12 0.000000000000000000e+00 7.249473046861170201e-08
8.792999999999999388e-12 -0.000000000000000000e+00 4.235643091004091280e-08
8.795999999999999275e-12 -0.000000000000000000e+00 -2.213488499178085128e-08
8.798999999999999161e-12 -0.000000000000000000e+00 -6.771664989597348600e-08
8.801999999999999047e-12 0.000000000000000000e+00 -5.725863842248102927e-08
8.804999999999998933e-12 0.000000000000000000e+00 -1.459417120645890051e-20
8.807999999999998820e-12 0.000000000000000000e+00 5.657564094222575992e-08
8.811000000000000321e-12 -0.000000000000000000e+00 6.611079760612742694e-08
8.814000000000000208e-12 -0.000000000000000000e+00 2.135220195471428651e-08
8.817000000000000094e-12 -0.000000000000000000e+00 -4.037134540035071688e-08
8.819999999999999980e-12 -0.000000000000000000e+00 -6.827296602708845880e-08
8.822999999999999866e-12 0.000000000000000000e+00 -3.988978440029139847e-08
8.825999999999999753e-12 0.000000000000000000e+00 2.084584964022169225e-08
8.828999999999999639e-12 0.000000000000000000e+00 6.377313920516800219e-08
8.831999999999999525e-12 -0.000000000000000000e+00 5.392415490761935755e-08
8.834999999999999411e-12 -0.000000000000000000e+00 1.803884585676955710e-20
8.837999999999999298e-12 -0.000000000000000000e+00 -5.328093210418240284e-08
8.840999999999999184e-12 0.000000000000000000e+00 -6.226080447241814192e-08
8.843999999999999070e-12 0.000000000000000000e+00 -2.010874651488171891e-08
8.846999999999998956e-12 0.000000000000000000e+00 3.802030127112666258e-08
8.849999999999998843e-12 0.000000000000000000e+00 6.429705800691353114e-08
8.852999999999998729e-12 -0.000000000000000000e+00 3.756678420051853854e-08
8.856000000000000231e-12 -0.000000000000000000e+00 -1.963188186358812199e-08
8.859000000000000117e-12 -0.000000000000000000e+00 -6.005928069875677779e-08
8.862000000000000003e-12 0.000000000000000000e+00 -5.078385659549891054e-08
8.864999999999999889e-12 0.000000000000000000e+00 -1.814070879908198873e-20
8.867999999999999776e-12 0.000000000000000000e+00 5.017809217202778975e-08
8.870999999999999662e-12 -0.000000000000000000e+00 5.863501748454550593e-08
8.873999999999999548e-12 -0.000000000000000000e+00 1.893770428255052302e-08
8.876999999999999434e-12 -0.000000000000000000e+00 -3.580617129333508799e-08
8.879999999999999321e-12 -0.000000000000000000e+00 -6.055268884471862109e-08
8.882999999999999207e-12 0.000000000000000000e+00 -3.537906500085857334e-08
8.885999999999999093e-12 0.000000000000000000e+00 1.848861006664556384e-08
8.888999999999998979e-12 0.000000000000000000e+00 5.656170047466995551e-08
8.891999999999998866e-12 -0.000000000000000000e+00 4.782643502026596200e-08
8.894999999999998752e-12 -0.000000000000000000e+00 1.247382861955321361e-20
8.898000000000000254e-12 -0.000000000000000000e+00 -4.725594757053942608e-08
8.901000000000000140e-12 0.000000000000000000e+00 -5.522037989303518670e-08
8.904000000000000026e-12 0.000000000000000000e+00 -1.783485824080778260e-08
8.906999999999999912e-12 0.000000000000000000e+00 3.372098220750920412e-08
8.909999999999999799e-12 -0.000000000000000000e+00 5.702637476711858227e-08
8.912999999999999685e-12 -0.000000000000000000e+00 3.331874864917723543e-08
8.915999999999999571e-12 -0.000000000000000000e+00 -1.741191723603887699e-08
8.918999999999999457e-12 -0.000000000000000000e+00 -5.326780346626073168e-08
8.921999999999999344e-12 0.000000000000000000e+00 -4.504124026985713642e-08
8.924999999999999230e-12 0.000000000000000000e+00 -1.011072217124818055e-20
8.927999999999999116e-12 0.000000000000000000e+00 4.450397542285177906e-08
8.930999999999999002e-12 -0.000000000000000000e+00 5.200459531430970166e-08
8.933999999999998889e-12 -0.000000000000000000e+00 1.679623695269588311e-08
8.936999999999998775e-12 -0.000000000000000000e+00 -3.175722508065748156e-08
8.940000000000000277e-12 0.000000000000000000e+00 -5.370541723455678444e-08
8.943000000000000163e-12 0.000000000000000000e+00 -3.137841578120518758e-08
8.946000000000000049e-12 0.000000000000000000e+00 1.639792611460382104e-08
8.948999999999999935e-12 0.000000000000000000e+00 5.016572808646066972e-08
8.951999999999999822e-12 -0.000000000000000000e+00 4.241824263480092201e-08
8.954999999999999708e-12 -0.000000000000000000e+00 1.303857042933453498e-20
8.957999999999999594e-12 -0.000000000000000000e+00 -4.191226565674573185e-08
8.960999999999999480e-12 0.000000000000000000e+00 -4.897608345042097761e-08
8.963999999999999367e-12 0.000000000000000000e+00 -1.581810025973040956e-08
8.966999999999999253e-12 0.000000000000000000e+00 2.990782826601287121e-08
8.969999999999999139e-12 0.000000000000000000e+00 5.057785721285097755e-08
8.972999999999999025e-12 -0.000000000000000000e+00 2.955107910280294927e-08
8.975999999999998912e-12 -0.000000000000000000e+00 -1.544298523906574844e-08
8.978999999999998798e-12 -0.000000000000000000e+00 -4.724430351325945229e-08
8.982000000000000300e-12 0.000000000000000000e+00 -3.994799649042882083e-08
8.985000000000000186e-12 0.000000000000000000e+00 -1.490732862073002092e-20
8.988000000000000072e-12 0.000000000000000000e+00 3.947148531768283258e-08
8.990999999999999958e-12 -0.000000000000000000e+00 4.612393838746927599e-08
8.993999999999999845e-12 -0.000000000000000000e+00 1.489692581329530922e-08
8.996999999999999731e-12 -0.000000000000000000e+00 -2.816613193745797034e-08
8.999999999999999617e-12 -0.000000000000000000e+00 -4.763243210775050339e-08
9.002999999999999503e-12 0.000000000000000000e+00 -2.783015822816228960e-08
9.005999999999999390e-12 0.000000000000000000e+00 1.454365579081689448e-08
9.008999999999999276e-12 0.000000000000000000e+00 4.449300946267665271e-08
9.011999999999999162e-12 -0.000000000000000000e+00 3.762160628243243366e-08
9.014999999999999048e-12 -0.000000000000000000e+00 1.239791511952819473e-20
9.017999999999998934e-12 -0.000000000000000000e+00 -3.717284496008562870e-08
9.020999999999998821e-12 0.000000000000000000e+00 -4.343788932254199621e-08
9.024000000000000323e-12 0.000000000000000000e+00 -1.402939639039405087e-08
9.027000000000000209e-12 0.000000000000000000e+00 2.652586410695486853e-08
9.030000000000000095e-12 0.000000000000000000e+00 4.485853520743848678e-08
9.032999999999999981e-12 -0.000000000000000000e+00 2.620945598331788768e-08
9.035999999999999868e-12 -0.000000000000000000e+00 -1.369669921245178491e-08
9.038999999999999754e-12 -0.000000000000000000e+00 -4.190193830437796138e-08
9.041999999999999640e-12 0.000000000000000000e+00 -3.543069449326319458e-08
9.044999999999999526e-12 0.000000000000000000e+00 -8.957053216220295418e-21
9.047999999999999413e-12 0.000000000000000000e+00 3.500806699583581701e-08
9.050999999999999299e-12 -0.000000000000000000e+00 4.090826357772720521e-08
9.053999999999999185e-12 -0.000000000000000000e+00 1.321238794806653964e-08
9.056999999999999071e-12 -0.000000000000000000e+00 -2.498111803860630098e-08
9.059999999999998957e-12 -0.000000000000000000e+00 -4.224617748690579235e-08
9.062999999999998844e-12 0.000000000000000000e+00 -2.468313608962592637e-08
9.065999999999998730e-12 0.000000000000000000e+00 1.289906554545844966e-08
9.069000000000000232e-12 0.000000000000000000e+00 3.946175938349842076e-08
9.072000000000000118e-12 -0.000000000000000000e+00 3.336737147401432081e-08
9.075000000000000004e-12 -0.000000000000000000e+00 9.095791681783260014e-21
9.077999999999999891e-12 -0.000000000000000000e+00 -3.296935588601905441e-08
9.080999999999999777e-12 0.000000000000000000e+00 -3.852595176802024944e-08
9.083999999999999663e-12 0.000000000000000000e+00 -1.244295837344617483e-08
9.086999999999999549e-12 0.000000000000000000e+00 2.352633097804024534e-08
9.089999999999999435e-12 0.000000000000000000e+00 3.978595163667345033e-08
9.092999999999999322e-12 -0.000000000000000000e+00 2.324570214684437083e-08
9.095999999999999208e-12 -0.000000000000000000e+00 -1.214788244709001706e-08
9.098999999999999094e-12 -0.000000000000000000e+00 -3.716368542021400794e-08
9.101999999999998980e-12 0.000000000000000000e+00 -3.142420703315860075e-08
9.104999999999998867e-12 0.000000000000000000e+00 -1.019630980545929488e-20
9.107999999999998753e-12 0.000000000000000000e+00 3.104937006856908505e-08
9.111000000000000255e-12 -0.000000000000000000e+00 3.628237499769972056e-08
9.114000000000000141e-12 -0.000000000000000000e+00 1.171833688897866468e-08
9.117000000000000027e-12 -0.000000000000000000e+00 -2.215626412048136898e-08
9.119999999999999914e-12 -0.000000000000000000e+00 -3.746899818631767064e-08
9.122999999999999800e-12 0.000000000000000000e+00 -2.189197784016317028e-08
9.125999999999999686e-12 0.000000000000000000e+00 1.144044484681826853e-08
9.128999999999999572e-12 0.000000000000000000e+00 3.499944086603945593e-08
9.131999999999999458e-12 -0.000000000000000000e+00 2.959420367983879333e-08
9.134999999999999345e-12 -0.000000000000000000e+00 1.091054544175165352e-20
9.137999999999999231e-12 -0.000000000000000000e+00 -2.924119552071048631e-08
9.140999999999999117e-12 0.000000000000000000e+00 -3.416945396703795662e-08
9.143999999999999003e-12 0.000000000000000000e+00 -1.103591407463212202e-08
9.146999999999998890e-12 0.000000000000000000e+00 2.086598374539515863e-08
9.149999999999998776e-12 0.000000000000000000e+00 3.528697360080667492e-08
9.153000000000000278e-12 -0.000000000000000000e+00 2.061708829987679834e-08
9.156000000000000164e-12 -0.000000000000000000e+00 -1.077420520516189186e-08
9.159000000000000050e-12 -0.000000000000000000e+00 -3.296123210291571506e-08
9.161999999999999936e-12 0.000000000000000000e+00 -2.787077142533919425e-08
9.164999999999999823e-12 0.000000000000000000e+00 -8.009813212722212091e-21
9.167999999999999709e-12 0.000000000000000000e+00 2.753832086100878335e-08
9.170999999999999595e-12 -0.000000000000000000e+00 3.217957987809500442e-08
9.173999999999999481e-12 -0.000000000000000000e+00 1.039323247116995199e-08
9.176999999999999368e-12 -0.000000000000000000e+00 -1.965084344975956735e-08
9.179999999999999254e-12 -0.000000000000000000e+00 -3.323202023476296591e-08
9.182999999999999140e-12 0.000000000000000000e+00 -1.941644254659775774e-08
9.185999999999999026e-12 0.000000000000000000e+00 1.014676433978074267e-08
9.188999999999998913e-12 0.000000000000000000e+00 3.104171937776432719e-08
9.191999999999998799e-12 -0.000000000000000000e+00 2.624770405201739787e-08
9.195000000000000301e-12 -0.000000000000000000e+00 7.619092004947266965e-21
9.198000000000000187e-12 -0.000000000000000000e+00 -2.593461390136092516e-08
9.201000000000000073e-12 0.000000000000000000e+00 -3.030558703483109087e-08
9.203999999999999959e-12 0.000000000000000000e+00 -9.787977730644481608e-09
9.206999999999999846e-12 0.000000000000000000e+00 1.850646741599923858e-08
9.209999999999999732e-12 0.000000000000000000e+00 3.129673803645365252e-08
9.212999999999999618e-12 -0.000000000000000000e+00 1.828571695876254660e-08
9.215999999999999504e-12 -0.000000000000000000e+00 -9.555862785842018601e-09
9.218999999999999391e-12 -0.000000000000000000e+00 -2.923399037145291098e-08
9.221999999999999277e-12 0.000000000000000000e+00 -2.471915676420593436e-08
9.224999999999999163e-12 0.000000000000000000e+00 -8.009784759386370586e-21
9.227999999999999049e-12 0.000000000000000000e+00 2.442429956450218300e-08
9.230999999999998936e-12 -0.000000000000000000e+00 2.854072703885465159e-08
9.233999999999998822e-12 -0.000000000000000000e+00 9.217970282233923017e-09
9.236999999999998708e-12 -0.000000000000000000e+00 -1.742873465432023104e-08
9.240000000000000210e-12 0.000000000000000000e+00 -2.947415789960916258e-08
9.243000000000000096e-12 0.000000000000000000e+00 -1.722083970292269646e-08
9.245999999999999982e-12 0.000000000000000000e+00 8.999372659503662242e-09
9.248999999999999869e-12 0.000000000000000000e+00 2.753153530697791076e-08
9.251999999999999755e-12 -0.000000000000000000e+00 2.327962514063810164e-08
9.254999999999999641e-12 -0.000000000000000000e+00 6.799778199392392544e-21
9.257999999999999527e-12 -0.000000000000000000e+00 -2.300193908748604629e-08
9.260999999999999414e-12 0.000000000000000000e+00 -2.687864448790203969e-08
9.263999999999999300e-12 0.000000000000000000e+00 -8.681157483440097941e-09
9.266999999999999186e-12 0.000000000000000000e+00 1.641376416269104240e-08
9.269999999999999072e-12 0.000000000000000000e+00 2.775771656711410311e-08
9.272999999999998959e-12 -0.000000000000000000e+00 1.621797607075053027e-08
9.275999999999998845e-12 -0.000000000000000000e+00 -8.475289995230461287e-09
9.278999999999998731e-12 -0.000000000000000000e+00 -2.592822350723528503e-08
9.282000000000000233e-12 0.000000000000000000e+00 -2.192392531258821918e-08
9.285000000000000119e-12 0.000000000000000000e+00 -4.419542842910798513e-21
9.288000000000000005e-12 0.000000000000000000e+00 2.166241043626099490e-08
9.290999999999999892e-12 -0.000000000000000000e+00 2.531335408952590338e-08
9.293999999999999778e-12 -0.000000000000000000e+00 8.175606228362388785e-09
9.296999999999999664e-12 -0.000000000000000000e+00 -1.545790095103962958e-08
9.299999999999999550e-12 -0.000000000000000000e+00 -2.614123299619255757e-08
9.302999999999999437e-12 0.000000000000000000e+00 -1.527351466995100076e-08
9.305999999999999323e-12 0.000000000000000000e+00 7.981727529349608006e-09
9.308999999999999209e-12 0.000000000000000000e+00 2.441828131795997642e-08
9.311999999999999095e-12 -0.000000000000000000e+00 2.064717529634619185e-08
9.314999999999998982e-12 -0.000000000000000000e+00 4.864097762097787791e-21
9.317999999999998868e-12 -0.000000000000000000e+00 -2.040088986081558566e-08
9.320999999999998754e-12 0.000000000000000000e+00 -2.383921910757575807e-08
9.324000000000000256e-12 0.000000000000000000e+00 -7.699495986423325066e-09
9.327000000000000142e-12 0.000000000000000000e+00 1.455770287934622322e-08
9.330000000000000028e-12 0.000000000000000000e+00 2.461888609997625864e-08
9.332999999999999915e-12 -0.000000000000000000e+00 1.438405441933970351e-08
9.335999999999999801e-12 -0.000000000000000000e+00 -7.516907903872734725e-09
9.338999999999999687e-12 -0.000000000000000000e+00 -2.299627131633654086e-08
9.341999999999999573e-12 0.000000000000000000e+00 -1.944477741279636985e-08
9.344999999999999460e-12 0.000000000000000000e+00 -6.487872731898294627e-21
9.347999999999999346e-12 0.000000000000000000e+00 1.921283452447303499e-08
9.350999999999999232e-12 -0.000000000000000000e+00 2.245093106385881793e-08
9.353999999999999118e-12 -0.000000000000000000e+00 7.251112246489266902e-09
9.356999999999999005e-12 -0.000000000000000000e+00 -1.370992826222394718e-08
9.359999999999998891e-12 -0.000000000000000000e+00 -2.318519378530745026e-08
9.362999999999998777e-12 0.000000000000000000e+00 -1.354639230128078692e-08
9.366000000000000279e-12 0.000000000000000000e+00 7.079157266085256313e-09
9.369000000000000165e-12 0.000000000000000000e+00 2.165707273040603268e-08
9.372000000000000051e-12 -0.000000000000000000e+00 1.831240173081211002e-08
9.374999999999999938e-12 -0.000000000000000000e+00 6.763301022843638404e-21
9.377999999999999824e-12 -0.000000000000000000e+00 -1.809396614477146883e-08
9.380999999999999710e-12 0.000000000000000000e+00 -2.114349062188733501e-08
9.383999999999999596e-12 0.000000000000000000e+00 -6.828840342782151711e-09
9.386999999999999483e-12 0.000000000000000000e+00 1.291152419534706996e-08
9.389999999999999369e-12 0.000000000000000000e+00 2.183499321128076936e-08
9.392999999999999255e-12 -0.000000000000000000e+00 1.275751182736468550e-08
9.395999999999999141e-12 -0.000000000000000000e+00 -6.666899240865176875e-09
9.398999999999999028e-12 -0.000000000000000000e+00 -2.039586299875161452e-08
9.401999999999998914e-12 0.000000000000000000e+00 -1.724597047482519471e-08
9.404999999999998800e-12 0.000000000000000000e+00 -4.939299928726769771e-21
9.407999999999998686e-12 0.000000000000000000e+00 1.704025558702107740e-08
9.411000000000000188e-12 -0.000000000000000000e+00 1.991218958386443341e-08
9.414000000000000074e-12 -0.000000000000000000e+00 6.431159640339965853e-09
9.416999999999999961e-12 -0.000000000000000000e+00 -1.215961556169434373e-08
9.419999999999999847e-12 -0.000000000000000000e+00 -2.056342219743732414e-08
9.422999999999999733e-12 0.000000000000000000e+00 -1.201457217579249783e-08
9.425999999999999619e-12 0.000000000000000000e+00 6.278649254028013269e-09
9.428999999999999506e-12 0.000000000000000000e+00 1.920810040406813174e-08
9.431999999999999392e-12 -0.000000000000000000e+00 1.624164334043099476e-08
9.434999999999999278e-12 -0.000000000000000000e+00 3.786228493751555509e-21
9.437999999999999164e-12 -0.000000000000000000e+00 -1.604790835506780034e-08
9.440999999999999051e-12 0.000000000000000000e+00 -1.875259393608921563e-08
9.443999999999998937e-12 0.000000000000000000e+00 -6.056638059090424264e-09
9.446999999999998823e-12 0.000000000000000000e+00 1.145149467802294102e-08
9.449999999999998709e-12 0.000000000000000000e+00 1.936590171466565048e-08
9.453000000000000211e-12 -0.000000000000000000e+00 1.131489796134983829e-08
9.456000000000000097e-12 -0.000000000000000000e+00 -5.913009186258322475e-09
9.458999999999999984e-12 -0.000000000000000000e+00 -1.808950771807650904e-08
9.461999999999999870e-12 0.000000000000000000e+00 -1.529580366514324963e-08
9.464999999999999756e-12 0.000000000000000000e+00 -4.502683490239547850e-21
9.467999999999999642e-12 0.000000000000000000e+00 1.511335092701264708e-08
9.470999999999999529e-12 -0.000000000000000000e+00 1.766052788171628281e-08
9.473999999999999415e-12 -0.000000000000000000e+00 5.703926916809021436e-09
9.476999999999999301e-12 -0.000000000000000000e+00 -1.078461154428987930e-08
9.479999999999999187e-12 -0.000000000000000000e+00 -1.823811939575056071e-08
9.482999999999999074e-12 0.000000000000000000e+00 -1.065596960112494396e-08
9.485999999999998960e-12 0.000000000000000000e+00 5.568662338374931062e-09
9.488999999999998846e-12 0.000000000000000000e+00 1.703605679888270007e-08
9.491999999999998732e-12 -0.000000000000000000e+00 1.440504540450045002e-08
9.495000000000000234e-12 -0.000000000000000000e+00 5.135371866010279229e-21
9.498000000000000120e-12 -0.000000000000000000e+00 -1.423321788667262721e-08
9.501000000000000007e-12 0.000000000000000000e+00 -1.663205880337634465e-08
9.503999999999999893e-12 0.000000000000000000e+00 -5.371756072407917527e-09
9.506999999999999779e-12 0.000000000000000000e+00 1.015656466089494532e-08
9.509999999999999665e-12 0.000000000000000000e+00 1.717601400619280569e-08
9.512999999999999552e-12 -0.000000000000000000e+00 1.003541424129162025e-08
9.515999999999999438e-12 -0.000000000000000000e+00 -5.244368689787627077e-09
9.518999999999999324e-12 -0.000000000000000000e+00 -1.604395408531448838e-08
9.521999999999999210e-12 0.000000000000000000e+00 -1.356616086662917879e-08
9.524999999999999097e-12 0.000000000000000000e+00 -4.475425194503428080e-21
9.527999999999998983e-12 0.000000000000000000e+00 1.340433980444556101e-08
9.530999999999998869e-12 -0.000000000000000000e+00 1.566348310150728141e-08
9.533999999999998755e-12 -0.000000000000000000e+00 5.058929352058697679e-09
9.537000000000000257e-12 -0.000000000000000000e+00 -9.565092380686867574e-09
9.540000000000000143e-12 -0.000000000000000000e+00 -1.617576081937865989e-08
9.543000000000000030e-12 0.000000000000000000e+00 -9.450997212273679948e-09
9.545999999999999916e-12 0.000000000000000000e+00 4.938960433082874562e-09
9.548999999999999802e-12 0.000000000000000000e+00 1.510962693600360145e-08
9.551999999999999688e-12 -0.000000000000000000e+00 1.277612916108913237e-08
9.554999999999999575e-12 -0.000000000000000000e+00 3.142557130346020907e-21
9.557999999999999461e-12 -0.000000000000000000e+00 -1.262373182393888978e-08
9.560999999999999347e-12 0.000000000000000000e+00 -1.475131285739537899e-08
9.563999999999999233e-12 0.000000000000000000e+00 -4.764320241676568727e-09
9.566999999999999120e-12 0.000000000000000000e+00 9.008064764588131100e-09
9.569999999999999006e-12 0.000000000000000000e+00 1.523375784343238680e-08
9.572999999999998892e-12 -0.000000000000000000e+00 8.900613981522754602e-09
9.575999999999998778e-12 -0.000000000000000000e+00 -4.651337768653356973e-09
9.579000000000000280e-12 -0.000000000000000000e+00 -1.422971076401735334e-08
9.582000000000000166e-12 0.000000000000000000e+00 -1.203210532040535652e-08
9.585000000000000053e-12 0.000000000000000000e+00 -3.323548799633555561e-21
9.587999999999999939e-12 0.000000000000000000e+00 1.188858291326421088e-08
9.590999999999999825e-12 -0.000000000000000000e+00 1.389226327290054816e-08
9.593999999999999711e-12 -0.000000000000000000e+00 4.486867830249194246e-09
9.596999999999999598e-12 -0.000000000000000000e+00 -8.483475911518529825e-09
9.599999999999999484e-12 -0.000000000000000000e+00 -1.434661285015564316e-08
9.602999999999999370e-12 0.000000000000000000e+00 -8.382282574922975137e-09
9.605999999999999256e-12 0.000000000000000000e+00 4.380464944237888302e-09
9.608999999999999143e-12 0.000000000000000000e+00 1.340103692071346334e-08
9.611999999999999029e-12 -0.000000000000000000e+00 1.133141005510870869e-08
9.614999999999998915e-12 -0.000000000000000000e+00 3.930956386509148069e-21
9.617999999999998801e-12 -0.000000000000000000e+00 -1.119624574228756605e-08
9.620999999999998687e-12 0.000000000000000000e+00 -1.308324084163308326e-08
9.624000000000000189e-12 0.000000000000000000e+00 -4.225572989409516913e-09
9.627000000000000076e-12 0.000000000000000000e+00 7.989436734983884973e-09
9.629999999999999962e-12 0.000000000000000000e+00 1.351113115934059855e-08
9.632999999999999848e-12 -0.000000000000000000e+00 7.894136439544227680e-09
9.635999999999999734e-12 -0.000000000000000000e+00 -4.125366525091705711e-09
9.638999999999999621e-12 -0.000000000000000000e+00 -1.262062128518071294e-08
9.641999999999999507e-12 0.000000000000000000e+00 -1.067152010540152125e-08
9.644999999999999393e-12 0.000000000000000000e+00 -4.154997952924813440e-21
9.647999999999999279e-12 0.000000000000000000e+00 1.054422714937972747e-08
9.650999999999999166e-12 -0.000000000000000000e+00 1.232133220899084276e-08
9.653999999999999052e-12 -0.000000000000000000e+00 3.979494775497448790e-09
9.656999999999998938e-12 -0.000000000000000000e+00 -7.524168160322899625e-09
9.659999999999998824e-12 -0.000000000000000000e+00 -1.272430413447176237e-08
9.662999999999998710e-12 0.000000000000000000e+00 -7.434417722037309695e-09
9.666000000000000212e-12 0.000000000000000000e+00 3.885123881367516327e-09
9.669000000000000099e-12 0.000000000000000000e+00 1.188565351818163178e-08
9.671999999999999985e-12 -0.000000000000000000e+00 1.005005915469774282e-08
9.674999999999999871e-12 -0.000000000000000000e+00 3.070171843965343874e-21
9.677999999999999757e-12 -0.000000000000000000e+00 -9.930179163342314369e-09
9.680999999999999644e-12 0.000000000000000000e+00 -1.160379368093638826e-08
9.683999999999999530e-12 0.000000000000000000e+00 -3.747747041146442195e-09
9.686999999999999416e-12 0.000000000000000000e+00 7.085994718116524827e-09
9.689999999999999302e-12 0.000000000000000000e+00 1.198329834838482445e-08
9.692999999999999188e-12 -0.000000000000000000e+00 7.001470938464362217e-09
9.695999999999999075e-12 -0.000000000000000000e+00 -3.658871880053633875e-09
9.698999999999998961e-12 -0.000000000000000000e+00 -1.119348694189444916e-08
9.701999999999998847e-12 0.000000000000000000e+00 -9.464789272317838040e-09
9.704999999999998733e-12 0.000000000000000000e+00 -2.635248378960688921e-21
9.708000000000000235e-12 0.000000000000000000e+00 9.351890548173256634e-09
9.711000000000000122e-12 -0.000000000000000000e+00 1.092804134373500792e-08
9.714000000000000008e-12 -0.000000000000000000e+00 3.529495244197131132e-09
9.716999999999999894e-12 -0.000000000000000000e+00 -6.673338510687424121e-09
9.719999999999999780e-12 -0.000000000000000000e+00 -1.128544537986770718e-08
9.722999999999999667e-12 0.000000000000000000e+00 -6.593737012766940385e-09
9.725999999999999553e-12 0.000000000000000000e+00 3.445795769562920461e-09
9.728999999999999439e-12 0.000000000000000000e+00 1.054162900901466086e-08
9.731999999999999325e-12 -0.000000000000000000e+00 8.913602854518060081e-09
9.734999999999999211e-12 -0.000000000000000000e+00 2.990047250235789273e-21
9.737999999999999098e-12 -0.000000000000000000e+00 -8.807278840231180037e-09
9.740999999999998984e-12 0.000000000000000000e+00 -1.029164175907231800e-08
9.743999999999998870e-12 0.000000000000000000e+00 -3.323953442439685986e-09
9.746999999999998756e-12 0.000000000000000000e+00 6.284713529967007603e-09
9.750000000000000258e-12 -0.000000000000000000e+00 1.062823220446175318e-08
9.753000000000000145e-12 -0.000000000000000000e+00 6.209747662406141331e-09
9.756000000000000031e-12 -0.000000000000000000e+00 -3.245128245748529261e-09
9.758999999999999917e-12 -0.000000000000000000e+00 -9.927732326892780237e-09
9.761999999999999803e-12 0.000000000000000000e+00 -8.394515034840775580e-09
9.764999999999999689e-12 0.000000000000000000e+00 -3.326678666576116320e-21
9.767999999999999576e-12 0.000000000000000000e+00 8.294382849116465363e-09
9.770999999999999462e-12 -0.000000000000000000e+00 9.692303201049059308e-09
9.773999999999999348e-12 -0.000000000000000000e+00 3.130381463375339843e-09
9.776999999999999234e-12 -0.000000000000000000e+00 -5.918720306259719996e-09
9.779999999999999121e-12 -0.000000000000000000e+00 -1.000929214485996930e-08
9.782999999999999007e-12 0.000000000000000000e+00 -5.848120110961862717e-09
9.785999999999998893e-12 0.000000000000000000e+00 3.056146688778404345e-09
9.788999999999998779e-12 0.000000000000000000e+00 9.349586204385397072e-09
9.792000000000000281e-12 -0.000000000000000000e+00 7.905656536452570253e-09
9.795000000000000168e-12 -0.000000000000000000e+00 2.797475073260779774e-21
9.798000000000000054e-12 -0.000000000000000000e+00 -7.811355595267519849e-09
9.800999999999999940e-12 0.000000000000000000e+00 -9.127867403492821251e-09
9.803999999999999826e-12 0.000000000000000000e+00 -2.948082238795887729e-09
9.806999999999999712e-12 0.000000000000000000e+00 5.574040868640714225e-09
9.809999999999999599e-12 0.000000000000000000e+00 9.426396348312426763e-09
9.812999999999999485e-12 -0.000000000000000000e+00 5.507552108644127480e-09
9.815999999999999371e-12 -0.000000000000000000e+00 -2.878170560922953457e-09
9.818999999999999257e-12 -0.000000000000000000e+00 -8.805108690978836074e-09
9.821999999999999144e-12 0.000000000000000000e+00 -7.445266940729191859e-09
9.824999999999999030e-12 0.000000000000000000e+00 -2.212218408337765002e-21
9.827999999999998916e-12 0.000000000000000000e+00 7.356457658838003939e-09
9.830999999999998802e-12 -0.000000000000000000e+00 8.596301787869156368e-09
9.833999999999998689e-12 -0.000000000000000000e+00 2.776399294587394773e-09
9.837000000000000190e-12 -0.000000000000000000e+00 -5.249433998835062281e-09
9.840000000000000077e-12 -0.000000000000000000e+00 -8.877445760348672675e-09
9.842999999999999963e-12 0.000000000000000000e+00 -5.186817242788143975e-09
9.845999999999999849e-12 0.000000000000000000e+00 2.710558955883447706e-09
9.848999999999999735e-12 0.000000000000000000e+00 8.292339079518193726e-09
9.851999999999999622e-12 -0.000000000000000000e+00 7.011688347846090445e-09
9.854999999999999508e-12 -0.000000000000000000e+00 2.301504976208270209e-21
9.857999999999999394e-12 -0.000000000000000000e+00 -6.928050915907625084e-09
9.860999999999999280e-12 0.000000000000000000e+00 -8.095692143802045325e-09
9.863999999999999167e-12 0.000000000000000000e+00 -2.614714386710999473e-09
9.866999999999999053e-12 0.000000000000000000e+00 4.943730761493905890e-09
9.869999999999998939e-12 0.000000000000000000e+00 8.360463565914187145e-09
9.872999999999998825e-12 -0.000000000000000000e+00 4.884760521441370318e-09
9.875999999999998712e-12 -0.000000000000000000e+00 -2.552708290839858810e-09
9.879000000000000213e-12 -0.000000000000000000e+00 -7.809430845544811683e-09
9.882000000000000100e-12 0.000000000000000000e+00 -6.603359406547649933e-09
9.884999999999999986e-12 0.000000000000000000e+00 -2.541202990670699376e-21
9.887999999999999872e-12 0.000000000000000000e+00 6.524592639467551161e-09
9.890999999999999758e-12 -0.000000000000000000e+00 7.624235735849673570e-09
9.893999999999999645e-12 -0.000000000000000000e+00 2.462445274857341593e-09
9.896999999999999531e-12 -0.000000000000000000e+00 -4.655830294764219002e-09
9.899999999999999417e-12 -0.000000000000000000e+00 -7.873588070701503532e-09
9.902999999999999303e-12 0.000000000000000000e+00 -4.600294214146390866e-09
9.905999999999999190e-12 0.000000000000000000e+00 2.404050132899250000e-09
9.908999999999999076e-12 0.000000000000000000e+00 7.354644997813113639e-09
9.911999999999998962e-12 -0.000000000000000000e+00 6.218809691596779547e-09
9.914999999999998848e-12 -0.000000000000000000e+00 2.454619489705133092e-21
9.917999999999998735e-12 -0.000000000000000000e+00 -6.144629943935555213e-09
9.921000000000000236e-12 0.000000000000000000e+00 -7.180234811708960782e-09
9.924000000000000123e-12 0.000000000000000000e+00 -2.319043625752625795e-09
9.927000000000000009e-12 0.000000000000000000e+00 4.384695845996326604e-09
9.929999999999999895e-12 0.000000000000000000e+00 7.415065997038801027e-09
9.932999999999999781e-12 -0.000000000000000000e+00 4.332393934935632549e-09
9.935999999999999668e-12 -0.000000000000000000e+00 -2.264049152123407779e-09
9.938999999999999554e-12 -0.000000000000000000e+00 -6.926343816043336582e-09
9.941999999999999440e-12 0.000000000000000000e+00 -5.856654408655588763e-09
9.944999999999999326e-12 0.000000000000000000e+00 -1.898264300663082423e-21
9.947999999999999213e-12 0.000000000000000000e+00 5.786794553198463238e-09
9.950999999999999099e-12 -0.000000000000000000e+00 6.762090488474293975e-09
9.953999999999998985e-12 -0.000000000000000000e+00 2.183993038568108505e-09
9.956999999999998871e-12 -0.000000000000000000e+00 -4.129351038313691089e-09
9.959999999999998758e-12 -0.000000000000000000e+00 -6.983246170197552187e-09
9.963000000000000259e-12 0.000000000000000000e+00 -4.080094953437667135e-09
9.966000000000000146e-12 0.000000000000000000e+00 2.132201193761386562e-09
9.969000000000000032e-12 0.000000000000000000e+00 6.522984953360082999e-09
9.971999999999999918e-12 -0.000000000000000000e+00 5.515589407531548331e-09
9.974999999999999804e-12 -0.000000000000000000e+00 1.848819516304583034e-21
9.977999999999999691e-12 -0.000000000000000000e+00 -5.449797873340634005e-09
9.980999999999999577e-12 0.000000000000000000e+00 -6.368296994932386231e-09
9.983999999999999463e-12 0.000000000000000000e+00 -2.056807185318489171e-09
9.986999999999999349e-12 0.000000000000000000e+00 3.888876354602854367e-09
9.989999999999999236e-12 0.000000000000000000e+00 6.576573572379955939e-09
9.992999999999999122e-12 -0.000000000000000000e+00 3.842488720803812470e-09
9.995999999999999008e-12 -0.000000000000000000e+00 -2.008031462750179115e-09
9.998999999999998894e-12 -0.000000000000000000e+00 -6.143115882178048474e-09
1.000199999999999878e-11 0.000000000000000000e+00 -5.194386485826246152e-09
1.000499999999999867e-11 0.000000000000000000e+00 -1.983268641489447763e-21
1.000800000000000017e-11 0.000000000000000000e+00 5.132426352314878492e-09
1.001100000000000005e-11 -0.000000000000000000e+00 5.997436249158478522e-09
1.001399999999999994e-11 -0.000000000000000000e+00 1.937028059554372494e-09
1.001699999999999983e-11 -0.000000000000000000e+00 -3.662405826259193766e-09
1.001999999999999971e-11 -0.000000000000000000e+00 -6.193583742974865471e-09
1.002299999999999960e-11 0.000000000000000000e+00 -3.618719597950641800e-09
1.002599999999999949e-11 0.000000000000000000e+00 1.891092813939289508e-09
1.002899999999999937e-11 0.000000000000000000e+00 5.785368663533349215e-09
1.003199999999999926e-11 -0.000000000000000000e+00 4.891888966080502183e-09
1.003499999999999914e-11 -0.000000000000000000e+00 1.884884119483635338e-21
1.003799999999999903e-11 -0.000000000000000000e+00 -4.833537109843346869e-09
1.004099999999999892e-11 0.000000000000000000e+00 -5.648172751889980309e-09
1.004399999999999880e-11 0.000000000000000000e+00 -1.824224327045689482e-09
1.004699999999999869e-11 0.000000000000000000e+00 3.449123914763410157e-09
1.005000000000000019e-11 0.000000000000000000e+00 5.832897504917748820e-09
1.005300000000000008e-11 -0.000000000000000000e+00 3.407981774335932993e-09
1.005599999999999996e-11 -0.000000000000000000e+00 -1.780964141884432265e-09
1.005899999999999985e-11 -0.000000000000000000e+00 -5.448455021025603215e-09
1.006199999999999974e-11 0.000000000000000000e+00 -4.607007530486532494e-09
1.006499999999999962e-11 0.000000000000000000e+00 -1.311364455595223131e-21
1.006799999999999951e-11 0.000000000000000000e+00 4.552053821814114896e-09
1.007099999999999940e-11 -0.000000000000000000e+00 5.319248777286853127e-09
1.007399999999999928e-11 -0.000000000000000000e+00 1.717989772512817318e-09
1.007699999999999917e-11 -0.000000000000000000e+00 -3.248262574861815036e-09
1.007999999999999905e-11 -0.000000000000000000e+00 -5.493215998163645957e-09
1.008299999999999894e-11 0.000000000000000000e+00 -3.209516366170868508e-09
1.008599999999999883e-11 0.000000000000000000e+00 1.677248864412315868e-09
1.008899999999999871e-11 0.000000000000000000e+00 5.131161701631018204e-09
1.009200000000000021e-11 -0.000000000000000000e+00 4.338716298167735123e-09
1.009500000000000010e-11 -0.000000000000000000e+00 1.229589568386863633e-21
1.009799999999999999e-11 -0.000000000000000000e+00 -4.286962844351126862e-09
1.010099999999999987e-11 0.000000000000000000e+00 -5.009479843760198936e-09
1.010399999999999976e-11 0.000000000000000000e+00 -1.617941836813280099e-09
1.010699999999999965e-11 0.000000000000000000e+00 3.059098488773652638e-09
1.010999999999999953e-11 0.000000000000000000e+00 5.173316002388117624e-09
1.011299999999999942e-11 -0.000000000000000000e+00 3.022608683618254347e-09
1.011599999999999930e-11 -0.000000000000000000e+00 -1.579573494497554896e-09
1.011899999999999919e-11 -0.000000000000000000e+00 -4.832346106681747609e-09
1.012199999999999908e-11 0.000000000000000000e+00 -4.086049130898567561e-09
1.012499999999999896e-11 0.000000000000000000e+00 -1.589317980096496982e-21
1.012799999999999885e-11 0.000000000000000000e+00 4.037309563603088003e-09
1.013099999999999874e-11 -0.000000000000000000e+00 4.717750448558611631e-09
1.013400000000000024e-11 -0.000000000000000000e+00 1.523720239313222358e-09
1.013700000000000012e-11 -0.000000000000000000e+00 -2.880950461467922620e-09
1.014000000000000001e-11 -0.000000000000000000e+00 -4.872045532072935796e-09
1.014299999999999990e-11 0.000000000000000000e+00 -2.846585657135631005e-09
1.014599999999999978e-11 0.000000000000000000e+00 1.487586295307284742e-09
1.014899999999999967e-11 0.000000000000000000e+00 4.550932177276673178e-09
1.015199999999999956e-11 -0.000000000000000000e+00 3.848096153963088480e-09
1.015499999999999944e-11 -0.000000000000000000e+00 1.692240809169022451e-21
1.015799999999999933e-11 -0.000000000000000000e+00 -3.802194958101729525e-09
1.016099999999999921e-11 0.000000000000000000e+00 -4.443010050753667789e-09
1.016399999999999910e-11 0.000000000000000000e+00 -1.434985680489809429e-09
1.016699999999999899e-11 0.000000000000000000e+00 2.713176967623534790e-09
1.016999999999999887e-11 0.000000000000000000e+00 4.588319688113832778e-09
1.017299999999999876e-11 -0.000000000000000000e+00 2.680813413699959918e-09
1.017599999999999865e-11 -0.000000000000000000e+00 -1.400956013566360362e-09
1.017900000000000015e-11 -0.000000000000000000e+00 -4.285906519306489237e-09
1.018200000000000003e-11 0.000000000000000000e+00 -3.624000479624324308e-09
1.018499999999999992e-11 0.000000000000000000e+00 -1.478513576995886793e-21
1.018799999999999981e-11 0.000000000000000000e+00 3.580772361313141777e-09
1.019099999999999969e-11 -0.000000000000000000e+00 4.184269288158090882e-09
1.019399999999999958e-11 -0.000000000000000000e+00 1.351418620086329456e-09
1.019699999999999946e-11 -0.000000000000000000e+00 -2.555173841445740610e-09
1.019999999999999935e-11 -0.000000000000000000e+00 -4.321116751011966415e-09
1.020299999999999924e-11 0.000000000000000000e+00 -2.524694994179272136e-09
1.020599999999999912e-11 0.000000000000000000e+00 1.319370686688730596e-09
1.020899999999999901e-11 0.000000000000000000e+00 4.036314754140515377e-09
1.021199999999999890e-11 -0.000000000000000000e+00 3.412955121402302278e-09
1.021499999999999878e-11 -0.000000000000000000e+00 1.020468219953064595e-21
1.021799999999999867e-11 -0.000000000000000000e+00 -3.372244412723686895e-09
1.022100000000000017e-11 0.000000000000000000e+00 -3.940596414553054953e-09
1.022400000000000006e-11 0.000000000000000000e+00 -1.272718126422423863e-09
1.022699999999999994e-11 0.000000000000000000e+00 2.406372101016048365e-09
1.022999999999999983e-11 0.000000000000000000e+00 4.069474501579937921e-09
1.023299999999999971e-11 -0.000000000000000000e+00 2.377668203635669274e-09
1.023599999999999960e-11 -0.000000000000000000e+00 -1.242536519374238838e-09
1.023899999999999949e-11 -0.000000000000000000e+00 -3.801258081832446067e-09
1.024199999999999937e-11 0.000000000000000000e+00 -3.214200088051481885e-09
1.024499999999999926e-11 0.000000000000000000e+00 -1.012337679236367074e-21
1.024799999999999915e-11 0.000000000000000000e+00 3.175860186480820520e-09
1.025099999999999903e-11 -0.000000000000000000e+00 3.711113944395416704e-09
1.025399999999999892e-11 -0.000000000000000000e+00 1.198600792714573279e-09
1.025699999999999880e-11 -0.000000000000000000e+00 -2.266235899343442511e-09
1.025999999999999869e-11 -0.000000000000000000e+00 -3.832486755913472494e-09
1.026300000000000019e-11 0.000000000000000000e+00 -2.239203586815210659e-09
1.026600000000000008e-11 0.000000000000000000e+00 1.170176825629709653e-09
1.026899999999999997e-11 0.000000000000000000e+00 3.579890044470259706e-09
1.027199999999999985e-11 -0.000000000000000000e+00 3.027019646770403216e-09
1.027499999999999974e-11 -0.000000000000000000e+00 1.174251386842201738e-21
1.027799999999999962e-11 -0.000000000000000000e+00 -2.990912487249780482e-09
1.028099999999999951e-11 0.000000000000000000e+00 -3.494995492921642866e-09
1.028399999999999940e-11 0.000000000000000000e+00 -1.128799716504775685e-09
1.028699999999999928e-11 0.000000000000000000e+00 2.134260594736885318e-09
1.028999999999999917e-11 0.000000000000000000e+00 3.609300102150674935e-09
1.029299999999999906e-11 -0.000000000000000000e+00 2.108802521537368164e-09
1.029599999999999894e-11 -0.000000000000000000e+00 -1.102031032400093091e-09
1.029899999999999883e-11 -0.000000000000000000e+00 -3.371413478013378765e-09
1.030199999999999871e-11 0.000000000000000000e+00 -2.850739745791151544e-09
1.030500000000000022e-11 0.000000000000000000e+00 -1.205379336252760292e-21
1.030800000000000010e-11 0.000000000000000000e+00 2.816735303546029490e-09
1.031099999999999999e-11 -0.000000000000000000e+00 3.291462800270378240e-09
1.031399999999999987e-11 -0.000000000000000000e+00 1.063063538524146935e-09
1.031699999999999976e-11 -0.000000000000000000e+00 -2.009970933549607831e-09
1.031999999999999965e-11 -0.000000000000000000e+00 -3.399110827267447762e-09
1.032299999999999953e-11 0.000000000000000000e+00 -1.985995423116818032e-09
1.032599999999999942e-11 0.000000000000000000e+00 1.037853741223729346e-09
1.032899999999999931e-11 0.000000000000000000e+00 3.175077641640893476e-09
1.033199999999999919e-11 -0.000000000000000000e+00 2.684725587064921746e-09
1.033499999999999908e-11 -0.000000000000000000e+00 9.370288125979796353e-22
1.033799999999999896e-11 -0.000000000000000000e+00 -2.652701409374388440e-09
1.034099999999999885e-11 0.000000000000000000e+00 -3.099782928906412062e-09
1.034399999999999874e-11 0.000000000000000000e+00 -1.001155537528376543e-09
1.034700000000000024e-11 0.000000000000000000e+00 1.892919338752406568e-09
1.035000000000000013e-11 0.000000000000000000e+00 3.201162022842669082e-09
1.035300000000000001e-11 -0.000000000000000000e+00 1.870340053351891343e-09
1.035599999999999990e-11 -0.000000000000000000e+00 -9.774138445323953209e-10
1.035899999999999978e-11 -0.000000000000000000e+00 -2.990175514273758671e-09
1.036199999999999967e-11 0.000000000000000000e+00 -2.528379340303839017e-09
1.036499999999999956e-11 0.000000000000000000e+00 -8.060403243848328896e-22
1.036799999999999944e-11 0.000000000000000000e+00 2.498220105537795234e-09
1.037099999999999933e-11 -0.000000000000000000e+00 2.919265624253985909e-09
1.037399999999999921e-11 -0.000000000000000000e+00 9.428527778457210908e-10
1.037699999999999910e-11 -0.000000000000000000e+00 -1.782684298172755975e-09
1.037999999999999899e-11 -0.000000000000000000e+00 -3.014740859370071336e-09
1.038299999999999887e-11 0.000000000000000000e+00 -1.761419927988961598e-09
1.038599999999999876e-11 0.000000000000000000e+00 9.204936934147681322e-10
1.038899999999999865e-11 0.000000000000000000e+00 2.816041248535071523e-09
1.039200000000000015e-11 -0.000000000000000000e+00 2.381137990145389659e-09
1.039500000000000003e-11 -0.000000000000000000e+00 8.813207376873789164e-22
1.039799999999999992e-11 -0.000000000000000000e+00 -2.352735092482546997e-09
1.040099999999999981e-11 0.000000000000000000e+00 -2.749260829034166393e-09
1.040399999999999969e-11 0.000000000000000000e+00 -8.879453065666446065e-10
1.040699999999999958e-11 0.000000000000000000e+00 1.678868846596525313e-09
1.040999999999999947e-11 0.000000000000000000e+00 2.839176019302072319e-09
1.041299999999999935e-11 -0.000000000000000000e+00 1.658842816928677332e-09
1.041599999999999924e-11 -0.000000000000000000e+00 -8.668883138458645998e-10
1.041899999999999912e-11 -0.000000000000000000e+00 -2.652047772980623690e-09
1.042199999999999901e-11 0.000000000000000000e+00 -2.242471308689114208e-09
1.042499999999999890e-11 0.000000000000000000e+00 -9.539585474236491265e-22
1.042799999999999878e-11 0.000000000000000000e+00 2.215722467019072598e-09
1.043099999999999867e-11 -0.000000000000000000e+00 2.589156342356848096e-09
1.043400000000000017e-11 -0.000000000000000000e+00 8.362353974871290906e-10
1.043700000000000006e-11 -0.000000000000000000e+00 -1.581099136264061867e-09
1.043999999999999994e-11 -0.000000000000000000e+00 -2.673835279581595096e-09
1.044299999999999983e-11 0.000000000000000000e+00 -1.562239331774418517e-09
1.044599999999999972e-11 0.000000000000000000e+00 8.164046685586947683e-10
1.044899999999999960e-11 0.000000000000000000e+00 2.497604533964236466e-09
1.045199999999999949e-11 -0.000000000000000000e+00 2.111879946103610739e-09
1.045499999999999937e-11 -0.000000000000000000e+00 8.143807084533612350e-22
1.045799999999999926e-11 -0.000000000000000000e+00 -2.086688835704401200e-09
1.046099999999999915e-11 0.000000000000000000e+00 -2.438375615136333446e-09
1.046399999999999903e-11 0.000000000000000000e+00 -7.875368390809585377e-10
1.046699999999999892e-11 0.000000000000000000e+00 1.489023090614297623e-09
1.046999999999999881e-11 0.000000000000000000e+00 2.518123234956245479e-09
1.047299999999999869e-11 -0.000000000000000000e+00 1.471261595635351758e-09
1.047600000000000019e-11 -0.000000000000000000e+00 -7.688609619013315130e-10
1.047900000000000008e-11 -0.000000000000000000e+00 -2.352155369006757632e-09
1.048199999999999997e-11 0.000000000000000000e+00 -1.988893632428093546e-09
1.048499999999999985e-11 0.000000000000000000e+00 -6.519086041316377699e-22
1.048799999999999974e-11 0.000000000000000000e+00 1.965169538092644929e-09
1.049099999999999963e-11 -0.000000000000000000e+00 2.296375673892027708e-09
1.049399999999999951e-11 -0.000000000000000000e+00 7.416742639374479968e-10
1.049699999999999940e-11 -0.000000000000000000e+00 -1.402309136428543878e-09
1.049999999999999928e-11 -0.000000000000000000e+00 -2.371479153876201336e-09
1.050299999999999917e-11 0.000000000000000000e+00 -1.385581990393952894e-09
1.050599999999999906e-11 0.000000000000000000e+00 7.240859851760956174e-10
1.050899999999999894e-11 0.000000000000000000e+00 2.215176504010300150e-09
1.051199999999999883e-11 -0.000000000000000000e+00 1.873069484092353022e-09
1.051499999999999872e-11 -0.000000000000000000e+00 6.871409472373270611e-22
1.051800000000000022e-11 -0.000000000000000000e+00 -1.850726973455744523e-09
1.052100000000000010e-11 0.000000000000000000e+00 -2.162645165457169946e-09
1.052399999999999999e-11 0.000000000000000000e+00 -6.984825172485801562e-10
1.052699999999999988e-11 0.000000000000000000e+00 1.320645009809490468e-09
1.052999999999999976e-11 0.000000000000000000e+00 2.233374959255009171e-09
1.053299999999999965e-11 -0.000000000000000000e+00 1.304891976926193700e-09
1.053599999999999953e-11 -0.000000000000000000e+00 -6.819185001041656097e-10
1.053899999999999942e-11 -0.000000000000000000e+00 -2.086174667106043655e-09
1.054199999999999931e-11 0.000000000000000000e+00 -1.763990409057211790e-09
1.054499999999999919e-11 0.000000000000000000e+00 -7.489131393491392269e-22
1.054799999999999908e-11 0.000000000000000000e+00 1.742949024948305103e-09
1.055099999999999897e-11 -0.000000000000000000e+00 2.036702515555056744e-09
1.055399999999999885e-11 -0.000000000000000000e+00 6.578060620734457181e-10
1.055699999999999874e-11 -0.000000000000000000e+00 -1.243736631693555285e-09
1.056000000000000024e-11 -0.000000000000000000e+00 -2.103313326821551047e-09
1.056300000000000013e-11 0.000000000000000000e+00 -1.228900984027771519e-09
1.056600000000000001e-11 0.000000000000000000e+00 6.422066581930381261e-10
1.056899999999999990e-11 0.000000000000000000e+00 1.964685312342394921e-09
1.057199999999999978e-11 -0.000000000000000000e+00 1.661263604832858377e-09
1.057499999999999967e-11 -0.000000000000000000e+00 6.987730265960143541e-22
1.057799999999999956e-11 -0.000000000000000000e+00 -1.641447575541571283e-09
1.058099999999999944e-11 0.000000000000000000e+00 -1.918094194611556103e-09
1.058399999999999933e-11 0.000000000000000000e+00 -6.194984192374333332e-10
1.058699999999999922e-11 0.000000000000000000e+00 1.171307048848582218e-09
1.058999999999999910e-11 0.000000000000000000e+00 1.980825894215626489e-09
1.059299999999999899e-11 -0.000000000000000000e+00 1.157335362044050630e-09
1.059599999999999887e-11 -0.000000000000000000e+00 -6.048074539179741795e-10
1.059899999999999876e-11 -0.000000000000000000e+00 -1.850270946817993714e-09
1.060199999999999865e-11 0.000000000000000000e+00 -1.564519143965829131e-09
1.060500000000000015e-11 0.000000000000000000e+00 -5.382748724482922575e-22
1.060800000000000004e-11 0.000000000000000000e+00 1.545857110382966244e-09
1.061099999999999992e-11 -0.000000000000000000e+00 1.806393084558973349e-09
1.061399999999999981e-11 -0.000000000000000000e+00 5.834216398492433381e-10
1.061699999999999969e-11 -0.000000000000000000e+00 -1.103095436542873283e-09
1.061999999999999958e-11 -0.000000000000000000e+00 -1.865471574377575805e-09
1.062299999999999947e-11 0.000000000000000000e+00 -1.089937397435953369e-09
1.062599999999999935e-11 0.000000000000000000e+00 5.695862097473348553e-10
1.062899999999999924e-11 0.000000000000000000e+00 1.742519555234520261e-09
1.063199999999999913e-11 -0.000000000000000000e+00 1.473408641900618397e-09
1.063499999999999901e-11 -0.000000000000000000e+00 5.497344534584407031e-22
1.063799999999999890e-11 -0.000000000000000000e+00 -1.455833400547671295e-09
1.064099999999999878e-11 0.000000000000000000e+00 -1.701196940749502868e-09
1.064399999999999867e-11 0.000000000000000000e+00 -5.494458085356358008e-10
1.064700000000000017e-11 0.000000000000000000e+00 1.038856159294655569e-09
1.065000000000000006e-11 0.000000000000000000e+00 1.756834967158364970e-09
1.065299999999999994e-11 -0.000000000000000000e+00 1.026464384732352873e-09
1.065599999999999983e-11 -0.000000000000000000e+00 -5.364160911586501327e-10
1.065899999999999972e-11 -0.000000000000000000e+00 -1.641043116196844600e-09
1.066199999999999960e-11 0.000000000000000000e+00 -1.387604002418579413e-09
1.066499999999999949e-11 0.000000000000000000e+00 -5.935597039882513284e-22
1.066799999999999938e-11 0.000000000000000000e+00 1.371052263443103806e-09
1.067099999999999926e-11 -0.000000000000000000e+00 1.602126943439932057e-09
1.067399999999999915e-11 -0.000000000000000000e+00 5.174485756054560565e-10
1.067699999999999903e-11 -0.000000000000000000e+00 -9.783578863191995404e-10
1.067999999999999892e-11 -0.000000000000000000e+00 -1.654524863430403746e-09
1.068299999999999881e-11 0.000000000000000000e+00 -9.666877525283672963e-10
1.068599999999999869e-11 0.000000000000000000e+00 5.051776498970546662e-10
1.068900000000000020e-11 0.000000000000000000e+00 1.545476204916758202e-09
1.069200000000000008e-11 -0.000000000000000000e+00 1.306796236137417343e-09
1.069499999999999997e-11 -0.000000000000000000e+00 6.116044539122079513e-22
1.069799999999999985e-11 -0.000000000000000000e+00 -1.291208395401114061e-09
1.070099999999999974e-11 0.000000000000000000e+00 -1.508826333631503461e-09
1.070399999999999963e-11 0.000000000000000000e+00 -4.873147164589473111e-10
1.070699999999999951e-11 0.000000000000000000e+00 9.213827584878711037e-10
1.070999999999999940e-11 0.000000000000000000e+00 1.558172836312109582e-09
1.071299999999999929e-11 -0.000000000000000000e+00 9.103922403815018477e-10
1.071599999999999917e-11 -0.000000000000000000e+00 -4.757583938325132553e-10
1.071899999999999906e-11 -0.000000000000000000e+00 -1.455474677289026491e-09
1.072199999999999894e-11 0.000000000000000000e+00 -1.230694347815600627e-09
1.072499999999999883e-11 0.000000000000000000e+00 -5.101238533001466505e-22
1.072799999999999872e-11 0.000000000000000000e+00 1.216014272255059805e-09
1.073100000000000022e-11 -0.000000000000000000e+00 1.420959128352092308e-09
1.073400000000000010e-11 -0.000000000000000000e+00 4.589357166546125414e-10
1.073699999999999999e-11 -0.000000000000000000e+00 -8.677256037999805745e-10
1.073999999999999988e-11 0.000000000000000000e+00 -1.467431914433118566e-09
1.074299999999999976e-11 0.000000000000000000e+00 -8.573751236415278846e-10
1.074599999999999965e-11 0.000000000000000000e+00 4.480523818665407785e-10
1.074899999999999954e-11 0.000000000000000000e+00 1.370714430600791826e-09
1.075199999999999942e-11 -0.000000000000000000e+00 1.159024288455284747e-09
1.075499999999999931e-11 -0.000000000000000000e+00 4.411529672204446827e-22
1.075799999999999919e-11 -0.000000000000000000e+00 -1.145199113942074277e-09
1.076099999999999908e-11 0.000000000000000000e+00 -1.338208910754765270e-09
1.076399999999999897e-11 0.000000000000000000e+00 -4.322093811403782603e-10
1.076699999999999885e-11 0.000000000000000000e+00 8.171931985417777059e-10
1.076999999999999874e-11 0.000000000000000000e+00 1.381975332462726269e-09
1.077299999999999863e-11 -0.000000000000000000e+00 8.074454834230118911e-10
1.077600000000000013e-11 -0.000000000000000000e+00 -4.219598424298141698e-10
1.077900000000000001e-11 -0.000000000000000000e+00 -1.290890236411920572e-09
1.078199999999999990e-11 0.000000000000000000e+00 -1.091527968429917010e-09
1.078499999999999979e-11 0.000000000000000000e+00 -4.671859911818915798e-22
1.078799999999999967e-11 0.000000000000000000e+00 1.078507909402700972e-09
1.079099999999999956e-11 -0.000000000000000000e+00 1.260277690675242798e-09
1.079399999999999944e-11 -0.000000000000000000e+00 4.070394662404553160e-10
1.079699999999999933e-11 -0.000000000000000000e+00 -7.696035714728539039e-10
1.079999999999999922e-11 -0.000000000000000000e+00 -1.301495354401672337e-09
1.080299999999999910e-11 0.000000000000000000e+00 -7.604235190906140867e-10
1.080599999999999899e-11 0.000000000000000000e+00 3.973868141971382264e-10
1.080899999999999888e-11 0.000000000000000000e+00 1.215714641402896585e-09
1.081199999999999876e-11 -0.000000000000000000e+00 1.027962328082571014e-09
1.081499999999999865e-11 -0.000000000000000000e+00 4.756650852626469843e-22
1.081800000000000015e-11 -0.000000000000000000e+00 -1.015700498265525373e-09
1.082100000000000004e-11 0.000000000000000000e+00 -1.186884831545391087e-09
1.082399999999999992e-11 0.000000000000000000e+00 -3.833353330743275598e-10
1.082699999999999981e-11 0.000000000000000000e+00 7.247853485328927195e-10
1.082999999999999970e-11 0.000000000000000000e+00 1.225702165400138741e-09
1.083299999999999958e-11 -0.000000000000000000e+00 7.161399007828374652e-10
1.083599999999999947e-11 -0.000000000000000000e+00 -3.742448077249233377e-10
1.083899999999999935e-11 -0.000000000000000000e+00 -1.144916932232338154e-09
1.084199999999999924e-11 0.000000000000000000e+00 -9.680984624488164654e-10
1.084499999999999913e-11 0.000000000000000000e+00 -3.825853320577770878e-22
1.084799999999999901e-11 0.000000000000000000e+00 9.565507060103575958e-10
1.085099999999999890e-11 -0.000000000000000000e+00 1.117766039798534265e-09
1.085399999999999879e-11 -0.000000000000000000e+00 3.610116211590238195e-10
1.085699999999999867e-11 -0.000000000000000000e+00 -6.825771357098512373e-10
1.086000000000000017e-11 -0.000000000000000000e+00 -1.154322828111275546e-09
1.086300000000000006e-11 0.000000000000000000e+00 -6.744351596417628081e-10
1.086599999999999995e-11 0.000000000000000000e+00 3.524504867934654977e-10
1.086899999999999983e-11 0.000000000000000000e+00 1.078242160676541817e-09
1.087199999999999972e-11 -0.000000000000000000e+00 9.117207969517348847e-10
1.087499999999999960e-11 -0.000000000000000000e+00 3.265233687826481096e-22
1.087799999999999949e-11 -0.000000000000000000e+00 -9.008455294955694305e-10
1.088099999999999938e-11 0.000000000000000000e+00 -1.052672413127214238e-09
1.088399999999999926e-11 0.000000000000000000e+00 -3.399879410193412929e-10
1.088699999999999915e-11 0.000000000000000000e+00 6.428269378470658543e-10
1.088999999999999904e-11 0.000000000000000000e+00 1.087100299821900147e-09
1.089299999999999892e-11 -0.000000000000000000e+00 6.351591135528900084e-10
1.089599999999999881e-11 -0.000000000000000000e+00 -3.319253683065573995e-10
1.089899999999999869e-11 -0.000000000000000000e+00 -1.015450225540421613e-09
1.090200000000000020e-11 0.000000000000000000e+00 -8.586263111003518025e-10
1.090500000000000008e-11 0.000000000000000000e+00 -3.591584558260590311e-22
1.090799999999999997e-11 0.000000000000000000e+00 8.483843699168237302e-10
1.091099999999999986e-11 -0.000000000000000000e+00 9.913695441657749103e-10
1.091399999999999974e-11 -0.000000000000000000e+00 3.201885846984028777e-10
1.091699999999999963e-11 -0.000000000000000000e+00 -6.053916112968814248e-10
1.091999999999999951e-11 -0.000000000000000000e+00 -1.023792506821059760e-09
1.092299999999999940e-11 0.000000000000000000e+00 -5.981703263269652205e-10
1.092599999999999929e-11 0.000000000000000000e+00 3.125955396679437710e-10
1.092899999999999917e-11 0.000000000000000000e+00 9.563150080340644093e-10
1.093199999999999906e-11 -0.000000000000000000e+00 8.086238073966088333e-10
1.093499999999999895e-11 -0.000000000000000000e+00 3.913089469934200576e-22
1.093799999999999883e-11 -0.000000000000000000e+00 -7.989783104348439724e-10
1.094099999999999872e-11 0.000000000000000000e+00 -9.336366763709098681e-10
1.094399999999999860e-11 0.000000000000000000e+00 -3.015422531275231796e-10
1.094700000000000011e-11 0.000000000000000000e+00 5.701363484487906091e-10
1.094999999999999999e-11 0.000000000000000000e+00 9.641714726733690791e-10
1.095299999999999988e-11 -0.000000000000000000e+00 5.633355983772570136e-10
1.095599999999999976e-11 -0.000000000000000000e+00 -2.943913926158836643e-10
1.095899999999999965e-11 -0.000000000000000000e+00 -9.006235575008018636e-10
1.096199999999999954e-11 0.000000000000000000e+00 -7.615332228179693536e-10
1.096499999999999942e-11 0.000000000000000000e+00 -3.522869752203461238e-22
1.096799999999999931e-11 0.000000000000000000e+00 7.524494358706041700e-10
1.097099999999999920e-11 -0.000000000000000000e+00 8.792659090595724509e-10
1.097399999999999908e-11 -0.000000000000000000e+00 2.839817993725371734e-10
1.097699999999999897e-11 -0.000000000000000000e+00 -5.369341922763397078e-10
1.097999999999999885e-11 -0.000000000000000000e+00 -9.080224972574629345e-10
1.098299999999999874e-11 0.000000000000000000e+00 -5.305294870570977930e-10
1.098599999999999863e-11 0.000000000000000000e+00 2.772473725581869645e-10
1.098900000000000013e-11 0.000000000000000000e+00 8.481753245647511274e-10
1.099200000000000001e-11 -0.000000000000000000e+00 7.171849803960255955e-10
1.099499999999999990e-11 -0.000000000000000000e+00 2.514261238295815889e-22
1.099799999999999979e-11 -0.000000000000000000e+00 -7.086301920184579869e-10
1.100099999999999967e-11 0.000000000000000000e+00 -8.280614487420013694e-10
1.100399999999999956e-11 0.000000000000000000e+00 -2.674439868324347311e-10
1.100699999999999945e-11 0.000000000000000000e+00 5.056655791546105877e-10
1.100999999999999933e-11 0.000000000000000000e+00 8.551433836136866417e-10
1.101299999999999922e-11 -0.000000000000000000e+00 4.996338549309934592e-10
1.101599999999999910e-11 -0.000000000000000000e+00 -2.611017425047476705e-10
1.101899999999999899e-11 -0.000000000000000000e+00 -7.987814389364048717e-10
1.102199999999999888e-11 0.000000000000000000e+00 -6.754193785562919595e-10
1.102499999999999876e-11 0.000000000000000000e+00 -2.341878481433813322e-22
1.102799999999999865e-11 0.000000000000000000e+00 6.673627822699841262e-10
1.103100000000000015e-11 -0.000000000000000000e+00 7.798389040536203347e-10
1.103400000000000004e-11 -0.000000000000000000e+00 2.518692615191790181e-10
1.103699999999999992e-11 -0.000000000000000000e+00 -4.762179083021391365e-10
1.103999999999999981e-11 -0.000000000000000000e+00 -8.053437098166112831e-10
1.104299999999999970e-11 0.000000000000000000e+00 -4.705374443520194881e-10
1.104599999999999958e-11 0.000000000000000000e+00 2.458963607479896148e-10
1.104899999999999947e-11 0.000000000000000000e+00 7.522640292756991573e-10
1.105199999999999936e-11 -0.000000000000000000e+00 6.360860160198623626e-10
1.105499999999999924e-11 -0.000000000000000000e+00 2.600830512593461702e-22
1.105799999999999913e-11 -0.000000000000000000e+00 -6.284985993759639023e-10
1.106099999999999901e-11 0.000000000000000000e+00 -7.344246217469316667e-10
1.106399999999999890e-11 0.000000000000000000e+00 -2.372015375988597070e-10
1.106699999999999879e-11 0.000000000000000000e+00 4.484851362966023111e-10
1.106999999999999867e-11 0.000000000000000000e+00 7.584441432504544575e-10
1.107300000000000017e-11 -0.000000000000000000e+00 4.431354768141384365e-10
1.107600000000000006e-11 -0.000000000000000000e+00 -2.315764714898563087e-10
1.107899999999999995e-11 -0.000000000000000000e+00 -7.084555826630227921e-10
1.108199999999999983e-11 0.000000000000000000e+00 -5.990432501964295805e-10
1.108499999999999972e-11 0.000000000000000000e+00 -2.834761391547524857e-22
1.108799999999999961e-11 0.000000000000000000e+00 5.918976902996320539e-10
1.109099999999999949e-11 -0.000000000000000000e+00 6.916550613522901528e-10
1.109399999999999938e-11 -0.000000000000000000e+00 2.233879954222789368e-10
1.109699999999999926e-11 -0.000000000000000000e+00 -4.223673952038176517e-10
1.109999999999999915e-11 -0.000000000000000000e+00 -7.142757948179605243e-10
1.110299999999999904e-11 0.000000000000000000e+00 -4.173292756364953930e-10
1.110599999999999892e-11 0.000000000000000000e+00 2.180905076617378291e-10
1.110899999999999881e-11 0.000000000000000000e+00 6.671983413717972377e-10
1.111199999999999870e-11 -0.000000000000000000e+00 5.641576871180086455e-10
1.111500000000000020e-11 -0.000000000000000000e+00 2.284055968003494270e-22
1.111800000000000008e-11 -0.000000000000000000e+00 -5.574282522346477269e-10
1.112099999999999997e-11 0.000000000000000000e+00 -6.513762062556026069e-10
1.112399999999999986e-11 0.000000000000000000e+00 -2.103788913171319360e-10
1.112699999999999974e-11 0.000000000000000000e+00 3.977706329453548561e-10
1.112999999999999963e-11 0.000000000000000000e+00 6.726796107572487134e-10
1.113299999999999951e-11 -0.000000000000000000e+00 3.930259106208164882e-10
1.113599999999999940e-11 -0.000000000000000000e+00 -2.053899052272443160e-10
1.113899999999999929e-11 -0.000000000000000000e+00 -6.283437347701997287e-10
1.114199999999999917e-11 0.000000000000000000e+00 -5.313037010766395251e-10
1.114499999999999906e-11 0.000000000000000000e+00 -1.942598154571059026e-22
1.114799999999999895e-11 0.000000000000000000e+00 5.249661579724512308e-10
1.115099999999999883e-11 -0.000000000000000000e+00 6.134430090721792911e-10
1.115399999999999872e-11 -0.000000000000000000e+00 1.981273784572462788e-10
1.115699999999999860e-11 -0.000000000000000000e+00 -3.746062746092920050e-10
1.116000000000000011e-11 -0.000000000000000000e+00 -6.335057998764351629e-10
1.116299999999999999e-11 0.000000000000000000e+00 -3.701378634023471526e-10
1.116599999999999988e-11 0.000000000000000000e+00 1.934289282992373682e-10
1.116899999999999977e-11 0.000000000000000000e+00 5.917518443064419342e-10
1.117199999999999965e-11 -0.000000000000000000e+00 5.003629822360425476e-10
1.117499999999999954e-11 -0.000000000000000000e+00 2.036867612880800148e-22
1.117799999999999942e-11 -0.000000000000000000e+00 -4.943945089104338883e-10
1.118099999999999931e-11 0.000000000000000000e+00 -5.777188693193942185e-10
1.118399999999999920e-11 0.000000000000000000e+00 -1.865893381630834314e-10
1.118699999999999908e-11 0.000000000000000000e+00 3.527909034851391433e-10
1.118999999999999897e-11 0.000000000000000000e+00 5.966132941435562875e-10
1.119299999999999886e-11 -0.000000000000000000e+00 3.485827122890051331e-10
1.119599999999999874e-11 -0.000000000000000000e+00 -1.821645044414147846e-10
1.119899999999999863e-11 -0.000000000000000000e+00 -5.572908996508775898e-10
1.120200000000000013e-11 0.000000000000000000e+00 -4.712241105883693918e-10
1.120500000000000002e-11 0.000000000000000000e+00 -2.098949235019888267e-22
1.120799999999999990e-11 0.000000000000000000e+00 4.656032140906471891e-10
1.121099999999999979e-11 -0.000000000000000000e+00 5.440751415074135287e-10
1.121399999999999967e-11 -0.000000000000000000e+00 1.757232210269646985e-10
1.121699999999999956e-11 -0.000000000000000000e+00 -3.322459606734479168e-10
1.121999999999999945e-11 -0.000000000000000000e+00 -5.618692406892805780e-10
1.122299999999999933e-11 0.000000000000000000e+00 -3.282828354543939282e-10
1.122599999999999922e-11 0.000000000000000000e+00 1.715560695608840306e-10
1.122899999999999911e-11 0.000000000000000000e+00 5.248368041804688995e-10
1.123199999999999899e-11 -0.000000000000000000e+00 4.437821547219055758e-10
1.123499999999999888e-11 -0.000000000000000000e+00 1.752303133630111660e-22
1.123799999999999876e-11 -0.000000000000000000e+00 -4.384885937534252712e-10
1.124099999999999865e-11 0.000000000000000000e+00 -5.123906718765065884e-10
1.124400000000000015e-11 0.000000000000000000e+00 -1.654898972903510197e-10
1.124700000000000004e-11 0.000000000000000000e+00 3.128974621889038781e-10
1.124999999999999993e-11 -0.000000000000000000e+00 5.291485233930696452e-10
1.125299999999999981e-11 -0.000000000000000000e+00 3.091651314153944299e-10
1.125599999999999970e-11 -0.000000000000000000e+00 -1.615654218335707934e-10
1.125899999999999958e-11 -0.000000000000000000e+00 -4.942726880968587045e-10
1.126199999999999947e-11 0.000000000000000000e+00 -4.179382939546681411e-10
1.126499999999999936e-11 0.000000000000000000e+00 -1.582334464480908334e-22
1.126799999999999924e-11 0.000000000000000000e+00 4.129530059781945849e-10
1.127099999999999913e-11 -0.000000000000000000e+00 4.825513621126826803e-10
1.127399999999999902e-11 -0.000000000000000000e+00 1.558525159345540016e-10
1.127699999999999890e-11 -0.000000000000000000e+00 -2.946757325380113006e-10
1.127999999999999879e-11 -0.000000000000000000e+00 -4.983333123300544982e-10
1.128299999999999867e-11 0.000000000000000000e+00 -2.911607557879359159e-10
1.128600000000000018e-11 0.000000000000000000e+00 1.521565841364184588e-10
1.128900000000000006e-11 0.000000000000000000e+00 4.654884875689591485e-10
1.129199999999999995e-11 -0.000000000000000000e+00 3.935994624732192519e-10
1.129499999999999983e-11 -0.000000000000000000e+00 1.648297299462120754e-22
1.129799999999999972e-11 -0.000000000000000000e+00 -3.889044950672567497e-10
1.130099999999999961e-11 0.000000000000000000e+00 -4.544497584704986208e-10
1.130399999999999949e-11 0.000000000000000000e+00 -1.467763719770524933e-10
1.130699999999999938e-11 0.000000000000000000e+00 2.775151538122446019e-10
1.130999999999999927e-11 0.000000000000000000e+00 4.693126394560095087e-10
1.131299999999999915e-11 -0.000000000000000000e+00 2.742048733726769798e-10
1.131599999999999904e-11 -0.000000000000000000e+00 -1.432956744909931207e-10
1.131899999999999892e-11 -0.000000000000000000e+00 -4.383805483842170926e-10
1.132199999999999881e-11 0.000000000000000000e+00 -3.706780141951137186e-10
1.132499999999999870e-11 0.000000000000000000e+00 -1.678239989601533459e-22
1.132800000000000020e-11 0.000000000000000000e+00 3.662564604058306629e-10
1.133100000000000008e-11 -0.000000000000000000e+00 4.279846648234530354e-10
1.133399999999999997e-11 -0.000000000000000000e+00 1.382287814961677577e-10
1.133699999999999986e-11 -0.000000000000000000e+00 -2.613539293925489196e-10
1.133999999999999974e-11 -0.000000000000000000e+00 -4.419819990024910339e-10
1.134299999999999963e-11 0.000000000000000000e+00 -2.582364246783554483e-10
1.134599999999999952e-11 0.000000000000000000e+00 1.349507840516544276e-10
1.134899999999999940e-11 0.000000000000000000e+00 4.128512526814819502e-10
1.135199999999999929e-11 -0.000000000000000000e+00 3.490914071484020675e-10
1.135499999999999917e-11 -0.000000000000000000e+00 1.460318557892017452e-22
1.135799999999999906e-11 -0.000000000000000000e+00 -3.449273446063339709e-10
1.136099999999999895e-11 0.000000000000000000e+00 -4.030607782486744015e-10
1.136399999999999883e-11 0.000000000000000000e+00 -1.301789639336377353e-10
1.136699999999999872e-11 0.000000000000000000e+00 2.461338614148113089e-10
1.136999999999999861e-11 0.000000000000000000e+00 4.162429711432219719e-10
1.137300000000000011e-11 -0.000000000000000000e+00 2.431979060416547644e-10
1.137599999999999999e-11 -0.000000000000000000e+00 -1.270918621992637766e-10
1.137899999999999988e-11 -0.000000000000000000e+00 -3.888086674212593681e-10
1.138199999999999977e-11 0.000000000000000000e+00 -3.287619062313701842e-10
1.138499999999999965e-11 0.000000000000000000e+00 -1.163901485929870236e-22
1.138799999999999954e-11 0.000000000000000000e+00 3.248403398136466531e-10
1.139099999999999943e-11 -0.000000000000000000e+00 3.795883458334613939e-10
1.139399999999999931e-11 -0.000000000000000000e+00 1.225979312514344426e-10
1.139699999999999920e-11 -0.000000000000000000e+00 -2.318001411946113652e-10
1.139999999999999908e-11 -0.000000000000000000e+00 -3.920028675764150431e-10
1.140299999999999897e-11 0.000000000000000000e+00 -2.290351625519855105e-10
1.140599999999999886e-11 0.000000000000000000e+00 1.196906083264358859e-10
1.140899999999999874e-11 0.000000000000000000e+00 3.661662133274885516e-10
1.141199999999999863e-11 -0.000000000000000000e+00 3.096163032822575523e-10
1.141500000000000013e-11 -0.000000000000000000e+00 1.232429566970539426e-22
1.141800000000000002e-11 -0.000000000000000000e+00 -3.059231111139334871e-10
1.142099999999999990e-11 0.000000000000000000e+00 -3.574828414678649556e-10
1.142399999999999979e-11 0.000000000000000000e+00 -1.154583835434165473e-10
1.142699999999999968e-11 0.000000000000000000e+00 2.183011518568847560e-10
1.142999999999999956e-11 0.000000000000000000e+00 3.691743977467816572e-10
1.143299999999999945e-11 -0.000000000000000000e+00 2.156971930351756914e-10
1.143599999999999933e-11 -0.000000000000000000e+00 -1.127203699249366615e-10
1.143899999999999922e-11 -0.000000000000000000e+00 -3.448423531086572849e-10
1.144199999999999911e-11 0.000000000000000000e+00 -2.915856534507003324e-10
1.144499999999999899e-11 0.000000000000000000e+00 -1.365688987050532741e-22
1.144799999999999888e-11 0.000000000000000000e+00 2.881075360508391668e-10
1.145099999999999877e-11 -0.000000000000000000e+00 3.366646614593558052e-10
1.145399999999999865e-11 -0.000000000000000000e+00 1.087346107261699893e-10
1.145700000000000015e-11 -0.000000000000000000e+00 -2.055882824593916212e-10
1.146000000000000004e-11 -0.000000000000000000e+00 -3.476753545052428244e-10
1.146299999999999993e-11 0.000000000000000000e+00 -2.031359663942105697e-10
1.146599999999999981e-11 0.000000000000000000e+00 1.061560466077978679e-10
1.146899999999999970e-11 0.000000000000000000e+00 3.247602978354722017e-10
1.147199999999999959e-11 -0.000000000000000000e+00 2.746050269218606944e-10
1.147499999999999947e-11 -0.000000000000000000e+00 1.246585101551666512e-22
1.147799999999999936e-11 -0.000000000000000000e+00 -2.713294593110354324e-10
1.148099999999999924e-11 0.000000000000000000e+00 -3.170588378735725808e-10
1.148399999999999913e-11 0.000000000000000000e+00 -1.024023999549850305e-10
1.148699999999999902e-11 0.000000000000000000e+00 1.936157529407741494e-10
1.148999999999999890e-11 0.000000000000000000e+00 3.274283180743752199e-10
1.149299999999999879e-11 -0.000000000000000000e+00 1.913062486454145379e-10
1.149599999999999868e-11 -0.000000000000000000e+00 -9.997399972076590091e-11
1.149900000000000018e-11 -0.000000000000000000e+00 -3.058477304177180965e-10
1.150200000000000006e-11 0.000000000000000000e+00 -2.586132750989447692e-10
1.150499999999999995e-11 0.000000000000000000e+00 -9.267029191877644271e-23
1.150799999999999984e-11 0.000000000000000000e+00 2.555284616957397057e-10
1.151099999999999972e-11 -0.000000000000000000e+00 2.985947685687652654e-10
1.151399999999999961e-11 -0.000000000000000000e+00 9.643894843149852623e-11
1.151699999999999949e-11 -0.000000000000000000e+00 -1.823404492628435491e-10
1.151999999999999938e-11 -0.000000000000000000e+00 -3.083603772535907894e-10
1.152299999999999927e-11 0.000000000000000000e+00 -1.801654400272967932e-10
1.152599999999999915e-11 0.000000000000000000e+00 9.415196721758227073e-11
1.152899999999999904e-11 0.000000000000000000e+00 2.880365451846444297e-10
1.153199999999999893e-11 -0.000000000000000000e+00 2.435528104022552517e-10
1.153499999999999881e-11 -0.000000000000000000e+00 9.249290315313982473e-23
1.153799999999999870e-11 -0.000000000000000000e+00 -2.406476425463850157e-10
1.154099999999999858e-11 0.000000000000000000e+00 -2.812059629518630837e-10
1.154400000000000009e-11 0.000000000000000000e+00 -9.082278128895610727e-11
1.154699999999999997e-11 0.000000000000000000e+00 1.717217681535538432e-10
1.154999999999999986e-11 0.000000000000000000e+00 2.904028668600902390e-10
1.155299999999999974e-11 -0.000000000000000000e+00 1.696734215953199978e-10
1.155599999999999963e-11 -0.000000000000000000e+00 -8.866898349268980476e-11
1.155899999999999952e-11 -0.000000000000000000e+00 -2.712626026310284224e-10
1.156199999999999940e-11 0.000000000000000000e+00 -2.293693988916222282e-10
1.156499999999999929e-11 0.000000000000000000e+00 -1.052555580281527375e-22
1.156799999999999918e-11 0.000000000000000000e+00 2.266334148408333740e-10
1.157099999999999906e-11 -0.000000000000000000e+00 2.648298025404747266e-10
1.157399999999999895e-11 -0.000000000000000000e+00 8.553367425943322003e-11
1.157699999999999883e-11 -0.000000000000000000e+00 -1.617214708913804978e-10
1.157999999999999872e-11 -0.000000000000000000e+00 -2.734911204600195704e-10
1.158299999999999861e-11 0.000000000000000000e+00 -1.597924107503689635e-10
1.158600000000000011e-11 0.000000000000000000e+00 8.350530388237143481e-11
1.158900000000000000e-11 0.000000000000000000e+00 2.554654984456545894e-10
1.159199999999999988e-11 -0.000000000000000000e+00 2.160119649656700166e-10
1.159499999999999977e-11 -0.000000000000000000e+00 1.043259341962074945e-22
1.159799999999999965e-11 -0.000000000000000000e+00 -2.134353122221785638e-10
1.160099999999999954e-11 0.000000000000000000e+00 -2.494073154687358551e-10
1.160399999999999943e-11 0.000000000000000000e+00 -8.055258084467950094e-11
1.160699999999999931e-11 0.000000000000000000e+00 1.523035456045812218e-10
1.160999999999999920e-11 0.000000000000000000e+00 2.575642374994606723e-10
1.161299999999999909e-11 -0.000000000000000000e+00 1.504868251806140963e-10
1.161599999999999897e-11 -0.000000000000000000e+00 -7.864233356260385179e-11
1.161899999999999886e-11 -0.000000000000000000e+00 -2.405883459905421798e-10
1.162199999999999874e-11 0.000000000000000000e+00 -2.034324074344996896e-10
1.162499999999999863e-11 0.000000000000000000e+00 -7.926010136168403166e-23
1.162800000000000013e-11 0.000000000000000000e+00 2.010058072653397678e-10
1.163100000000000002e-11 -0.000000000000000000e+00 2.348829641249074254e-10
1.163399999999999990e-11 -0.000000000000000000e+00 7.586156372817867481e-11
1.163699999999999979e-11 -0.000000000000000000e+00 -1.434340775895413005e-10
1.163999999999999968e-11 -0.000000000000000000e+00 -2.425648639966640359e-10
1.164299999999999956e-11 0.000000000000000000e+00 -1.417231547267852116e-10
1.164599999999999945e-11 0.000000000000000000e+00 7.406256058757433735e-11
1.164899999999999934e-11 0.000000000000000000e+00 2.265775714475942355e-10
1.165199999999999922e-11 -0.000000000000000000e+00 1.915854263034712575e-10
1.165499999999999911e-11 -0.000000000000000000e+00 7.107887814051889830e-23
1.165799999999999899e-11 -0.000000000000000000e+00 -1.893001403269712467e-10
1.166099999999999888e-11 0.000000000000000000e+00 -2.212044451559824269e-10
1.166399999999999877e-11 0.000000000000000000e+00 -7.144373018144369159e-11
1.166699999999999865e-11 0.000000000000000000e+00 1.350811271811989779e-10
1.167000000000000016e-11 0.000000000000000000e+00 2.284389860057474168e-10
1.167300000000000004e-11 -0.000000000000000000e+00 1.334698407093668453e-10
1.167599999999999993e-11 -0.000000000000000000e+00 -6.974949282780390187e-11
1.167899999999999981e-11 -0.000000000000000000e+00 -2.133827208949938200e-10
1.168199999999999970e-11 0.000000000000000000e+00 -1.804283596442361593e-10
1.168499999999999959e-11 0.000000000000000000e+00 -7.951106867547316450e-23
1.168799999999999947e-11 0.000000000000000000e+00 1.782761583624561940e-10
1.169099999999999936e-11 -0.000000000000000000e+00 2.083225011190918039e-10
1.169399999999999924e-11 -0.000000000000000000e+00 6.728317123185991571e-11
1.169699999999999913e-11 -0.000000000000000000e+00 -1.272146147358258361e-10
1.169999999999999902e-11 -0.000000000000000000e+00 -2.151357351081624405e-10
1.170299999999999890e-11 0.000000000000000000e+00 -1.256971622832317788e-10
1.170599999999999879e-11 0.000000000000000000e+00 6.568759858070337368e-11
1.170899999999999868e-11 0.000000000000000000e+00 2.009562786186088630e-10
1.171199999999999856e-11 -0.000000000000000000e+00 1.699210299657313352e-10
1.171500000000000006e-11 -0.000000000000000000e+00 8.371438217099026963e-23
1.171799999999999995e-11 -0.000000000000000000e+00 -1.678941631294056929e-10
1.172099999999999984e-11 0.000000000000000000e+00 -1.961907431015273138e-10
1.172399999999999972e-11 0.000000000000000000e+00 -6.336490437324617640e-11
1.172699999999999961e-11 0.000000000000000000e+00 1.198062123117819071e-10
1.172999999999999950e-11 0.000000000000000000e+00 2.026072052314423640e-10
1.173299999999999938e-11 -0.000000000000000000e+00 1.183771294105306939e-10
1.173599999999999927e-11 -0.000000000000000000e+00 -6.186225063962742537e-11
1.173899999999999915e-11 -0.000000000000000000e+00 -1.892534960040809418e-10
1.174199999999999904e-11 0.000000000000000000e+00 -1.600255995318272329e-10
1.174499999999999893e-11 0.000000000000000000e+00 -6.984138032310159298e-23
1.174799999999999881e-11 0.000000000000000000e+00 1.581167682310878332e-10
1.175099999999999870e-11 -0.000000000000000000e+00 1.847654836705514131e-10
1.175399999999999859e-11 -0.000000000000000000e+00 5.967481961266658051e-11
1.175700000000000009e-11 -0.000000000000000000e+00 -1.128292416583115299e-10
1.175999999999999997e-11 0.000000000000000000e+00 -1.908082801355947035e-10
1.176299999999999986e-11 0.000000000000000000e+00 -1.114833820663365892e-10
1.176599999999999975e-11 0.000000000000000000e+00 5.825967362011321319e-11
1.176899999999999963e-11 0.000000000000000000e+00 1.782322303934722101e-10
1.177199999999999952e-11 -0.000000000000000000e+00 1.507064341046209367e-10
1.177499999999999940e-11 -0.000000000000000000e+00 5.592858826337211920e-23
1.177799999999999929e-11 -0.000000000000000000e+00 -1.489087644850004887e-10
1.178099999999999918e-11 0.000000000000000000e+00 -1.740055795514591768e-10
1.178399999999999906e-11 0.000000000000000000e+00 -5.619962865924183144e-11
1.178699999999999895e-11 0.000000000000000000e+00 1.062585781450042668e-10
1.178999999999999884e-11 0.000000000000000000e+00 1.796964709459078379e-10
1.179299999999999872e-11 -0.000000000000000000e+00 1.049910953140965145e-10
1.179599999999999861e-11 -0.000000000000000000e+00 -5.486689435361470735e-11
1.179900000000000011e-11 -0.000000000000000000e+00 -1.678527933261864969e-10
1.180200000000000000e-11 0.000000000000000000e+00 -1.419299746226843680e-10
1.180499999999999988e-11 0.000000000000000000e+00 -5.623712912390296685e-23
1.180799999999999977e-11 0.000000000000000000e+00 1.402369931318205246e-10
1.181099999999999966e-11 -0.000000000000000000e+00 1.638722834673383358e-10
1.181399999999999954e-11 -0.000000000000000000e+00 5.292681707188382037e-11
1.181699999999999943e-11 -0.000000000000000000e+00 -1.000705602860513699e-10
1.181999999999999931e-11 -0.000000000000000000e+00 -1.692317631471091961e-10
1.182299999999999920e-11 0.000000000000000000e+00 -9.887688990898482602e-11
1.182599999999999909e-11 0.000000000000000000e+00 5.167169517014287428e-11
1.182899999999999897e-11 0.000000000000000000e+00 1.580778076176486734e-10
1.183199999999999886e-11 -0.000000000000000000e+00 1.336646163521615048e-10
1.183499999999999875e-11 -0.000000000000000000e+00 5.924495793070618145e-23
1.183799999999999863e-11 -0.000000000000000000e+00 -1.320702264280443348e-10
1.184100000000000013e-11 0.000000000000000000e+00 -1.543291046070079568e-10
1.184400000000000002e-11 0.000000000000000000e+00 -4.984459919380869995e-11
1.184699999999999991e-11 0.000000000000000000e+00 9.424290453330399308e-11
1.184999999999999979e-11 0.000000000000000000e+00 1.593764724878807951e-10
1.185299999999999968e-11 -0.000000000000000000e+00 9.311874810740357196e-11
1.185599999999999956e-11 -0.000000000000000000e+00 -4.866256990141276336e-11
1.185899999999999945e-11 -0.000000000000000000e+00 -1.488720727610579198e-10
1.186199999999999934e-11 0.000000000000000000e+00 -1.258805950756165575e-10
1.186499999999999922e-11 0.000000000000000000e+00 -5.820396596394397063e-23
1.186799999999999911e-11 0.000000000000000000e+00 1.243790551923759912e-10
1.187099999999999900e-11 -0.000000000000000000e+00 1.453416772186965674e-10
1.187399999999999888e-11 -0.000000000000000000e+00 4.694187571144909920e-11
1.187699999999999877e-11 -0.000000000000000000e+00 -8.875462503143719767e-11
1.187999999999999865e-11 -0.000000000000000000e+00 -1.500951092768534393e-10
1.188300000000000016e-11 0.000000000000000000e+00 -8.769593437931227470e-11
1.188600000000000004e-11 0.000000000000000000e+00 4.582868244622298221e-11
1.188899999999999993e-11 0.000000000000000000e+00 1.402024381675399431e-10
1.189199999999999981e-11 -0.000000000000000000e+00 1.185498799086891628e-10
1.189499999999999970e-11 -0.000000000000000000e+00 4.652320472596537466e-23
1.189799999999999959e-11 -0.000000000000000000e+00 -1.171357829008994692e-10
1.190099999999999947e-11 0.000000000000000000e+00 -1.368776368562130773e-10
1.190399999999999936e-11 0.000000000000000000e+00 -4.420819368495680552e-11
1.190699999999999925e-11 0.000000000000000000e+00 8.358595804617695568e-11
1.190999999999999913e-11 0.000000000000000000e+00 1.413542505813889013e-10
1.191299999999999902e-11 -0.000000000000000000e+00 8.258892073796489839e-11
1.191599999999999890e-11 -0.000000000000000000e+00 -4.315982774874668747e-11
1.191899999999999879e-11 -0.000000000000000000e+00 -1.320376837882243128e-10
1.192199999999999868e-11 0.000000000000000000e+00 -1.116460723586739835e-10
1.192499999999999856e-11 0.000000000000000000e+00 -4.609996135532363856e-23
1.192800000000000007e-11 0.000000000000000000e+00 1.103143259496880134e-10
1.193099999999999995e-11 -0.000000000000000000e+00 1.289065038320048347e-10
1.193399999999999984e-11 -0.000000000000000000e+00 4.163370890631826531e-11
1.193699999999999972e-11 -0.000000000000000000e+00 -7.871829079354660451e-11
1.193999999999999961e-11 -0.000000000000000000e+00 -1.331224198689315543e-10
1.194299999999999950e-11 0.000000000000000000e+00 -7.777931641801872869e-11
1.194599999999999938e-11 0.000000000000000000e+00 4.064639504937069784e-11
1.194899999999999927e-11 0.000000000000000000e+00 1.243484076883596276e-10
1.195199999999999916e-11 -0.000000000000000000e+00 1.051443112613818346e-10
1.195499999999999904e-11 -0.000000000000000000e+00 4.737258125917024394e-23
1.195799999999999893e-11 -0.000000000000000000e+00 -1.038901197256663197e-10
1.196099999999999881e-11 0.000000000000000000e+00 -1.213995734573252012e-10
1.196399999999999870e-11 0.000000000000000000e+00 -3.920915044954411872e-11
1.196699999999999859e-11 0.000000000000000000e+00 7.413409441373193985e-11
1.197000000000000009e-11 0.000000000000000000e+00 1.253699736574717206e-10
1.197299999999999997e-11 -0.000000000000000000e+00 7.324980164891893885e-11
1.197599999999999986e-11 -0.000000000000000000e+00 -3.827933327555149006e-11
1.197899999999999975e-11 -0.000000000000000000e+00 -1.171069201685738019e-10
1.198199999999999963e-11 0.000000000000000000e+00 -9.902118325411356979e-11
1.198499999999999952e-11 0.000000000000000000e+00 -4.279014929273429837e-23
1.198799999999999941e-11 0.000000000000000000e+00 9.784003014745763571e-11
1.199099999999999929e-11 -0.000000000000000000e+00 1.143298126743658985e-10
1.199399999999999918e-11 -0.000000000000000000e+00 3.692578728534559393e-11
1.199699999999999906e-11 -0.000000000000000000e+00 -6.981686084824526550e-11
1.199999999999999895e-11 -0.000000000000000000e+00 -1.180689947670007544e-10
1.200299999999999884e-11 0.000000000000000000e+00 -6.898406528502803881e-11
1.200599999999999872e-11 0.000000000000000000e+00 3.605011844817378856e-11
1.200899999999999861e-11 0.000000000000000000e+00 1.102871440520485633e-10
1.201200000000000011e-11 -0.000000000000000000e+00 9.325463846226716126e-11
1.201500000000000000e-11 -0.000000000000000000e+00 3.356571118794433654e-23
1.201799999999999988e-11 -0.000000000000000000e+00 -9.214227035769286202e-11
1.202099999999999977e-11 0.000000000000000000e+00 -1.076717627080474087e-10
1.202399999999999966e-11 0.000000000000000000e+00 -3.477539684001196741e-11
1.202699999999999954e-11 0.000000000000000000e+00 6.575104339306471786e-11
1.202999999999999943e-11 0.000000000000000000e+00 1.111931917875048231e-10
1.203299999999999932e-11 -0.000000000000000000e+00 6.496674606790079285e-11
1.203599999999999920e-11 -0.000000000000000000e+00 -3.395072298599802970e-11
1.203899999999999909e-11 -0.000000000000000000e+00 -1.038645207785140897e-10
1.204199999999999897e-11 0.000000000000000000e+00 -8.782391109598672582e-11
1.204499999999999886e-11 0.000000000000000000e+00 -3.690631064908089001e-23
1.204799999999999875e-11 0.000000000000000000e+00 8.677632226680222700e-11
1.205099999999999863e-11 -0.000000000000000000e+00 1.014014473869387878e-10
1.205400000000000013e-11 -0.000000000000000000e+00 3.275023538524586716e-11
1.205700000000000002e-11 -0.000000000000000000e+00 -6.192200071374233854e-11
1.205999999999999991e-11 -0.000000000000000000e+00 -1.047178044015021863e-10
1.206299999999999979e-11 0.000000000000000000e+00 -6.118337730912613851e-11
1.206599999999999968e-11 0.000000000000000000e+00 3.197358679775159046e-11
1.206899999999999957e-11 0.000000000000000000e+00 9.781592196692615522e-11
1.207199999999999945e-11 -0.000000000000000000e+00 8.270944467085797194e-11
1.207499999999999934e-11 -0.000000000000000000e+00 3.904842448373901913e-23
1.207799999999999922e-11 -0.000000000000000000e+00 -8.172286266574792884e-11
1.208099999999999911e-11 0.000000000000000000e+00 -9.549628680312813391e-11
1.208399999999999900e-11 0.000000000000000000e+00 -3.084301015236352759e-11
1.208699999999999888e-11 0.000000000000000000e+00 5.831594412077773650e-11
1.208999999999999877e-11 0.000000000000000000e+00 9.861951422014638620e-11
1.209299999999999866e-11 -0.000000000000000000e+00 5.762033479463985333e-11
1.209600000000000016e-11 -0.000000000000000000e+00 -3.011159005759798852e-11
1.209900000000000004e-11 -0.000000000000000000e+00 -9.211956612829476541e-11
1.210199999999999993e-11 0.000000000000000000e+00 -7.789282158346318837e-11
1.210499999999999982e-11 0.000000000000000000e+00 -3.686129658261295316e-23
1.210799999999999970e-11 0.000000000000000000e+00 7.696369364157837369e-11
1.211099999999999959e-11 -0.000000000000000000e+00 8.993501600017564050e-11
1.211399999999999947e-11 -0.000000000000000000e+00 2.904685307047288183e-11
1.211699999999999936e-11 -0.000000000000000000e+00 -5.491988791543239138e-11
1.211999999999999925e-11 -0.000000000000000000e+00 -9.287636081184213690e-11
1.212299999999999913e-11 0.000000000000000000e+00 -5.426478772283865355e-11
1.212599999999999902e-11 0.000000000000000000e+00 2.835802756607978030e-11
1.212899999999999891e-11 0.000000000000000000e+00 8.675494022879976605e-11
1.213199999999999879e-11 -0.000000000000000000e+00 7.335669678810767482e-11
1.213499999999999868e-11 -0.000000000000000000e+00 2.697087258578379593e-23
1.213799999999999856e-11 -0.000000000000000000e+00 -7.248167704528741160e-11
1.214100000000000007e-11 0.000000000000000000e+00 -8.469760839629577344e-11
1.214399999999999995e-11 0.000000000000000000e+00 -2.735529603399722181e-11
1.214699999999999984e-11 0.000000000000000000e+00 5.172160262718260042e-11
1.214999999999999973e-11 0.000000000000000000e+00 8.746766262096790166e-11
1.215299999999999961e-11 -0.000000000000000000e+00 5.110465249984374423e-11
1.215599999999999950e-11 -0.000000000000000000e+00 -2.670658460414279204e-11
1.215899999999999938e-11 -0.000000000000000000e+00 -8.170272582070699601e-11
1.216199999999999927e-11 0.000000000000000000e+00 -6.908473533593297021e-11
1.216499999999999916e-11 0.000000000000000000e+00 -2.424213099108179215e-23
1.216799999999999904e-11 0.000000000000000000e+00 6.826067277596013391e-11
1.217099999999999893e-11 -0.000000000000000000e+00 7.976520366703984461e-11
1.217399999999999882e-11 -0.000000000000000000e+00 2.576224761051809125e-11
1.217699999999999870e-11 -0.000000000000000000e+00 -4.870957097441691620e-11
1.217999999999999859e-11 -0.000000000000000000e+00 -8.237394249194056615e-11
1.218300000000000009e-11 0.000000000000000000e+00 -4.812854922550354427e-11
1.218599999999999998e-11 0.000000000000000000e+00 2.515131419334455103e-11
1.218899999999999986e-11 0.000000000000000000e+00 7.694472947509797439e-11
1.219199999999999975e-11 -0.000000000000000000e+00 6.506155355143909354e-11
1.219499999999999963e-11 -0.000000000000000000e+00 2.909431391879596618e-23
1.219799999999999952e-11 -0.000000000000000000e+00 -6.428548065899441827e-11
1.220099999999999941e-11 0.000000000000000000e+00 -7.512003982774354581e-11
1.220399999999999929e-11 0.000000000000000000e+00 -2.426197110500794459e-11
1.220699999999999918e-11 0.000000000000000000e+00 4.587294638980411389e-11
1.220999999999999907e-11 0.000000000000000000e+00 7.757685753041689531e-11
1.221299999999999895e-11 -0.000000000000000000e+00 4.532576071344748059e-11
1.221599999999999884e-11 -0.000000000000000000e+00 -2.368661568031991177e-11
1.221899999999999872e-11 -0.000000000000000000e+00 -7.246381726587908827e-11
1.222199999999999861e-11 0.000000000000000000e+00 -6.127266363463953072e-11
1.222500000000000011e-11 0.000000000000000000e+00 -3.125221046317865709e-23
1.222800000000000000e-11 0.000000000000000000e+00 6.054178570905462777e-11
1.223099999999999989e-11 -0.000000000000000000e+00 7.074538927120496291e-11
1.223399999999999977e-11 -0.000000000000000000e+00 2.284906390154332496e-11
1.223699999999999966e-11 -0.000000000000000000e+00 -4.320151396092834192e-11
1.223999999999999954e-11 -0.000000000000000000e+00 -7.305913304906409003e-11
1.224299999999999943e-11 0.000000000000000000e+00 -4.268619389764968920e-11
1.224599999999999932e-11 0.000000000000000000e+00 2.230721456836765983e-11
1.224899999999999920e-11 0.000000000000000000e+00 6.824385306913514448e-11
1.225199999999999909e-11 -0.000000000000000000e+00 5.770442148933815391e-11
1.225499999999999897e-11 -0.000000000000000000e+00 2.491245157100308903e-23
1.225799999999999886e-11 -0.000000000000000000e+00 -5.701610658064803398e-11
1.226099999999999875e-11 0.000000000000000000e+00 -6.662549853023032638e-11
1.226399999999999863e-11 0.000000000000000000e+00 -2.151843800806776413e-11
1.226700000000000014e-11 0.000000000000000000e+00 4.068565364555215342e-11
1.227000000000000002e-11 -0.000000000000000000e+00 6.880450036002150567e-11
1.227299999999999991e-11 -0.000000000000000000e+00 4.020034348650205580e-11
1.227599999999999979e-11 -0.000000000000000000e+00 -2.100814352354820170e-11
1.227899999999999968e-11 -0.000000000000000000e+00 -6.426964045564834367e-11
1.228199999999999957e-11 0.000000000000000000e+00 -5.434397758965336506e-11
1.228499999999999945e-11 0.000000000000000000e+00 -1.950670677157642497e-23
1.228799999999999934e-11 0.000000000000000000e+00 5.369574702071653808e-11
1.229099999999999923e-11 -0.000000000000000000e+00 6.274553154814072134e-11
1.229399999999999911e-11 -0.000000000000000000e+00 2.026530173412823157e-11
1.229699999999999900e-11 -0.000000000000000000e+00 -3.831630562907522063e-11
1.229999999999999888e-11 -0.000000000000000000e+00 -6.479763819005406949e-11
1.230299999999999877e-11 0.000000000000000000e+00 -3.785925773349300856e-11
1.230599999999999866e-11 0.000000000000000000e+00 1.978472448692496478e-11
1.230899999999999854e-11 0.000000000000000000e+00 6.052686796734162807e-11
1.231200000000000004e-11 -0.000000000000000000e+00 5.117923070783454082e-11
1.231499999999999993e-11 -0.000000000000000000e+00 2.044461096883490104e-23
1.231799999999999982e-11 -0.000000000000000000e+00 -5.056875014842224049e-11
1.232099999999999970e-11 0.000000000000000000e+00 -5.909151625293227215e-11
1.232399999999999959e-11 0.000000000000000000e+00 -1.908514243558854372e-11
1.232699999999999948e-11 0.000000000000000000e+00 3.608493769943544621e-11
1.232999999999999936e-11 0.000000000000000000e+00 6.102411750741810571e-11
1.233299999999999925e-11 -0.000000000000000000e+00 3.565450620123227731e-11
1.233599999999999913e-11 -0.000000000000000000e+00 -1.863255182851872298e-11
1.233899999999999902e-11 -0.000000000000000000e+00 -5.700205758057867384e-11
1.234199999999999891e-11 0.000000000000000000e+00 -4.819878433676704569e-11
1.234499999999999879e-11 0.000000000000000000e+00 -2.230674842464677814e-23
1.234799999999999868e-11 0.000000000000000000e+00 4.762385539746621852e-11
1.235099999999999857e-11 -0.000000000000000000e+00 5.565029424273022300e-11
1.235400000000000007e-11 -0.000000000000000000e+00 1.797371026424333434e-11
1.235699999999999995e-11 -0.000000000000000000e+00 -3.398351452192422648e-11
1.235999999999999984e-11 -0.000000000000000000e+00 -5.747034956176448530e-11
1.236299999999999973e-11 0.000000000000000000e+00 -3.357814940278149812e-11
1.236599999999999961e-11 0.000000000000000000e+00 1.754747648226859260e-11
1.236899999999999950e-11 0.000000000000000000e+00 5.368251617071640477e-11
1.237199999999999939e-11 -0.000000000000000000e+00 4.539190565024341497e-11
1.237499999999999927e-11 -0.000000000000000000e+00 2.033457658413550083e-23
1.237799999999999916e-11 -0.000000000000000000e+00 -4.485045796587943140e-11
1.238099999999999904e-11 0.000000000000000000e+00 -5.240947340133063268e-11
1.238399999999999893e-11 0.000000000000000000e+00 -1.692700286378126531e-11
1.238699999999999882e-11 0.000000000000000000e+00 3.200446870329587257e-11
1.238999999999999870e-11 0.000000000000000000e+00 5.412353694995868386e-11
1.239299999999999859e-11 -0.000000000000000000e+00 3.162271021092955397e-11
1.239600000000000009e-11 -0.000000000000000000e+00 -1.652559100490770563e-11
1.239899999999999998e-11 -0.000000000000000000e+00 -5.055628980314410213e-11
1.240199999999999986e-11 0.000000000000000000e+00 -4.274848685319884146e-11
1.240499999999999975e-11 0.000000000000000000e+00 -1.581005160197065096e-23
1.240799999999999964e-11 0.000000000000000000e+00 4.223857062727713673e-11
1.241099999999999952e-11 -0.000000000000000000e+00 4.935738327319824607e-11
1.241399999999999941e-11 -0.000000000000000000e+00 1.594125095698599132e-11
1.241699999999999929e-11 -0.000000000000000000e+00 -3.014067354097139619e-11
1.241999999999999918e-11 -0.000000000000000000e+00 -5.097162753160635668e-11
1.242299999999999907e-11 0.000000000000000000e+00 -2.978114693246494478e-11
1.242599999999999895e-11 0.000000000000000000e+00 1.556321550494051779e-11
1.242899999999999884e-11 0.000000000000000000e+00 4.761212068620705135e-11
1.243199999999999873e-11 -0.000000000000000000e+00 4.025900878273502309e-11
1.243499999999999861e-11 -0.000000000000000000e+00 1.595409661466804829e-23
1.243800000000000011e-11 -0.000000000000000000e+00 -3.977878776606191232e-11
1.244100000000000000e-11 0.000000000000000000e+00 -4.648303303722280789e-11
1.244399999999999989e-11 0.000000000000000000e+00 -1.501290477225697448e-11
1.244699999999999977e-11 0.000000000000000000e+00 2.838541735922663843e-11
1.244999999999999966e-11 0.000000000000000000e+00 4.800327102833364074e-11
1.245299999999999954e-11 -0.000000000000000000e+00 2.804682795045882552e-11
1.245599999999999943e-11 -0.000000000000000000e+00 -1.465688439107951843e-11
1.245899999999999932e-11 -0.000000000000000000e+00 -4.483940663100267477e-11
1.246199999999999920e-11 0.000000000000000000e+00 -3.791450662883854561e-11
1.246499999999999909e-11 0.000000000000000000e+00 -1.727428693937459495e-23
1.246799999999999898e-11 0.000000000000000000e+00 3.746225150705146582e-11
1.247099999999999886e-11 -0.000000000000000000e+00 4.377607192788274017e-11
1.247399999999999875e-11 -0.000000000000000000e+00 1.413862126059138990e-11
1.247699999999999863e-11 -0.000000000000000000e+00 -2.673237933990532981e-11
1.247999999999999852e-11 -0.000000000000000000e+00 -4.520777815051763088e-11
1.248300000000000002e-11 0.000000000000000000e+00 -2.641350784328303470e-11
1.248599999999999991e-11 0.000000000000000000e+00 1.380333389236238830e-11
1.248899999999999980e-11 0.000000000000000000e+00 4.222816287204105794e-11
1.249199999999999968e-11 -0.000000000000000000e+00 3.570653765138594929e-11
1.249499999999999957e-11 -0.000000000000000000e+00 1.658918396231691128e-23
1.249799999999999945e-11 -0.000000000000000000e+00 -3.528061981755469420e-11
1.250099999999999934e-11 0.000000000000000000e+00 -4.122675196131350768e-11
1.250399999999999923e-11 0.000000000000000000e+00 -1.331525205700461532e-11
1.250699999999999911e-11 0.000000000000000000e+00 2.517560676064448904e-11
1.250999999999999900e-11 0.000000000000000000e+00 4.257508210430293980e-11
1.251299999999999889e-11 -0.000000000000000000e+00 2.487530489435193933e-11
1.251599999999999877e-11 -0.000000000000000000e+00 -1.299949030505065188e-11
1.251899999999999866e-11 -0.000000000000000000e+00 -3.976898611130839416e-11
1.252199999999999854e-11 0.000000000000000000e+00 -3.362715077716431019e-11
1.252500000000000005e-11 0.000000000000000000e+00 -1.287891342692762621e-23
1.252799999999999993e-11 0.000000000000000000e+00 3.322603646704388449e-11
1.253099999999999982e-11 -0.000000000000000000e+00 3.882589283203871882e-11
1.253399999999999970e-11 -0.000000000000000000e+00 1.253983214301947080e-11
1.253699999999999959e-11 -0.000000000000000000e+00 -2.370949355863976398e-11
1.253999999999999948e-11 -0.000000000000000000e+00 -4.009570234026912950e-11
1.254299999999999936e-11 0.000000000000000000e+00 -2.342667991159414761e-11
1.254599999999999925e-11 0.000000000000000000e+00 1.224245892396909355e-11
1.254899999999999914e-11 0.000000000000000000e+00 3.745302065623394436e-11
1.255199999999999902e-11 -0.000000000000000000e+00 3.166885796742281522e-11
1.255499999999999891e-11 -0.000000000000000000e+00 1.272819966364238621e-23
1.255799999999999879e-11 -0.000000000000000000e+00 -3.129110273623769309e-11
1.256099999999999868e-11 0.000000000000000000e+00 -3.656484885395655369e-11
1.256399999999999857e-11 0.000000000000000000e+00 -1.180956916939632478e-11
1.256700000000000007e-11 0.000000000000000000e+00 2.232876014276978103e-11
1.256999999999999996e-11 0.000000000000000000e+00 3.776071041321580365e-11
1.257299999999999984e-11 -0.000000000000000000e+00 2.206241628037065984e-11
1.257599999999999973e-11 -0.000000000000000000e+00 -1.152951361845461421e-11
1.257899999999999961e-11 -0.000000000000000000e+00 -3.527192652963845199e-11
1.258199999999999950e-11 0.000000000000000000e+00 -2.982460725283617827e-11
1.258499999999999939e-11 0.000000000000000000e+00 -1.342841847536584638e-23
1.258799999999999927e-11 0.000000000000000000e+00 2.946885077372847076e-11
1.259099999999999916e-11 -0.000000000000000000e+00 3.443547782652498072e-11
1.259399999999999905e-11 -0.000000000000000000e+00 1.112183340064865301e-11
1.259699999999999893e-11 -0.000000000000000000e+00 -2.102843438136890539e-11
1.259999999999999882e-11 -0.000000000000000000e+00 -3.556169783011185802e-11
1.260299999999999870e-11 0.000000000000000000e+00 -2.077760117802567856e-11
1.260599999999999859e-11 0.000000000000000000e+00 1.085808701533618313e-11
1.260900000000000009e-11 0.000000000000000000e+00 3.321784943680273435e-11
1.261199999999999998e-11 -0.000000000000000000e+00 2.808775733880138607e-11
1.261499999999999986e-11 -0.000000000000000000e+00 1.327181398239467697e-23
1.261799999999999975e-11 -0.000000000000000000e+00 -2.775271850418443535e-11
1.262099999999999964e-11 0.000000000000000000e+00 -3.243011171404879797e-11
1.262399999999999952e-11 0.000000000000000000e+00 -1.047414824516388285e-11
1.262699999999999941e-11 0.000000000000000000e+00 1.980383369717757751e-11
1.262999999999999930e-11 0.000000000000000000e+00 3.349074577044022547e-11
1.263299999999999918e-11 -0.000000000000000000e+00 1.956760788242279211e-11
1.263599999999999907e-11 -0.000000000000000000e+00 -1.022576125361662968e-11
1.263899999999999895e-11 -0.000000000000000000e+00 -3.128339248152360056e-11
1.264199999999999884e-11 0.000000000000000000e+00 -2.645205368960348947e-11
1.264499999999999873e-11 0.000000000000000000e+00 -1.058897562090565563e-23
1.264799999999999861e-11 0.000000000000000000e+00 2.613652599778987117e-11
1.265100000000000011e-11 -0.000000000000000000e+00 3.054152903246602079e-11
1.265400000000000000e-11 -0.000000000000000000e+00 9.864181336797183291e-12
1.265699999999999989e-11 -0.000000000000000000e+00 -1.865054820500413383e-11
1.265999999999999977e-11 -0.000000000000000000e+00 -3.154039656988737316e-11
1.266299999999999966e-11 0.000000000000000000e+00 -1.842807911074822075e-11
1.266599999999999955e-11 0.000000000000000000e+00 9.630259277557130503e-12
1.266899999999999943e-11 0.000000000000000000e+00 2.946158952929512887e-11
1.267199999999999932e-11 -0.000000000000000000e+00 2.491160600533457261e-11
1.267499999999999920e-11 -0.000000000000000000e+00 9.972894212432142686e-24
1.267799999999999909e-11 -0.000000000000000000e+00 -2.461445321582079031e-11
1.268099999999999898e-11 0.000000000000000000e+00 -2.876292884421007685e-11
1.268399999999999886e-11 0.000000000000000000e+00 -9.289736135839893089e-12
1.268699999999999875e-11 0.000000000000000000e+00 1.756442483137536164e-11
1.268999999999999864e-11 0.000000000000000000e+00 2.970362686470192988e-11
1.269299999999999852e-11 -0.000000000000000000e+00 1.735491132858816487e-11
1.269600000000000002e-11 -0.000000000000000000e+00 -9.069436636822744918e-12
1.269899999999999991e-11 -0.000000000000000000e+00 -2.774588012170649333e-11
1.270199999999999980e-11 0.000000000000000000e+00 -2.346086701044892799e-11
1.270499999999999968e-11 0.000000000000000000e+00 -1.071412584027083235e-23
1.270799999999999957e-11 0.000000000000000000e+00 2.318101905222762603e-11
1.271099999999999946e-11 -0.000000000000000000e+00 2.708790626748442851e-11
1.271399999999999934e-11 -0.000000000000000000e+00 8.748744019091167813e-12
1.271699999999999923e-11 -0.000000000000000000e+00 -1.654155235899441753e-11
1.271999999999999911e-11 -0.000000000000000000e+00 -2.797382229999609125e-11
1.272299999999999900e-11 0.000000000000000000e+00 -1.634423997276456805e-11
1.272599999999999889e-11 0.000000000000000000e+00 8.541273764148025061e-12
1.272899999999999877e-11 0.000000000000000000e+00 2.613008585170267113e-11
1.273199999999999866e-11 -0.000000000000000000e+00 2.209461247757772331e-11
1.273499999999999855e-11 -0.000000000000000000e+00 1.080715491097123400e-23
1.273800000000000005e-11 -0.000000000000000000e+00 -2.183106159572815113e-11
1.274099999999999993e-11 0.000000000000000000e+00 -2.551042941177112589e-11
1.274399999999999982e-11 0.000000000000000000e+00 -8.239256830587396988e-12
1.274699999999999971e-11 0.000000000000000000e+00 1.557824734212774217e-11
1.274999999999999959e-11 0.000000000000000000e+00 2.634475371092421944e-11
1.275299999999999948e-11 -0.000000000000000000e+00 1.539242553473902896e-11
1.275599999999999936e-11 -0.000000000000000000e+00 -8.043868702708983580e-12
1.275899999999999925e-11 -0.000000000000000000e+00 -2.460838811464528084e-11
1.276199999999999914e-11 0.000000000000000000e+00 -2.080792241466975718e-11
1.276499999999999902e-11 0.000000000000000000e+00 -8.603799716748084175e-24
1.276799999999999891e-11 0.000000000000000000e+00 2.055971954135086311e-11
1.277099999999999880e-11 -0.000000000000000000e+00 2.402481765650988443e-11
1.277399999999999868e-11 -0.000000000000000000e+00 7.759439866137098840e-12
1.277699999999999857e-11 -0.000000000000000000e+00 -1.467104084222064517e-11
1.278000000000000007e-11 0.000000000000000000e+00 -2.481055469096062502e-11
1.278299999999999996e-11 0.000000000000000000e+00 -1.449604045445252457e-11
1.278599999999999984e-11 0.000000000000000000e+00 7.575430257021231729e-12
1.278899999999999973e-11 0.000000000000000000e+00 2.317530715504990018e-11
1.279199999999999962e-11 -0.000000000000000000e+00 1.959616334770858277e-11
1.279499999999999950e-11 -0.000000000000000000e+00 7.505011911557908534e-24
1.279799999999999939e-11 -0.000000000000000000e+00 -1.936241468448393951e-11
1.280099999999999927e-11 0.000000000000000000e+00 -2.262572119473032204e-11
1.280399999999999916e-11 0.000000000000000000e+00 -7.307565266408163260e-12
1.280699999999999905e-11 0.000000000000000000e+00 1.381666593596931239e-11
1.280999999999999893e-11 0.000000000000000000e+00 2.336570046649964924e-11
1.281299999999999882e-11 -0.000000000000000000e+00 1.365185677740695271e-11
1.281599999999999871e-11 -0.000000000000000000e+00 -7.134271542702784029e-12
1.281899999999999859e-11 -0.000000000000000000e+00 -2.182568233354731067e-11
1.282200000000000009e-11 0.000000000000000000e+00 -1.845497163519643710e-11
1.282499999999999998e-11 0.000000000000000000e+00 -8.250467081435564378e-24
1.282799999999999987e-11 0.000000000000000000e+00 1.823483543439719511e-11
1.283099999999999975e-11 -0.000000000000000000e+00 2.130810176796284401e-11
1.283399999999999964e-11 -0.000000000000000000e+00 6.882005794756525598e-12
1.283699999999999952e-11 -0.000000000000000000e+00 -1.301204595087638873e-11
1.283999999999999941e-11 -0.000000000000000000e+00 -2.200498800170211352e-11
1.284299999999999930e-11 0.000000000000000000e+00 -1.285683453053454637e-11
1.284599999999999918e-11 0.000000000000000000e+00 6.718803911875547546e-12
1.284899999999999907e-11 0.000000000000000000e+00 2.055465354301049093e-11
1.285199999999999896e-11 -0.000000000000000000e+00 1.738023775433176935e-11
1.285499999999999884e-11 -0.000000000000000000e+00 8.887666200103912660e-24
1.285799999999999873e-11 -0.000000000000000000e+00 -1.717292128785975150e-11
1.286099999999999861e-11 0.000000000000000000e+00 -2.006721452307120410e-11
1.286400000000000012e-11 0.000000000000000000e+00 -6.481228977423586743e-12
1.286700000000000000e-11 0.000000000000000000e+00 1.225428338590322567e-11
1.286999999999999989e-11 0.000000000000000000e+00 2.072351726194961931e-11
1.287299999999999977e-11 -0.000000000000000000e+00 1.210811077501872610e-11
1.287599999999999966e-11 -0.000000000000000000e+00 -6.327531232311285957e-12
1.287899999999999955e-11 -0.000000000000000000e+00 -1.935764370691872768e-11
1.288199999999999943e-11 0.000000000000000000e+00 -1.636809150229109081e-11
1.288499999999999932e-11 0.000000000000000000e+00 -7.886242153496235737e-24
1.288799999999999921e-11 0.000000000000000000e+00 1.617284820694029764e-11
1.289099999999999909e-11 -0.000000000000000000e+00 1.889859092565450735e-11
1.289399999999999898e-11 -0.000000000000000000e+00 6.103791584974854569e-12
1.289699999999999886e-11 -0.000000000000000000e+00 -1.154064947733518318e-11
1.289999999999999875e-11 -0.000000000000000000e+00 -1.951667356842476789e-11
1.290299999999999864e-11 0.000000000000000000e+00 -1.140298929662046401e-11
1.290599999999999852e-11 0.000000000000000000e+00 5.959044499738949184e-12
1.290900000000000003e-11 0.000000000000000000e+00 1.823034229693679041e-11
1.291199999999999991e-11 -0.000000000000000000e+00 1.541488805931841018e-11
1.291499999999999980e-11 -0.000000000000000000e+00 5.764356862287894161e-24
1.291799999999999968e-11 -0.000000000000000000e+00 -1.523101484833896127e-11
1.292099999999999957e-11 0.000000000000000000e+00 -1.779802266849823362e-11
1.292399999999999946e-11 0.000000000000000000e+00 -5.748334435118198595e-12
1.292699999999999934e-11 0.000000000000000000e+00 1.086857437228283821e-11
1.292999999999999923e-11 0.000000000000000000e+00 1.838011098028383496e-11
1.293299999999999912e-11 -0.000000000000000000e+00 1.073893089639762346e-11
1.293599999999999900e-11 -0.000000000000000000e+00 -5.612016763904889834e-12
1.293899999999999889e-11 -0.000000000000000000e+00 -1.716868981035619495e-11
1.294199999999999877e-11 0.000000000000000000e+00 -1.451719486343763936e-11
1.294499999999999866e-11 0.000000000000000000e+00 -5.643485757883249811e-24
1.294799999999999855e-11 0.000000000000000000e+00 1.434402959466068848e-11
1.295100000000000005e-11 -0.000000000000000000e+00 1.676154651712056407e-11
1.295399999999999993e-11 -0.000000000000000000e+00 5.413577498176189748e-12
1.295699999999999982e-11 -0.000000000000000000e+00 -1.023563787443805657e-11
1.295999999999999971e-11 -0.000000000000000000e+00 -1.730973664457401931e-11
1.296299999999999959e-11 0.000000000000000000e+00 -1.011354424684057413e-11
1.296599999999999948e-11 0.000000000000000000e+00 5.285198350124651427e-12
1.296899999999999937e-11 0.000000000000000000e+00 1.616886315150256594e-11
1.297199999999999925e-11 -0.000000000000000000e+00 1.367177924951812135e-11
1.297499999999999914e-11 -0.000000000000000000e+00 6.858476542066580822e-24
1.297799999999999902e-11 -0.000000000000000000e+00 -1.350869834093357890e-11
1.298099999999999891e-11 0.000000000000000000e+00 -1.578543003784738369e-11
1.298399999999999880e-11 0.000000000000000000e+00 -5.098315287593444081e-12
1.298699999999999868e-11 0.000000000000000000e+00 9.639560728756470498e-12
1.298999999999999857e-11 0.000000000000000000e+00 1.630169605754348293e-11
1.299300000000000007e-11 -0.000000000000000000e+00 9.524577280510271562e-12
1.299599999999999996e-11 -0.000000000000000000e+00 -4.977412359104553280e-12
1.299899999999999984e-11 -0.000000000000000000e+00 -1.522726186446200552e-11
1.300199999999999973e-11 0.000000000000000000e+00 -1.287559680818940104e-11
1.300499999999999962e-11 0.000000000000000000e+00 -6.860032583870411707e-24
1.300799999999999950e-11 0.000000000000000000e+00 1.272201299237922495e-11
1.301099999999999939e-11 -0.000000000000000000e+00 1.486615815701981322e-11
1.301399999999999927e-11 -0.000000000000000000e+00 4.801412518885694249e-12
1.301699999999999916e-11 -0.000000000000000000e+00 -9.078196413674329676e-12
1.301999999999999905e-11 -0.000000000000000000e+00 -1.535235918426420612e-11
1.302299999999999893e-11 0.000000000000000000e+00 -8.969909080166171829e-12
1.302599999999999882e-11 0.000000000000000000e+00 4.687550428829182227e-12
1.302899999999999871e-11 0.000000000000000000e+00 1.434049516755023023e-11
1.303199999999999859e-11 -0.000000000000000000e+00 1.212578042268246197e-11
1.303500000000000009e-11 -0.000000000000000000e+00 5.292820622805866785e-24
1.303799999999999998e-11 -0.000000000000000000e+00 -1.198114063202133879e-11
1.304099999999999987e-11 0.000000000000000000e+00 -1.400042050293490842e-11
1.304399999999999975e-11 0.000000000000000000e+00 -4.521800021392727945e-12
1.304699999999999964e-11 0.000000000000000000e+00 8.549523411311163398e-12
1.304999999999999953e-11 0.000000000000000000e+00 1.445830738658643730e-11
1.305299999999999941e-11 -0.000000000000000000e+00 8.447542241174999327e-12
1.305599999999999930e-11 -0.000000000000000000e+00 -4.414568743259831794e-12
1.305899999999999918e-11 -0.000000000000000000e+00 -1.350536974283542167e-11
1.306199999999999907e-11 0.000000000000000000e+00 -1.141962994411227285e-11
1.306499999999999896e-11 0.000000000000000000e+00 -4.513021387400821904e-24
1.306799999999999884e-11 0.000000000000000000e+00 1.128341331912314729e-11
1.307099999999999873e-11 -0.000000000000000000e+00 1.318509948492988737e-11
1.307399999999999862e-11 -0.000000000000000000e+00 4.258470888108114910e-12
1.307699999999999850e-11 -0.000000000000000000e+00 -8.051637927821135249e-12
1.308000000000000000e-11 -0.000000000000000000e+00 -1.361632111234640706e-11
1.308299999999999989e-11 0.000000000000000000e+00 -7.955595678693654336e-12
1.308599999999999978e-11 0.000000000000000000e+00 4.157484273471489999e-12
1.308899999999999966e-11 0.000000000000000000e+00 1.271887823674428308e-11
1.309199999999999955e-11 -0.000000000000000000e+00 1.075460246802198841e-11
1.309499999999999943e-11 -0.000000000000000000e+00 4.679073277038098694e-24
1.309799999999999932e-11 -0.000000000000000000e+00 -1.062631848172219940e-11
1.310099999999999921e-11 0.000000000000000000e+00 -1.241725906668724461e-11
1.310399999999999909e-11 0.000000000000000000e+00 -4.010476849721748126e-12
1.310699999999999898e-11 0.000000000000000000e+00 7.582747037683465351e-12
1.310999999999999887e-11 0.000000000000000000e+00 1.282336830150246528e-11
1.311299999999999875e-11 -0.000000000000000000e+00 7.492297853730225765e-12
1.311599999999999864e-11 -0.000000000000000000e+00 -3.915371237689446185e-12
1.311899999999999852e-11 -0.000000000000000000e+00 -1.197818843034241281e-11
1.312200000000000003e-11 0.000000000000000000e+00 -1.012830317718103959e-11
1.312499999999999991e-11 0.000000000000000000e+00 -4.600771030552515455e-24
1.312799999999999980e-11 0.000000000000000000e+00 1.000748986865687102e-11
1.313099999999999969e-11 -0.000000000000000000e+00 1.169413419333370214e-11
1.313399999999999957e-11 -0.000000000000000000e+00 3.776924859828657780e-12
1.313699999999999946e-11 -0.000000000000000000e+00 -7.141162227231536503e-12
1.313999999999999934e-11 -0.000000000000000000e+00 -1.207659346744370907e-11
1.314299999999999923e-11 0.000000000000000000e+00 -7.055980393692352635e-12
1.314599999999999912e-11 0.000000000000000000e+00 3.687357767472265938e-12
1.314899999999999900e-11 0.000000000000000000e+00 1.128063304028598742e-11
1.315199999999999889e-11 -0.000000000000000000e+00 9.538476717657497862e-12
1.315499999999999878e-11 -0.000000000000000000e+00 3.634135632844750363e-24
1.315799999999999866e-11 -0.000000000000000000e+00 -9.424699028505205978e-12
1.316099999999999855e-11 0.000000000000000000e+00 -1.101312083425630322e-11
1.316400000000000005e-11 0.000000000000000000e+00 -3.556973878998608604e-12
1.316699999999999994e-11 0.000000000000000000e+00 6.725293314178613416e-12
1.316999999999999982e-11 -0.000000000000000000e+00 1.137330741415356096e-11
1.317299999999999971e-11 -0.000000000000000000e+00 6.645072084444838367e-12
1.317599999999999959e-11 -0.000000000000000000e+00 -3.472622768041952765e-12
1.317899999999999948e-11 -0.000000000000000000e+00 -1.062370011371977730e-11
1.318199999999999937e-11 0.000000000000000000e+00 -8.982999077108704175e-12
1.318499999999999925e-11 0.000000000000000000e+00 -3.577673544534350990e-24
1.318799999999999914e-11 0.000000000000000000e+00 8.875847284751718303e-12
1.319099999999999903e-11 -0.000000000000000000e+00 1.037176660578017737e-11
1.319399999999999891e-11 -0.000000000000000000e+00 3.349831846126785683e-12
1.319699999999999880e-11 -0.000000000000000000e+00 -6.333642721244167868e-12
1.319999999999999868e-11 -0.000000000000000000e+00 -1.071097755220036976e-11
1.320299999999999857e-11 0.000000000000000000e+00 -6.258093212241168685e-12
1.320600000000000007e-11 0.000000000000000000e+00 3.270392961458581887e-12
1.320899999999999996e-11 0.000000000000000000e+00 1.000502398253597605e-11
1.321199999999999984e-11 -0.000000000000000000e+00 8.459869936041196251e-12
1.321499999999999973e-11 -0.000000000000000000e+00 3.783404500169291091e-24
1.321799999999999962e-11 -0.000000000000000000e+00 -8.358958178288963329e-12
1.322099999999999950e-11 0.000000000000000000e+00 -9.767761939937369949e-12
1.322399999999999939e-11 0.000000000000000000e+00 -3.154752826153615322e-12
1.322699999999999928e-11 0.000000000000000000e+00 5.964800083261509819e-12
1.322999999999999916e-11 0.000000000000000000e+00 1.008721877867938055e-11
1.323299999999999905e-11 -0.000000000000000000e+00 5.893650235153350166e-12
1.323599999999999893e-11 -0.000000000000000000e+00 -3.079940101984978973e-12
1.323899999999999882e-11 -0.000000000000000000e+00 -9.422376744412188396e-12
1.324199999999999871e-11 0.000000000000000000e+00 -7.967205464499439067e-12
1.324499999999999859e-11 0.000000000000000000e+00 -3.769511269777952094e-24
1.324799999999999848e-11 0.000000000000000000e+00 7.872170350026511956e-12
1.325099999999999998e-11 -0.000000000000000000e+00 9.198931767527212458e-12
1.325399999999999987e-11 -0.000000000000000000e+00 2.971034323896244387e-12
1.325699999999999975e-11 -0.000000000000000000e+00 -5.617437168336114571e-12
1.325999999999999964e-11 -0.000000000000000000e+00 -9.499784888265371613e-12
1.326299999999999953e-11 0.000000000000000000e+00 -5.550430764817863317e-12
1.326599999999999941e-11 0.000000000000000000e+00 2.900578353613532046e-12
1.326899999999999930e-11 0.000000000000000000e+00 8.873660239956622327e-12
1.327199999999999919e-11 -0.000000000000000000e+00 7.503231538244082693e-12
1.327499999999999907e-11 -0.000000000000000000e+00 3.104747982013189420e-24
1.327799999999999896e-11 -0.000000000000000000e+00 -7.413730837988875692e-12
1.328099999999999884e-11 0.000000000000000000e+00 -8.663227685518524295e-12
1.328399999999999873e-11 0.000000000000000000e+00 -2.798014754306371765e-12
1.328699999999999862e-11 0.000000000000000000e+00 5.290303094777476414e-12
1.328999999999999850e-11 0.000000000000000000e+00 8.946560484448029158e-12
1.329300000000000000e-11 -0.000000000000000000e+00 5.227198840419903050e-12
1.329599999999999989e-11 -0.000000000000000000e+00 -2.731661820315994399e-12
1.329899999999999978e-11 -0.000000000000000000e+00 -8.356898497068076501e-12
1.330199999999999966e-11 0.000000000000000000e+00 -7.066277349988885712e-12
1.330499999999999955e-11 0.000000000000000000e+00 -2.612094032336327444e-24
1.330799999999999944e-11 0.000000000000000000e+00 6.981988764757938431e-12
1.331099999999999932e-11 -0.000000000000000000e+00 8.158720580586544934e-12
1.331399999999999921e-11 -0.000000000000000000e+00 2.635071060051209957e-12
1.331699999999999909e-11 -0.000000000000000000e+00 -4.982219826572385980e-12
1.331999999999999898e-11 -0.000000000000000000e+00 -8.425553361819530958e-12
1.332299999999999887e-11 0.000000000000000000e+00 -4.922790477900385368e-12
1.332599999999999875e-11 0.000000000000000000e+00 2.572582220119547146e-12
1.332899999999999864e-11 0.000000000000000000e+00 7.870230615302153115e-12
1.333199999999999853e-11 -0.000000000000000000e+00 6.654769392689428217e-12
1.333500000000000003e-11 -0.000000000000000000e+00 2.824160301029717925e-24
1.333799999999999991e-11 -0.000000000000000000e+00 -6.575389392532473511e-12
1.334099999999999980e-11 0.000000000000000000e+00 -7.683593682220377657e-12
1.334399999999999969e-11 0.000000000000000000e+00 -2.481616467830863664e-12
1.334699999999999957e-11 0.000000000000000000e+00 4.692077931185737753e-12
1.334999999999999946e-11 0.000000000000000000e+00 7.934887331983079733e-12
1.335299999999999935e-11 -0.000000000000000000e+00 4.636109478353152129e-12
1.335599999999999923e-11 -0.000000000000000000e+00 -2.422766694637548737e-12
1.335899999999999912e-11 -0.000000000000000000e+00 -7.411904064620270983e-12
1.336199999999999900e-11 0.000000000000000000e+00 -6.267225793217063383e-12
1.336499999999999889e-11 0.000000000000000000e+00 -3.063651806515610297e-24
1.336799999999999878e-11 0.000000000000000000e+00 6.192468524392865711e-12
1.337099999999999866e-11 -0.000000000000000000e+00 7.236136020387168779e-12
1.337399999999999855e-11 -0.000000000000000000e+00 2.337098375361964299e-12
1.337700000000000005e-11 -0.000000000000000000e+00 -4.418832584403847966e-12
1.337999999999999994e-11 -0.000000000000000000e+00 -7.472795467248527677e-12
1.338299999999999982e-11 0.000000000000000000e+00 -4.366123480526822576e-12
1.338599999999999971e-11 0.000000000000000000e+00 2.281675746158702076e-12
1.338899999999999960e-11 0.000000000000000000e+00 6.980268374388234883e-12
1.339199999999999948e-11 -0.000000000000000000e+00 5.902250976016142890e-12
1.339499999999999937e-11 -0.000000000000000000e+00 2.749109070455707487e-24
1.339799999999999925e-11 -0.000000000000000000e+00 -5.831847231610056062e-12
1.340099999999999914e-11 0.000000000000000000e+00 -6.814736264191958728e-12
1.340399999999999903e-11 0.000000000000000000e+00 -2.200996361412916990e-12
1.340699999999999891e-11 0.000000000000000000e+00 4.161499807838277732e-12
1.340999999999999880e-11 0.000000000000000000e+00 7.037613737783766647e-12
1.341299999999999869e-11 -0.000000000000000000e+00 4.111860243209158528e-12
1.341599999999999857e-11 -0.000000000000000000e+00 -2.148801294872151716e-12
1.341900000000000007e-11 -0.000000000000000000e+00 -6.573769189898808129e-12
1.342199999999999996e-11 0.000000000000000000e+00 -5.558530637524745250e-12
1.342499999999999985e-11 0.000000000000000000e+00 -2.096155028523582335e-24
1.342799999999999973e-11 0.000000000000000000e+00 5.492226888012166299e-12
1.343099999999999962e-11 -0.000000000000000000e+00 6.417876919346388085e-12
1.343399999999999950e-11 -0.000000000000000000e+00 2.072820311726414295e-12
1.343699999999999939e-11 -0.000000000000000000e+00 -3.919152925540014835e-12
1.343999999999999928e-11 0.000000000000000000e+00 -6.627775019310171729e-12
1.344299999999999916e-11 0.000000000000000000e+00 -3.872404144109518733e-12
1.344599999999999905e-11 0.000000000000000000e+00 2.023664849230543765e-12
1.344899999999999894e-11 0.000000000000000000e+00 6.190942675015665341e-12
1.345199999999999882e-11 -0.000000000000000000e+00 5.234827013262419108e-12
1.345499999999999871e-11 -0.000000000000000000e+00 2.135722948678114029e-24
1.345799999999999859e-11 -0.000000000000000000e+00 -5.172384493527608159e-12
1.346099999999999848e-11 0.000000000000000000e+00 -6.044128863549513034e-12
1.346399999999999998e-11 0.000000000000000000e+00 -1.952108654077253491e-12
1.346699999999999987e-11 0.000000000000000000e+00 3.690919226966324381e-12
1.346999999999999976e-11 -0.000000000000000000e+00 6.241803449762002904e-12
1.347299999999999964e-11 -0.000000000000000000e+00 3.646892882627295575e-12
1.347599999999999953e-11 -0.000000000000000000e+00 -1.905815782866095882e-12
1.347899999999999941e-11 -0.000000000000000000e+00 -5.830410240782818660e-12
1.348199999999999930e-11 0.000000000000000000e+00 -4.929974420539517379e-12
1.348499999999999919e-11 0.000000000000000000e+00 -2.402917555564335498e-24
1.348799999999999907e-11 0.000000000000000000e+00 4.871168270065168851e-12
1.349099999999999896e-11 -0.000000000000000000e+00 5.692146200103874944e-12
1.349399999999999885e-11 -0.000000000000000000e+00 1.838426696113159067e-12
1.349699999999999873e-11 -0.000000000000000000e+00 -3.475976824280775023e-12
1.349999999999999862e-11 -0.000000000000000000e+00 -5.878309114589589205e-12
1.350299999999999850e-11 0.000000000000000000e+00 -3.434514374639362354e-12
1.350600000000000001e-11 0.000000000000000000e+00 1.794829711848150752e-12
1.350899999999999989e-11 0.000000000000000000e+00 5.490873581015478398e-12
1.351199999999999978e-11 -0.000000000000000000e+00 4.642875060741620490e-12
1.351499999999999966e-11 -0.000000000000000000e+00 2.331839788882247862e-24
1.351799999999999955e-11 -0.000000000000000000e+00 -4.587493513868142882e-12
1.352099999999999944e-11 0.000000000000000000e+00 -5.360661411233947473e-12
1.352399999999999932e-11 0.000000000000000000e+00 -1.731365059993649509e-12
1.352699999999999921e-11 0.000000000000000000e+00 3.273551692668450332e-12
1.352999999999999910e-11 0.000000000000000000e+00 5.535983041565243886e-12
1.353299999999999898e-11 -0.000000000000000000e+00 3.234503828120198161e-12
1.353599999999999887e-11 -0.000000000000000000e+00 -1.690306966442173322e-12
1.353899999999999875e-11 -0.000000000000000000e+00 -5.171109996995083223e-12
1.354199999999999864e-11 0.000000000000000000e+00 -4.372495066068796209e-12
1.354499999999999853e-11 0.000000000000000000e+00 -1.553957819271207397e-24
1.354800000000000003e-11 0.000000000000000000e+00 4.320338689409164152e-12
1.355099999999999992e-11 -0.000000000000000000e+00 5.048480793653631202e-12
1.355399999999999980e-11 -0.000000000000000000e+00 1.630538208188356817e-12
1.355699999999999969e-11 -0.000000000000000000e+00 -3.082914883010482710e-12
1.355999999999999957e-11 -0.000000000000000000e+00 -5.213592487070262329e-12
1.356299999999999946e-11 0.000000000000000000e+00 -3.046140989065819728e-12
1.356599999999999935e-11 0.000000000000000000e+00 1.591871151866207530e-12
1.356899999999999923e-11 0.000000000000000000e+00 4.869967994433459143e-12
1.357199999999999912e-11 -0.000000000000000000e+00 4.117860776495900832e-12
1.357499999999999900e-11 -0.000000000000000000e+00 1.239137218603477748e-24
1.357799999999999889e-11 -0.000000000000000000e+00 -4.068741750757880092e-12
1.358099999999999878e-11 0.000000000000000000e+00 -4.754480159944701607e-12
1.358399999999999866e-11 0.000000000000000000e+00 -1.535583055126002864e-12
1.358699999999999855e-11 0.000000000000000000e+00 2.903379896878447799e-12
1.359000000000000005e-11 0.000000000000000000e+00 4.909976496884481622e-12
1.359299999999999994e-11 -0.000000000000000000e+00 2.868747547799910070e-12
1.359599999999999982e-11 -0.000000000000000000e+00 -1.499167792863232597e-12
1.359899999999999971e-11 -0.000000000000000000e+00 -4.586363136847997553e-12
1.360199999999999960e-11 0.000000000000000000e+00 -3.878055233542070232e-12
1.360499999999999948e-11 0.000000000000000000e+00 -1.751630701279171012e-24
1.360799999999999937e-11 0.000000000000000000e+00 3.831796677177063025e-12
1.361099999999999926e-11 -0.000000000000000000e+00 4.477600790266272384e-12
1.361399999999999914e-11 -0.000000000000000000e+00 1.446157659691310687e-12
1.361699999999999903e-11 -0.000000000000000000e+00 -2.734300214401144071e-12
1.361999999999999891e-11 -0.000000000000000000e+00 -4.624041725498141596e-12
1.362299999999999880e-11 0.000000000000000000e+00 -2.701684696325307222e-12
1.362599999999999869e-11 0.000000000000000000e+00 1.411863057209790783e-12
1.362899999999999857e-11 0.000000000000000000e+00 4.319274140421460557e-12
1.363200000000000007e-11 -0.000000000000000000e+00 3.652214878230977804e-12
1.363499999999999996e-11 -0.000000000000000000e+00 2.134555917325241600e-24
1.363799999999999985e-11 -0.000000000000000000e+00 -3.608650210470970485e-12
1.364099999999999973e-11 0.000000000000000000e+00 -4.216845619821535183e-12
1.364399999999999962e-11 0.000000000000000000e+00 -1.361939993868713491e-12
1.364699999999999951e-11 0.000000000000000000e+00 2.575066966094467425e-12
1.364999999999999939e-11 0.000000000000000000e+00 4.354758498887618435e-12
1.365299999999999928e-11 -0.000000000000000000e+00 2.544350827926452552e-12
1.365599999999999916e-11 -0.000000000000000000e+00 -1.329642553557892672e-12
1.365899999999999905e-11 -0.000000000000000000e+00 -4.067739196276309688e-12
1.366199999999999894e-11 0.000000000000000000e+00 -3.439526441346417667e-12
1.366499999999999882e-11 0.000000000000000000e+00 -1.844437480293311999e-24
1.366799999999999871e-11 0.000000000000000000e+00 3.398498782332894544e-12
1.367099999999999860e-11 -0.000000000000000000e+00 3.971275648347801976e-12
1.367399999999999848e-11 -0.000000000000000000e+00 1.282626783095191266e-12
1.367699999999999998e-11 -0.000000000000000000e+00 -2.425106740272361747e-12
1.367999999999999987e-11 -0.000000000000000000e+00 -4.101157106576876505e-12
1.368299999999999976e-11 0.000000000000000000e+00 -2.396179370736599281e-12
1.368599999999999964e-11 0.000000000000000000e+00 1.252210199285426101e-12
1.368899999999999953e-11 0.000000000000000000e+00 3.830852506923529806e-12
1.369199999999999942e-11 -0.000000000000000000e+00 3.239224014785170350e-12
1.369499999999999930e-11 -0.000000000000000000e+00 1.667132074039050261e-24
1.369799999999999919e-11 -0.000000000000000000e+00 -3.200585620630303400e-12
1.370099999999999907e-11 0.000000000000000000e+00 -3.740006558700650363e-12
1.370399999999999896e-11 0.000000000000000000e+00 -1.207932414144339196e-12
1.370699999999999885e-11 0.000000000000000000e+00 2.283879518144438848e-12
1.370999999999999873e-11 0.000000000000000000e+00 3.862324309630926177e-12
1.371299999999999862e-11 -0.000000000000000000e+00 2.256636747465954516e-12
1.371599999999999851e-11 -0.000000000000000000e+00 -1.179287154279282268e-12
1.371900000000000001e-11 -0.000000000000000000e+00 -3.607761024412646586e-12
1.372199999999999989e-11 0.000000000000000000e+00 -3.050586293458953503e-12
1.372499999999999978e-11 0.000000000000000000e+00 -1.685707323072269966e-24
1.372799999999999967e-11 0.000000000000000000e+00 3.014198024209108596e-12
1.373099999999999955e-11 -0.000000000000000000e+00 3.522205532356561913e-12
1.373399999999999944e-11 -0.000000000000000000e+00 1.137587906607941211e-12
1.373699999999999932e-11 -0.000000000000000000e+00 -2.150876729167736538e-12
1.373999999999999921e-11 -0.000000000000000000e+00 -3.637400052010460721e-12
1.374299999999999910e-11 0.000000000000000000e+00 -2.125220453946257734e-12
1.374599999999999898e-11 0.000000000000000000e+00 1.110610816811650382e-12
1.374899999999999887e-11 0.000000000000000000e+00 3.397661378439246412e-12
1.375199999999999876e-11 -0.000000000000000000e+00 2.872933977817743733e-12
1.375499999999999864e-11 -0.000000000000000000e+00 1.549748170462631837e-24
1.375799999999999853e-11 -0.000000000000000000e+00 -2.838664796399814612e-12
1.376100000000000003e-11 0.000000000000000000e+00 -3.317088250367557538e-12
1.376399999999999992e-11 0.000000000000000000e+00 -1.071339944277610090e-12
1.376699999999999980e-11 0.000000000000000000e+00 2.025619419641964721e-12
1.376999999999999969e-11 -0.000000000000000000e+00 3.425574363440993483e-12
1.377299999999999957e-11 -0.000000000000000000e+00 2.001457249574322945e-12
1.377599999999999946e-11 -0.000000000000000000e+00 -1.045933877888432690e-12
1.377899999999999935e-11 -0.000000000000000000e+00 -3.199796983343221163e-12
1.378199999999999923e-11 0.000000000000000000e+00 -2.705627327637861327e-12
1.378499999999999912e-11 0.000000000000000000e+00 -1.250682493058679976e-24
1.378799999999999901e-11 0.000000000000000000e+00 2.673353827983742959e-12
1.379099999999999889e-11 -0.000000000000000000e+00 3.123916068965249757e-12
1.379399999999999878e-11 -0.000000000000000000e+00 1.008949962932583589e-12
1.379699999999999866e-11 -0.000000000000000000e+00 -1.907656527958569369e-12
1.379999999999999855e-11 -0.000000000000000000e+00 -3.226084442644231442e-12
1.380300000000000005e-11 0.000000000000000000e+00 -1.884901453133984792e-12
1.380599999999999994e-11 0.000000000000000000e+00 9.850234306698096810e-13
1.380899999999999983e-11 0.000000000000000000e+00 3.013455313582558173e-12
1.381199999999999971e-11 -0.000000000000000000e+00 2.548063858265465098e-12
1.381499999999999960e-11 -0.000000000000000000e+00 9.362509028419078646e-25
1.381799999999999948e-11 -0.000000000000000000e+00 -2.517669820916818003e-12
1.382099999999999937e-11 0.000000000000000000e+00 -2.941993359645207441e-12
1.382399999999999926e-11 0.000000000000000000e+00 -9.501932912508124130e-13
1.382699999999999914e-11 0.000000000000000000e+00 1.796563260291927825e-12
1.382999999999999903e-11 0.000000000000000000e+00 3.038211910430124839e-12
1.383299999999999892e-11 -0.000000000000000000e+00 1.775133337862807392e-12
1.383599999999999880e-11 -0.000000000000000000e+00 -9.276601317544234439e-13
1.383899999999999869e-11 -0.000000000000000000e+00 -2.837965337873039077e-12
1.384199999999999857e-11 0.000000000000000000e+00 -2.399676171022165925e-12
1.384499999999999846e-11 0.000000000000000000e+00 -7.846062931204484741e-25
1.384799999999999996e-11 0.000000000000000000e+00 2.371052144614934768e-12
1.385099999999999985e-11 -0.000000000000000000e+00 2.770665004154258443e-12
1.385399999999999973e-11 -0.000000000000000000e+00 8.948583417496852652e-13
1.385699999999999962e-11 -0.000000000000000000e+00 -1.691939560883508246e-12
1.385999999999999951e-11 -0.000000000000000000e+00 -2.861280222756457806e-12
1.386299999999999939e-11 0.000000000000000000e+00 -1.671757619982299967e-12
1.386599999999999928e-11 0.000000000000000000e+00 8.736374113064393868e-13
1.386899999999999917e-11 0.000000000000000000e+00 2.672695102750410787e-12
1.387199999999999905e-11 -0.000000000000000000e+00 2.259929909956081953e-12
1.387499999999999894e-11 -0.000000000000000000e+00 7.876211241153688843e-25
1.387799999999999882e-11 -0.000000000000000000e+00 -2.232972817077318963e-12
1.388099999999999871e-11 0.000000000000000000e+00 -2.609314035355715838e-12
1.388399999999999860e-11 0.000000000000000000e+00 -8.427458488419905069e-13
1.388699999999999848e-11 0.000000000000000000e+00 1.593408671408219631e-12
1.388999999999999999e-11 0.000000000000000000e+00 2.694652234438223792e-12
1.389299999999999987e-11 -0.000000000000000000e+00 1.574402035248709218e-12
1.389599999999999976e-11 -0.000000000000000000e+00 -8.227607291807066610e-13
1.389899999999999964e-11 -0.000000000000000000e+00 -2.517049456854736834e-12
1.390199999999999953e-11 0.000000000000000000e+00 -2.128321837583028065e-12
1.390499999999999942e-11 0.000000000000000000e+00 -8.167691214763969734e-25
1.390799999999999930e-11 0.000000000000000000e+00 2.102934603581165812e-12
1.391099999999999919e-11 -0.000000000000000000e+00 2.457359415481688039e-12
1.391399999999999908e-11 -0.000000000000000000e+00 7.936681512647572705e-13
1.391699999999999896e-11 -0.000000000000000000e+00 -1.500615774237909683e-12
1.391999999999999885e-11 -0.000000000000000000e+00 -2.537727904737499578e-12
1.392299999999999873e-11 0.000000000000000000e+00 -1.482715998400038300e-12
1.392599999999999862e-11 0.000000000000000000e+00 7.748468743684054846e-13
1.392899999999999851e-11 0.000000000000000000e+00 2.370467907743334342e-12
1.393200000000000001e-11 -0.000000000000000000e+00 2.004378022688502806e-12
1.393499999999999989e-11 -0.000000000000000000e+00 6.820881460627619720e-25
1.393799999999999978e-11 -0.000000000000000000e+00 -1.980469226099850825e-12
1.394099999999999967e-11 0.000000000000000000e+00 -2.314253943770002396e-12
1.394399999999999955e-11 0.000000000000000000e+00 -7.474485162965642934e-13
1.394699999999999944e-11 0.000000000000000000e+00 1.413226714714305296e-12
1.394999999999999933e-11 0.000000000000000000e+00 2.389942136568908291e-12
1.395299999999999921e-11 -0.000000000000000000e+00 1.396369340671294003e-12
1.395599999999999910e-11 -0.000000000000000000e+00 -7.297233052385958393e-13
1.395899999999999898e-11 -0.000000000000000000e+00 -2.232422603512322557e-12
1.396199999999999887e-11 0.000000000000000000e+00 -1.887652133663968046e-12
1.396499999999999876e-11 0.000000000000000000e+00 -9.267340400238409346e-25
1.396799999999999864e-11 0.000000000000000000e+00 1.865135676995749119e-12
1.397099999999999853e-11 -0.000000000000000000e+00 2.179482285950183849e-12
1.397400000000000003e-11 -0.000000000000000000e+00 7.039205033285502273e-13
1.397699999999999992e-11 -0.000000000000000000e+00 -1.330926797831490322e-12
1.397999999999999980e-11 -0.000000000000000000e+00 -2.250762741539139449e-12
1.398299999999999969e-11 0.000000000000000000e+00 -1.315051120828833697e-12
1.398599999999999958e-11 0.000000000000000000e+00 6.872275282033269740e-13
1.398899999999999946e-11 0.000000000000000000e+00 2.102416431959573545e-12
1.399199999999999935e-11 -0.000000000000000000e+00 1.777723831229425914e-12
1.399499999999999923e-11 -0.000000000000000000e+00 1.096474582330018742e-24
1.399799999999999912e-11 -0.000000000000000000e+00 -1.756518630917030813e-12
1.400099999999999901e-11 0.000000000000000000e+00 -2.052559118482959589e-12
1.400399999999999889e-11 0.000000000000000000e+00 -6.629273644977402104e-13
1.400699999999999878e-11 0.000000000000000000e+00 1.253419654994345614e-12
1.400999999999999867e-11 0.000000000000000000e+00 2.119688523494290749e-12
1.401299999999999855e-11 -0.000000000000000000e+00 1.238468505446835311e-12
1.401599999999999844e-11 -0.000000000000000000e+00 -6.472065125645420315e-13
1.401899999999999994e-11 -0.000000000000000000e+00 -1.979981230444147475e-12
1.402199999999999983e-11 0.000000000000000000e+00 -1.674197254759318862e-12
1.402499999999999971e-11 0.000000000000000000e+00 -1.026973697297347929e-24
1.402799999999999960e-11 0.000000000000000000e+00 1.654226949177578268e-12
1.403099999999999949e-11 -0.000000000000000000e+00 1.933027380872113964e-12
1.403399999999999937e-11 -0.000000000000000000e+00 6.243214802263368867e-13
1.403699999999999926e-11 -0.000000000000000000e+00 -1.180426176771158141e-12
1.403999999999999914e-11 -0.000000000000000000e+00 -1.996247473672456156e-12
1.404299999999999903e-11 0.000000000000000000e+00 -1.166345714390769810e-12
1.404599999999999892e-11 0.000000000000000000e+00 6.095161394382139308e-13
1.404899999999999880e-11 0.000000000000000000e+00 1.864676099994867136e-12
1.405199999999999869e-11 -0.000000000000000000e+00 1.576699596756329880e-12
1.405499999999999858e-11 -0.000000000000000000e+00 7.630509461682868518e-25
1.405799999999999846e-11 -0.000000000000000000e+00 -1.557892271234849385e-12
1.406099999999999996e-11 0.000000000000000000e+00 -1.820456629752571228e-12
1.406399999999999985e-11 0.000000000000000000e+00 -5.879638276318334843e-13
1.406699999999999974e-11 0.000000000000000000e+00 1.111683507797645000e-12
1.406999999999999962e-11 0.000000000000000000e+00 1.879995070961871514e-12
1.407299999999999951e-11 -0.000000000000000000e+00 1.098423027711128289e-12
1.407599999999999939e-11 -0.000000000000000000e+00 -5.740206827701538982e-13
1.407899999999999928e-11 -0.000000000000000000e+00 -1.756085817597333966e-12
1.408199999999999917e-11 0.000000000000000000e+00 -1.484879760341639500e-12
1.408499999999999905e-11 0.000000000000000000e+00 -7.094022370121333480e-25
1.408799999999999894e-11 0.000000000000000000e+00 1.467167688193933625e-12
1.409099999999999883e-11 -0.000000000000000000e+00 1.714441488829210141e-12
1.409399999999999871e-11 -0.000000000000000000e+00 5.537234798940865674e-13
1.409699999999999860e-11 -0.000000000000000000e+00 -1.046944100214294632e-12
1.409999999999999848e-11 -0.000000000000000000e+00 -1.770512681145010897e-12
1.410299999999999999e-11 0.000000000000000000e+00 -1.034455850370522635e-12
1.410599999999999987e-11 0.000000000000000000e+00 5.405923205767262448e-13
1.410899999999999976e-11 0.000000000000000000e+00 1.653819340943402172e-12
1.411199999999999965e-11 -0.000000000000000000e+00 1.398407094926773306e-12
1.411499999999999953e-11 -0.000000000000000000e+00 6.499322643220090610e-25
1.411799999999999942e-11 -0.000000000000000000e+00 -1.381726493561809348e-12
1.412099999999999930e-11 0.000000000000000000e+00 -1.614600189084673595e-12
1.412399999999999919e-11 0.000000000000000000e+00 -5.214771347770628670e-13
1.412699999999999908e-11 0.000000000000000000e+00 9.859748222271014083e-13
1.412999999999999896e-11 0.000000000000000000e+00 1.667406049363504514e-12
1.413299999999999885e-11 -0.000000000000000000e+00 9.742138314376568436e-13
1.413599999999999874e-11 -0.000000000000000000e+00 -5.091106746471972951e-13
1.413899999999999862e-11 -0.000000000000000000e+00 -1.557508400256185449e-12
1.414199999999999851e-11 0.000000000000000000e+00 -1.316970205514606052e-12
1.414500000000000001e-11 0.000000000000000000e+00 -5.794310667011620505e-25
1.414799999999999990e-11 0.000000000000000000e+00 1.301261006750277488e-12
1.415099999999999978e-11 -0.000000000000000000e+00 1.520573193998390340e-12
1.415399999999999967e-11 -0.000000000000000000e+00 4.911086706081551762e-13
1.415699999999999955e-11 -0.000000000000000000e+00 -9.285561185805673336e-13
1.415999999999999944e-11 -0.000000000000000000e+00 -1.570303880374419328e-12
1.416299999999999933e-11 0.000000000000000000e+00 -9.174800345752065505e-13
1.416599999999999921e-11 0.000000000000000000e+00 4.794623770519292656e-13
1.416899999999999910e-11 0.000000000000000000e+00 1.466806172120863280e-12
1.417199999999999899e-11 -0.000000000000000000e+00 1.240275831340805346e-12
1.417499999999999887e-11 -0.000000000000000000e+00 4.784272817561313418e-25
1.417799999999999876e-11 -0.000000000000000000e+00 -1.225481465093603183e-12
1.418099999999999864e-11 0.000000000000000000e+00 -1.432021904826584008e-12
1.418399999999999853e-11 0.000000000000000000e+00 -4.625087281143708383e-13
1.418700000000000003e-11 0.000000000000000000e+00 8.744812199219217871e-13
1.418999999999999992e-11 0.000000000000000000e+00 1.478856501486349877e-12
1.419299999999999980e-11 -0.000000000000000000e+00 8.640501568344741160e-13
1.419599999999999969e-11 -0.000000000000000000e+00 -4.515406618956348958e-13
1.419899999999999958e-11 -0.000000000000000000e+00 -1.381386030545955364e-12
1.420199999999999946e-11 0.000000000000000000e+00 -1.168047789818430132e-12
1.420499999999999935e-11 0.000000000000000000e+00 -3.267479389586936883e-25
1.420799999999999924e-11 0.000000000000000000e+00 1.154114980390119767e-12
1.421099999999999912e-11 -0.000000000000000000e+00 1.348627441281453964e-12
1.421399999999999901e-11 -0.000000000000000000e+00 4.355743166112115361e-13
1.421699999999999889e-11 -0.000000000000000000e+00 -8.235553982080521907e-13
1.421999999999999878e-11 -0.000000000000000000e+00 -1.392734603360405985e-12
1.422299999999999867e-11 0.000000000000000000e+00 -8.137317929446410548e-13
1.422599999999999855e-11 0.000000000000000000e+00 4.252449808445051093e-13
1.422899999999999844e-11 0.000000000000000000e+00 1.300940370756999386e-12
1.423199999999999994e-11 -0.000000000000000000e+00 1.100025981982568408e-12
1.423499999999999983e-11 -0.000000000000000000e+00 3.596471085253831817e-25
1.423799999999999971e-11 -0.000000000000000000e+00 -1.086904556209742949e-12
1.424099999999999960e-11 0.000000000000000000e+00 -1.270089493217482896e-12
1.424399999999999949e-11 0.000000000000000000e+00 -4.102084431247727130e-13
1.424699999999999937e-11 0.000000000000000000e+00 7.755952654741663016e-13
1.424999999999999926e-11 0.000000000000000000e+00 1.311628054140470551e-12
1.425299999999999915e-11 -0.000000000000000000e+00 7.663437424453637953e-13
1.425599999999999903e-11 -0.000000000000000000e+00 -4.004806410439608635e-13
1.425899999999999892e-11 -0.000000000000000000e+00 -1.225179501486933033e-12
1.426199999999999880e-11 0.000000000000000000e+00 -1.035965455852532728e-12
1.426499999999999869e-11 0.000000000000000000e+00 -4.936473156498426762e-25
1.426799999999999858e-11 0.000000000000000000e+00 1.023608162429427587e-12
1.427099999999999846e-11 -0.000000000000000000e+00 1.196125239190319096e-12
1.427399999999999996e-11 -0.000000000000000000e+00 3.863197631118843691e-13
1.427699999999999985e-11 -0.000000000000000000e+00 -7.304281134393216150e-13
1.427999999999999974e-11 -0.000000000000000000e+00 -1.235244782643635783e-12
1.428299999999999962e-11 0.000000000000000000e+00 -7.217153571693971383e-13
1.428599999999999951e-11 0.000000000000000000e+00 3.771584641221423801e-13
1.428899999999999940e-11 0.000000000000000000e+00 1.153830601774773847e-12
1.429199999999999928e-11 -0.000000000000000000e+00 9.756355243404281844e-13
1.429499999999999917e-11 -0.000000000000000000e+00 5.916640560607355116e-25
1.429799999999999905e-11 -0.000000000000000000e+00 -9.639978636633046366e-13
1.430099999999999894e-11 0.000000000000000000e+00 -1.126468327994436820e-12
1.430399999999999883e-11 0.000000000000000000e+00 -3.638222515215059870e-13
1.430699999999999871e-11 0.000000000000000000e+00 6.878912915699615069e-13
1.430999999999999860e-11 0.000000000000000000e+00 1.163309726588753908e-12
1.431299999999999849e-11 -0.000000000000000000e+00 6.796859267252249916e-13
1.431599999999999999e-11 -0.000000000000000000e+00 -3.551944650513565835e-13
1.431899999999999987e-11 -0.000000000000000000e+00 -1.086636738515657267e-12
1.432199999999999976e-11 0.000000000000000000e+00 -9.188189345286508258e-13
1.432499999999999965e-11 0.000000000000000000e+00 -4.990934619632473741e-25
1.432799999999999953e-11 0.000000000000000000e+00 9.078589984491066893e-13
1.433099999999999942e-11 -0.000000000000000000e+00 1.060867919511067265e-12
1.433399999999999930e-11 -0.000000000000000000e+00 3.426348930116557508e-13
1.433699999999999919e-11 -0.000000000000000000e+00 -6.478316213620747174e-13
1.433999999999999908e-11 -0.000000000000000000e+00 -1.095563842074836300e-12
1.434299999999999896e-11 0.000000000000000000e+00 -6.401040997661014671e-13
1.434599999999999885e-11 0.000000000000000000e+00 3.345095497108085380e-13
1.434899999999999874e-11 0.000000000000000000e+00 1.023355941223660228e-12
1.435199999999999862e-11 -0.000000000000000000e+00 8.653110853246980524e-13
1.435499999999999851e-11 -0.000000000000000000e+00 4.701781762112742028e-25
1.435800000000000001e-11 -0.000000000000000000e+00 -8.549894062346284312e-13
1.436099999999999990e-11 0.000000000000000000e+00 -9.990877814127737041e-13
1.436399999999999978e-11 0.000000000000000000e+00 -3.226813902068118229e-13
1.436699999999999967e-11 0.000000000000000000e+00 6.101048447331158353e-13
1.436999999999999956e-11 0.000000000000000000e+00 1.031763170743302570e-12
1.437299999999999944e-11 -0.000000000000000000e+00 6.028273389615756812e-13
1.437599999999999933e-11 -0.000000000000000000e+00 -3.150292300628138979e-13
1.437899999999999921e-11 -0.000000000000000000e+00 -9.637603306770850489e-13
1.438199999999999910e-11 0.000000000000000000e+00 -8.149192906760586316e-13
1.438499999999999899e-11 0.000000000000000000e+00 -4.830363609384579591e-25
1.438799999999999887e-11 0.000000000000000000e+00 8.051986993819495678e-13
1.439099999999999876e-11 -0.000000000000000000e+00 9.409054384718680202e-13
1.439399999999999865e-11 -0.000000000000000000e+00 3.038898889444405332e-13
1.439699999999999853e-11 -0.000000000000000000e+00 -5.745751045375216261e-13
1.440000000000000003e-11 -0.000000000000000000e+00 -9.716779612644169241e-13
1.440299999999999992e-11 0.000000000000000000e+00 -5.677214077089590230e-13
1.440599999999999981e-11 0.000000000000000000e+00 2.966833559154953828e-13
1.440899999999999969e-11 0.000000000000000000e+00 9.076352983070698338e-13
1.441199999999999958e-11 -0.000000000000000000e+00 7.674620856923118180e-13
1.441499999999999946e-11 -0.000000000000000000e+00 4.409225063147131632e-25
1.441799999999999935e-11 -0.000000000000000000e+00 -7.583075775660760618e-13
1.442099999999999924e-11 0.000000000000000000e+00 -8.861113714093149169e-13
1.442399999999999912e-11 0.000000000000000000e+00 -2.861927195226985913e-13
1.442699999999999901e-11 0.000000000000000000e+00 5.411144553339188288e-13
1.442999999999999890e-11 0.000000000000000000e+00 9.150918419842676149e-13
1.443299999999999878e-11 -0.000000000000000000e+00 5.346598867367819982e-13
1.443599999999999867e-11 -0.000000000000000000e+00 -2.794058623060103969e-13
1.443899999999999855e-11 -0.000000000000000000e+00 -8.547787333747707146e-13
1.444199999999999844e-11 0.000000000000000000e+00 -7.227685731755775741e-13
1.444499999999999994e-11 0.000000000000000000e+00 -3.522559099571911178e-25
1.444799999999999983e-11 0.000000000000000000e+00 7.141471820999533531e-13
1.445099999999999972e-11 -0.000000000000000000e+00 8.345082623989660800e-13
1.445399999999999960e-11 -0.000000000000000000e+00 2.695261530164311960e-13
1.445699999999999949e-11 -0.000000000000000000e+00 -5.096024026432986035e-13
1.445999999999999937e-11 -0.000000000000000000e+00 -8.618010417530569765e-13
1.446299999999999926e-11 0.000000000000000000e+00 -5.035237188588081629e-13
1.446599999999999915e-11 0.000000000000000000e+00 2.631345315953908209e-13
1.446899999999999903e-11 0.000000000000000000e+00 8.050002951544403674e-13
1.447199999999999892e-11 -0.000000000000000000e+00 6.806778082060066198e-13
1.447499999999999881e-11 -0.000000000000000000e+00 2.689590471459213347e-25
1.447799999999999869e-11 -0.000000000000000000e+00 -6.725584878609013137e-13
1.448099999999999858e-11 0.000000000000000000e+00 -7.859102845103496422e-13
1.448399999999999846e-11 0.000000000000000000e+00 -2.538301717842320114e-13
1.448699999999999997e-11 0.000000000000000000e+00 4.799254690388191836e-13
1.448999999999999985e-11 -0.000000000000000000e+00 8.116136561290023205e-13
1.449299999999999974e-11 -0.000000000000000000e+00 4.742007802396579371e-13
1.449599999999999962e-11 -0.000000000000000000e+00 -2.478107694178758661e-13
1.449899999999999951e-11 -0.000000000000000000e+00 -7.581207275013390599e-13
1.450199999999999940e-11 0.000000000000000000e+00 -6.410382185662964787e-13
1.450499999999999928e-11 0.000000000000000000e+00 -2.407280029907216021e-25
1.450799999999999917e-11 0.000000000000000000e+00 6.333917306284887590e-13
1.451099999999999906e-11 -0.000000000000000000e+00 7.401424325309957110e-13
1.451399999999999894e-11 -0.000000000000000000e+00 2.390482533400013539e-13
1.451699999999999883e-11 -0.000000000000000000e+00 -4.519767855045726518e-13
1.451999999999999871e-11 -0.000000000000000000e+00 -7.643489563149894893e-13
1.452299999999999860e-11 0.000000000000000000e+00 -4.465854766277302720e-13
1.452599999999999849e-11 0.000000000000000000e+00 2.333793936779801190e-13
1.452899999999999999e-11 0.000000000000000000e+00 7.139712133358964318e-13
1.453199999999999987e-11 -0.000000000000000000e+00 6.037070589178294108e-13
1.453499999999999976e-11 -0.000000000000000000e+00 2.611058986672172755e-25
1.453799999999999965e-11 -0.000000000000000000e+00 -5.965058677714834914e-13
1.454099999999999953e-11 0.000000000000000000e+00 -6.970398927585344372e-13
1.454399999999999942e-11 0.000000000000000000e+00 -2.251271668109373872e-13
1.454699999999999931e-11 0.000000000000000000e+00 4.256557065916191519e-13
1.454999999999999919e-11 0.000000000000000000e+00 7.198367383396504463e-13
1.455300000000000069e-11 -0.000000000000000000e+00 4.205783631018782777e-13
1.455600000000000058e-11 -0.000000000000000000e+00 -2.197884358353012864e-13
1.455900000000000047e-11 -0.000000000000000000e+00 -6.723927667198971399e-13
1.456200000000000035e-11 0.000000000000000000e+00 -5.685498967633112068e-13
1.456500000000000024e-11 0.000000000000000000e+00 -2.521100319888256221e-25
1.456800000000000013e-11 0.000000000000000000e+00 5.617680703421045085e-13
1.457100000000000001e-11 -0.000000000000000000e+00 6.564474494933733187e-13
1.457399999999999990e-11 -0.000000000000000000e+00 2.120167812488314753e-13
1.457699999999999978e-11 -0.000000000000000000e+00 -4.008674479857570771e-13
1.457999999999999967e-11 -0.000000000000000000e+00 -6.779167101392530110e-13
1.458299999999999956e-11 0.000000000000000000e+00 -3.960857859622438503e-13
1.458599999999999944e-11 0.000000000000000000e+00 2.069889537616695539e-13
1.458899999999999933e-11 0.000000000000000000e+00 6.332356603353889567e-13
1.459199999999999922e-11 -0.000000000000000000e+00 5.354401283446566017e-13
1.459499999999999910e-11 -0.000000000000000000e+00 2.260706449278594876e-25
1.459799999999999899e-11 -0.000000000000000000e+00 -5.290532447482513041e-13
1.460099999999999887e-11 0.000000000000000000e+00 -6.182189260946900861e-13
1.460399999999999876e-11 0.000000000000000000e+00 -1.996698851048477535e-13
1.460699999999999865e-11 0.000000000000000000e+00 3.775227451813952660e-13
1.460999999999999853e-11 0.000000000000000000e+00 6.384379143332549465e-13
1.461299999999999842e-11 -0.000000000000000000e+00 3.730195454761052078e-13
1.461599999999999831e-11 -0.000000000000000000e+00 -1.949348554964119408e-13
1.461899999999999819e-11 -0.000000000000000000e+00 -5.963588863046511715e-13
1.462199999999999808e-11 0.000000000000000000e+00 -5.042585227328186767e-13
1.462499999999999796e-11 0.000000000000000000e+00 -2.676426635663420123e-25
1.462799999999999785e-11 0.000000000000000000e+00 4.982435822815276997e-13
1.463099999999999774e-11 -0.000000000000000000e+00 5.822166585865301752e-13
1.463399999999999762e-11 -0.000000000000000000e+00 1.880420162166467157e-13
1.463700000000000074e-11 -0.000000000000000000e+00 -3.555375320331387039e-13
1.464000000000000063e-11 -0.000000000000000000e+00 -6.012581846145428688e-13
1.464300000000000051e-11 0.000000000000000000e+00 -3.512965782631578135e-13
1.464600000000000040e-11 0.000000000000000000e+00 1.835827332658220102e-13
1.464900000000000029e-11 0.000000000000000000e+00 5.616296484094819325e-13
1.465200000000000017e-11 -0.000000000000000000e+00 4.748927924673726579e-13
1.465500000000000006e-11 -0.000000000000000000e+00 3.090583833629220091e-25
1.465799999999999994e-11 -0.000000000000000000e+00 -4.692281348786552948e-13
1.466099999999999983e-11 0.000000000000000000e+00 -5.483109999187112132e-13
1.466399999999999972e-11 0.000000000000000000e+00 -1.770913016965457692e-13
1.466699999999999960e-11 0.000000000000000000e+00 3.348326380268305000e-13
1.466999999999999949e-11 0.000000000000000000e+00 5.662436337971930328e-13
1.467299999999999938e-11 -0.000000000000000000e+00 3.308386581777537210e-13
1.467599999999999926e-11 -0.000000000000000000e+00 -1.728917071681660460e-13
1.467899999999999915e-11 -0.000000000000000000e+00 -5.289228838813983276e-13
1.468199999999999903e-11 0.000000000000000000e+00 -4.472371892005435535e-13
1.468499999999999892e-11 0.000000000000000000e+00 -3.128547085673552425e-25
1.468799999999999881e-11 0.000000000000000000e+00 4.419024155885682034e-13
1.469099999999999869e-11 -0.000000000000000000e+00 5.163798530975343957e-13
1.469399999999999858e-11 -0.000000000000000000e+00 1.667783071440724114e-13
1.469699999999999847e-11 -0.000000000000000000e+00 -3.153335031801094271e-13
1.469999999999999835e-11 -0.000000000000000000e+00 -5.332681716780458561e-13
1.470299999999999824e-11 0.000000000000000000e+00 -3.115721146103914523e-13
1.470599999999999812e-11 0.000000000000000000e+00 1.628232779618288105e-13
1.470899999999999801e-11 0.000000000000000000e+00 4.981208130406028861e-13
1.471199999999999790e-11 -0.000000000000000000e+00 4.211921228889583974e-13
1.471499999999999778e-11 -0.000000000000000000e+00 2.568927765510438758e-25
1.471799999999999767e-11 -0.000000000000000000e+00 -4.161680223065468524e-13
1.472100000000000079e-11 0.000000000000000000e+00 -4.863082315046912165e-13
1.472400000000000067e-11 0.000000000000000000e+00 -1.570658946394636258e-13
1.472700000000000056e-11 0.000000000000000000e+00 2.969699095459456220e-13
1.473000000000000044e-11 0.000000000000000000e+00 5.022130509757041443e-13
1.473300000000000033e-11 -0.000000000000000000e+00 2.934275671938759166e-13
1.473600000000000022e-11 -0.000000000000000000e+00 -1.533411884264251303e-13
1.473900000000000010e-11 -0.000000000000000000e+00 -4.691125151618032378e-13
1.474199999999999999e-11 0.000000000000000000e+00 -3.966638031618536856e-13
1.474499999999999988e-11 0.000000000000000000e+00 -2.063683075791426299e-25
1.474799999999999976e-11 0.000000000000000000e+00 3.919322834202155022e-13
1.475099999999999965e-11 -0.000000000000000000e+00 4.579878448211775045e-13
1.475399999999999953e-11 -0.000000000000000000e+00 1.479190890071022937e-13
1.475699999999999942e-11 -0.000000000000000000e+00 -2.796757283520985230e-13
1.475999999999999931e-11 0.000000000000000000e+00 -4.729664397120384943e-13
1.476299999999999919e-11 0.000000000000000000e+00 -2.763396759590811105e-13
1.476599999999999908e-11 0.000000000000000000e+00 1.444112927976693208e-13
1.476899999999999897e-11 0.000000000000000000e+00 4.417935290398736681e-13
1.477199999999999885e-11 -0.000000000000000000e+00 3.735639015744583802e-13
1.477499999999999874e-11 -0.000000000000000000e+00 1.871748097935085627e-25
1.477799999999999862e-11 -0.000000000000000000e+00 -3.691079240918413571e-13
1.478099999999999851e-11 0.000000000000000000e+00 -4.313167090652574058e-13
1.478399999999999840e-11 0.000000000000000000e+00 -1.393049518669697172e-13
1.478699999999999828e-11 0.000000000000000000e+00 2.633886818663523961e-13
1.478999999999999817e-11 0.000000000000000000e+00 4.454230184964067000e-13
1.479299999999999806e-11 -0.000000000000000000e+00 2.602469060404177653e-13
1.479599999999999794e-11 -0.000000000000000000e+00 -1.360014338059053387e-13
1.479899999999999783e-11 -0.000000000000000000e+00 -4.160654768167823857e-13
1.480199999999999771e-11 0.000000000000000000e+00 -3.518092335301803109e-13
1.480499999999999760e-11 0.000000000000000000e+00 -1.652512922359764434e-25
1.480800000000000072e-11 0.000000000000000000e+00 3.476127519746172878e-13
1.481100000000000060e-11 -0.000000000000000000e+00 4.061987793399409898e-13
1.481400000000000049e-11 -0.000000000000000000e+00 1.311924630209634663e-13
1.481700000000000038e-11 -0.000000000000000000e+00 -2.480501191292542391e-13
1.482000000000000026e-11 0.000000000000000000e+00 -4.194836012619686377e-13
1.482300000000000015e-11 0.000000000000000000e+00 -2.450913060838904458e-13
1.482600000000000004e-11 0.000000000000000000e+00 1.280813268750300338e-13
1.482899999999999992e-11 0.000000000000000000e+00 3.918357097148830021e-13
1.483199999999999981e-11 -0.000000000000000000e+00 3.313214587261776122e-13
1.483499999999999969e-11 -0.000000000000000000e+00 1.305494760260107977e-25
1.483799999999999958e-11 -0.000000000000000000e+00 -3.273693612313359522e-13
1.484099999999999947e-11 0.000000000000000000e+00 -3.825436039675698006e-13
1.484399999999999935e-11 0.000000000000000000e+00 -1.235524087466806103e-13
1.484699999999999924e-11 0.000000000000000000e+00 2.336048047473072495e-13
1.484999999999999913e-11 0.000000000000000000e+00 3.950547780887231012e-13
1.485299999999999901e-11 -0.000000000000000000e+00 2.308182995596262863e-13
1.485599999999999890e-11 -0.000000000000000000e+00 -1.206224510653440516e-13
1.485899999999999878e-11 -0.000000000000000000e+00 -3.690169744013010184e-13
1.486199999999999867e-11 0.000000000000000000e+00 -3.120267990436974782e-13
1.486499999999999856e-11 0.000000000000000000e+00 -9.790733122156107962e-26
1.486799999999999844e-11 0.000000000000000000e+00 3.083048537898196930e-13
1.487099999999999833e-11 -0.000000000000000000e+00 3.602659987661576295e-13
1.487399999999999822e-11 -0.000000000000000000e+00 1.163572765965179430e-13
1.487699999999999810e-11 -0.000000000000000000e+00 -2.200007199859034148e-13
1.487999999999999799e-11 -0.000000000000000000e+00 -3.720485788269726623e-13
1.488299999999999787e-11 0.000000000000000000e+00 -2.173764882274926215e-13
1.488599999999999776e-11 0.000000000000000000e+00 1.135979463673464539e-13
1.488899999999999765e-11 0.000000000000000000e+00 3.475270987817345901e-13
1.489200000000000076e-11 -0.000000000000000000e+00 2.938557728672037554e-13
1.489500000000000065e-11 -0.000000000000000000e+00 1.078496742203626612e-25
1.489800000000000054e-11 -0.000000000000000000e+00 -2.903505768311420999e-13
1.490100000000000042e-11 0.000000000000000000e+00 -3.392857402943085252e-13
1.490400000000000031e-11 0.000000000000000000e+00 -1.095811563230870764e-13
1.490700000000000020e-11 0.000000000000000000e+00 2.071888754457131066e-13
1.491000000000000008e-11 0.000000000000000000e+00 3.503821563096890785e-13
1.491299999999999997e-11 -0.000000000000000000e+00 2.047174670477902215e-13
1.491599999999999985e-11 -0.000000000000000000e+00 -1.069825169767350626e-13
1.491899999999999974e-11 -0.000000000000000000e+00 -3.272886960920646815e-13
1.492199999999999963e-11 0.000000000000000000e+00 -2.767429448753611723e-13
1.492499999999999951e-11 0.000000000000000000e+00 -1.597999359611750312e-25
1.492799999999999940e-11 0.000000000000000000e+00 2.734418755652659845e-13
1.493099999999999929e-11 -0.000000000000000000e+00 3.195272769600782178e-13
1.493399999999999917e-11 -0.000000000000000000e+00 1.031996465742957676e-13
1.493699999999999906e-11 -0.000000000000000000e+00 -1.951231346479264332e-13
1.493999999999999894e-11 -0.000000000000000000e+00 -3.299774880132369814e-13
1.494299999999999883e-11 0.000000000000000000e+00 -1.927956498708549219e-13
1.494599999999999872e-11 0.000000000000000000e+00 1.007523402022171801e-13
1.494899999999999860e-11 0.000000000000000000e+00 3.082288862225270858e-13
1.495199999999999849e-11 -0.000000000000000000e+00 2.606266904032956829e-13
1.495499999999999838e-11 -0.000000000000000000e+00 1.747160554400757722e-25
1.495799999999999826e-11 -0.000000000000000000e+00 -2.575178604041175674e-13
1.496099999999999815e-11 0.000000000000000000e+00 -3.009194569537577156e-13
1.496399999999999803e-11 0.000000000000000000e+00 -9.718976702210014466e-14
1.496699999999999792e-11 0.000000000000000000e+00 1.837600478932109102e-13
1.496999999999999781e-11 0.000000000000000000e+00 3.107610950920921185e-13
1.497299999999999769e-11 -0.000000000000000000e+00 1.815681052776826327e-13
1.497600000000000081e-11 -0.000000000000000000e+00 -9.488498067808809277e-14
1.497900000000000070e-11 -0.000000000000000000e+00 -2.902790332705619151e-13
1.498200000000000058e-11 0.000000000000000000e+00 -2.454489735272494926e-13
1.498500000000000047e-11 0.000000000000000000e+00 -1.337032393248446272e-25
1.498800000000000036e-11 0.000000000000000000e+00 2.425211876931141992e-13
1.499100000000000024e-11 -0.000000000000000000e+00 2.833952720244697606e-13
1.499400000000000013e-11 -0.000000000000000000e+00 9.152987560870447998e-14
1.499700000000000001e-11 -0.000000000000000000e+00 -1.730586957955830459e-13
1.499999999999999990e-11 -0.000000000000000000e+00 -2.926637777755270933e-13
1.500299999999999979e-11 0.000000000000000000e+00 -1.709944019805972923e-13
1.500599999999999967e-11 0.000000000000000000e+00 8.935930957245429794e-14
1.500899999999999956e-11 0.000000000000000000e+00 2.733744983773279592e-13
1.501199999999999945e-11 -0.000000000000000000e+00 2.311551380726141298e-13
1.501499999999999933e-11 -0.000000000000000000e+00 1.307092481755111886e-25
1.501799999999999922e-11 -0.000000000000000000e+00 -2.283978532120898287e-13
1.502099999999999910e-11 0.000000000000000000e+00 -2.668916161780980328e-13
1.502399999999999899e-11 0.000000000000000000e+00 -8.619959061166140183e-14
1.502699999999999888e-11 0.000000000000000000e+00 1.629805419286135347e-13
1.502999999999999876e-11 0.000000000000000000e+00 2.756203661737660273e-13
1.503299999999999865e-11 -0.000000000000000000e+00 1.610364632267747409e-13
1.503599999999999854e-11 -0.000000000000000000e+00 -8.415542850091087948e-14
1.503899999999999842e-11 -0.000000000000000000e+00 -2.574544069581513193e-13
1.504199999999999831e-11 0.000000000000000000e+00 -2.176937107925545972e-13
1.504499999999999819e-11 0.000000000000000000e+00 -1.140998912426660510e-25
1.504799999999999808e-11 0.000000000000000000e+00 2.150969977019361494e-13
1.505099999999999797e-11 -0.000000000000000000e+00 2.513490584275110025e-13
1.505399999999999785e-11 -0.000000000000000000e+00 8.117971724753111758e-14
1.505699999999999774e-11 -0.000000000000000000e+00 -1.534892940527216051e-13
1.505999999999999763e-11 -0.000000000000000000e+00 -2.595694855959559737e-13
1.506300000000000074e-11 0.000000000000000000e+00 -1.516584296808081212e-13
1.506600000000000063e-11 0.000000000000000000e+00 7.925459787075172493e-14
1.506900000000000052e-11 0.000000000000000000e+00 2.424614294881470249e-13
1.507200000000000040e-11 -0.000000000000000000e+00 2.050162160087614740e-13
1.507500000000000029e-11 -0.000000000000000000e+00 1.048296332640454679e-25
1.507800000000000017e-11 -0.000000000000000000e+00 -2.025707237161214588e-13
1.508100000000000006e-11 0.000000000000000000e+00 -2.367116287768069014e-13
1.508399999999999995e-11 0.000000000000000000e+00 -7.645217855012121877e-14
1.508699999999999983e-11 0.000000000000000000e+00 1.445507734237171911e-13
1.508999999999999972e-11 0.000000000000000000e+00 2.444533355349562612e-13
1.509299999999999960e-11 -0.000000000000000000e+00 1.428265302924618522e-13
1.509599999999999949e-11 -0.000000000000000000e+00 -7.463916939813870718e-14
1.509899999999999938e-11 -0.000000000000000000e+00 -2.283415750540547837e-13
1.510199999999999926e-11 0.000000000000000000e+00 -1.930770010466937243e-13
1.510499999999999915e-11 0.000000000000000000e+00 -1.090088906311399727e-25
1.510799999999999904e-11 0.000000000000000000e+00 1.907739231383257987e-13
1.511099999999999892e-11 -0.000000000000000000e+00 2.229266166689567423e-13
1.511399999999999881e-11 -0.000000000000000000e+00 7.199995027376018474e-14
1.511699999999999869e-11 -0.000000000000000000e+00 -1.361327917126289014e-13
1.511999999999999858e-11 -0.000000000000000000e+00 -2.302174815231986243e-13
1.512299999999999847e-11 0.000000000000000000e+00 -1.345089606843407579e-13
1.512599999999999835e-11 0.000000000000000000e+00 7.029252255536135560e-14
1.512899999999999824e-11 0.000000000000000000e+00 2.150439969286873696e-13
1.513199999999999813e-11 -0.000000000000000000e+00 1.818330718365872953e-13
1.513499999999999801e-11 -0.000000000000000000e+00 8.871609099079123199e-26
1.513799999999999790e-11 -0.000000000000000000e+00 -1.796641147444194533e-13
1.514099999999999778e-11 0.000000000000000000e+00 -2.099443811707549632e-13
1.514399999999999767e-11 0.000000000000000000e+00 -6.780699958763803296e-14
1.514700000000000079e-11 0.000000000000000000e+00 1.282050350927852214e-13
1.515000000000000067e-11 -0.000000000000000000e+00 2.168106591096359652e-13
1.515300000000000056e-11 -0.000000000000000000e+00 1.266757686217715585e-13
1.515600000000000045e-11 -0.000000000000000000e+00 -6.619900471882877567e-14
1.515900000000000033e-11 -0.000000000000000000e+00 -2.025208094676402574e-13
1.516200000000000022e-11 0.000000000000000000e+00 -1.712439380883642310e-13
1.516500000000000011e-11 0.000000000000000000e+00 -7.467264004584640953e-26
1.516799999999999999e-11 0.000000000000000000e+00 1.692012912241060451e-13
1.517099999999999988e-11 -0.000000000000000000e+00 1.977181722119111275e-13
1.517399999999999976e-11 -0.000000000000000000e+00 6.385822734040920976e-14
1.517699999999999965e-11 -0.000000000000000000e+00 -1.207389550772987671e-13
1.517999999999999954e-11 -0.000000000000000000e+00 -2.041845892524870823e-13
1.518299999999999942e-11 0.000000000000000000e+00 -1.192987461525378480e-13
1.518599999999999931e-11 0.000000000000000000e+00 6.234387480274012316e-14
1.518899999999999920e-11 0.000000000000000000e+00 1.907269156693966604e-13
1.519199999999999908e-11 -0.000000000000000000e+00 1.612714674829531146e-13
1.519499999999999897e-11 -0.000000000000000000e+00 1.127522478947062368e-25
1.519799999999999885e-11 -0.000000000000000000e+00 -1.593477751115083294e-13
1.520099999999999874e-11 0.000000000000000000e+00 -1.862039622343033618e-13
1.520399999999999863e-11 0.000000000000000000e+00 -6.013941368679334322e-14
1.520699999999999851e-11 0.000000000000000000e+00 1.137076657138028850e-13
1.520999999999999840e-11 0.000000000000000000e+00 1.922938044624642943e-13
1.521299999999999829e-11 -0.000000000000000000e+00 1.123513280275406075e-13
1.521599999999999817e-11 -0.000000000000000000e+00 -5.871325017543591748e-14
1.521899999999999806e-11 -0.000000000000000000e+00 -1.796198447773511331e-13
1.522199999999999794e-11 0.000000000000000000e+00 -1.518797483545143685e-13
1.522499999999999783e-11 0.000000000000000000e+00 -7.680525091091686399e-26
1.522799999999999772e-11 0.000000000000000000e+00 1.500680831055923606e-13
1.523099999999999760e-11 -0.000000000000000000e+00 1.753602876451048282e-13
1.523400000000000072e-11 -0.000000000000000000e+00 5.663716688072341488e-14
1.523700000000000061e-11 -0.000000000000000000e+00 -1.070858467659492965e-13
1.524000000000000049e-11 0.000000000000000000e+00 -1.810954850707250829e-13
1.524300000000000038e-11 0.000000000000000000e+00 -1.058084960373844325e-13
1.524600000000000027e-11 0.000000000000000000e+00 5.529405666672468150e-14
1.524900000000000015e-11 0.000000000000000000e+00 1.691595993392258513e-13
1.525200000000000004e-11 -0.000000000000000000e+00 1.430349603699649987e-13
1.525499999999999992e-11 -0.000000000000000000e+00 5.355232487031356795e-26
1.525799999999999981e-11 -0.000000000000000000e+00 -1.413287982918280139e-13
1.526099999999999970e-11 0.000000000000000000e+00 -1.651480995032966182e-13
1.526399999999999958e-11 0.000000000000000000e+00 -5.333887505097036397e-14
1.526699999999999947e-11 0.000000000000000000e+00 1.008496525329953287e-13
1.526999999999999936e-11 0.000000000000000000e+00 1.705493050318500462e-13
1.527299999999999924e-11 -0.000000000000000000e+00 9.964668891992849120e-14
1.527599999999999913e-11 -0.000000000000000000e+00 -5.207398148668339554e-14
1.527899999999999901e-11 -0.000000000000000000e+00 -1.593085111729931085e-13
1.528199999999999890e-11 0.000000000000000000e+00 -1.347052527390848273e-13
1.528499999999999879e-11 0.000000000000000000e+00 -8.899829723311529044e-26
1.528799999999999867e-11 0.000000000000000000e+00 1.330984498053014770e-13
1.529099999999999856e-11 -0.000000000000000000e+00 1.555306229010500993e-13
1.529399999999999845e-11 -0.000000000000000000e+00 5.023266078430458195e-14
1.529699999999999833e-11 -0.000000000000000000e+00 -9.497662597985312790e-14
1.529999999999999822e-11 -0.000000000000000000e+00 -1.606172867064299112e-13
1.530299999999999810e-11 0.000000000000000000e+00 -9.384371751388591818e-14
1.530599999999999799e-11 0.000000000000000000e+00 4.904142888668731276e-14
1.530899999999999788e-11 0.000000000000000000e+00 1.500311057208352605e-13
1.531199999999999776e-11 -0.000000000000000000e+00 1.268606295171591434e-13
1.531499999999999765e-11 -0.000000000000000000e+00 6.111632049149791151e-26
1.531800000000000077e-11 -0.000000000000000000e+00 -1.253473995016918937e-13
1.532100000000000065e-11 0.000000000000000000e+00 -1.464732245344713438e-13
1.532400000000000054e-11 0.000000000000000000e+00 -4.730733835420774974e-14
1.532700000000000043e-11 0.000000000000000000e+00 8.944561786733957777e-14
1.533000000000000031e-11 0.000000000000000000e+00 1.512636641006546382e-13
1.533300000000000020e-11 -0.000000000000000000e+00 8.837868485427477386e-14
1.533600000000000008e-11 -0.000000000000000000e+00 -4.618547840177803876e-14
1.533899999999999997e-11 -0.000000000000000000e+00 -1.412939743023128304e-13
1.534199999999999986e-11 0.000000000000000000e+00 -1.194728415874393535e-13
1.534499999999999974e-11 0.000000000000000000e+00 -7.374526691722456721e-26
1.534799999999999963e-11 0.000000000000000000e+00 1.180477352276954959e-13
1.535099999999999952e-11 -0.000000000000000000e+00 1.379432879862899556e-13
1.535399999999999940e-11 -0.000000000000000000e+00 4.455237344028318093e-14
1.535699999999999929e-11 -0.000000000000000000e+00 -8.423671059196703094e-14
1.535999999999999917e-11 -0.000000000000000000e+00 -1.424547540699899142e-13
1.536299999999999906e-11 0.000000000000000000e+00 -8.323191092058632464e-14
1.536599999999999895e-11 0.000000000000000000e+00 4.349584552539936258e-14
1.536899999999999883e-11 0.000000000000000000e+00 1.330656538070741271e-13
1.537199999999999872e-11 -0.000000000000000000e+00 1.125152849335803035e-13
1.537499999999999861e-11 -0.000000000000000000e+00 7.006703417111771272e-26
1.537799999999999849e-11 -0.000000000000000000e+00 -1.111731703073912432e-13
1.538099999999999838e-11 0.000000000000000000e+00 -1.299100962714866514e-13
1.538399999999999826e-11 0.000000000000000000e+00 -4.195784519304801031e-14
1.538699999999999815e-11 0.000000000000000000e+00 7.933114646133453802e-14
1.538999999999999804e-11 0.000000000000000000e+00 1.341588350235926409e-13
1.539299999999999792e-11 -0.000000000000000000e+00 7.838486176743925961e-14
1.539599999999999781e-11 -0.000000000000000000e+00 -4.096284467410698380e-14
1.539899999999999770e-11 -0.000000000000000000e+00 -1.253165133937203825e-13
1.540199999999999758e-11 0.000000000000000000e+00 -1.059629048365665221e-13
1.540500000000000070e-11 0.000000000000000000e+00 -4.424342634466707143e-26
1.540800000000000059e-11 0.000000000000000000e+00 1.046989488816394025e-13
1.541100000000000047e-11 -0.000000000000000000e+00 1.223447212230012225e-13
1.541400000000000036e-11 -0.000000000000000000e+00 3.951441050842069080e-14
1.541700000000000024e-11 -0.000000000000000000e+00 -7.471126014586841343e-14
1.542000000000000013e-11 -0.000000000000000000e+00 -1.263460326921977464e-13
1.542300000000000002e-11 0.000000000000000000e+00 -7.382008278247699381e-14
1.542599999999999990e-11 0.000000000000000000e+00 3.857735430878742259e-14
1.542899999999999979e-11 0.000000000000000000e+00 1.180186477866322618e-13
1.543199999999999968e-11 -0.000000000000000000e+00 9.979210565064289754e-14
1.543499999999999956e-11 -0.000000000000000000e+00 5.681679984882837776e-26
1.543799999999999945e-11 -0.000000000000000000e+00 -9.860175676026312303e-14
1.544099999999999933e-11 0.000000000000000000e+00 -1.152199193190756655e-13
1.544399999999999922e-11 0.000000000000000000e+00 -3.721327038233677133e-14
1.544699999999999911e-11 0.000000000000000000e+00 7.036041506474819842e-14
1.544999999999999899e-11 0.000000000000000000e+00 1.189882125485876561e-13
1.545299999999999888e-11 -0.000000000000000000e+00 6.952113583080556802e-14
1.545599999999999877e-11 -0.000000000000000000e+00 -3.633078408751484588e-14
1.545899999999999865e-11 -0.000000000000000000e+00 -1.111457767870210434e-13
1.546199999999999854e-11 0.000000000000000000e+00 -9.398066583347829196e-14
1.546499999999999842e-11 0.000000000000000000e+00 -6.121530975803619296e-26
1.546799999999999831e-11 0.000000000000000000e+00 9.285963746591873543e-14
1.547099999999999820e-11 -0.000000000000000000e+00 1.085100335771485834e-13
1.547399999999999808e-11 -0.000000000000000000e+00 3.504613822476286198e-14
1.547699999999999797e-11 -0.000000000000000000e+00 -6.626294347625554239e-14
1.547999999999999785e-11 -0.000000000000000000e+00 -1.120588784928457520e-13
1.548299999999999774e-11 0.000000000000000000e+00 -6.547254005993278697e-14
1.548599999999999763e-11 0.000000000000000000e+00 3.421504393094632307e-14
1.548900000000000074e-11 0.000000000000000000e+00 1.046731506356920602e-13
1.549200000000000063e-11 -0.000000000000000000e+00 8.850765792458659997e-14
1.549500000000000052e-11 -0.000000000000000000e+00 3.493583030936975920e-26
1.549800000000000040e-11 -0.000000000000000000e+00 -8.745191316690200139e-14
1.550100000000000029e-11 0.000000000000000000e+00 -1.021909011609828574e-13
1.550400000000000018e-11 0.000000000000000000e+00 -3.300521001915428800e-14
1.550700000000000006e-11 0.000000000000000000e+00 6.240409005684391573e-14
1.550999999999999995e-11 -0.000000000000000000e+00 1.055330774377843933e-13
1.551299999999999983e-11 -0.000000000000000000e+00 6.165971615211134037e-14
1.551599999999999972e-11 -0.000000000000000000e+00 -3.222251488919355121e-14
1.551899999999999961e-11 -0.000000000000000000e+00 -9.857746088721476809e-14
1.552199999999999949e-11 0.000000000000000000e+00 -8.335337318398687266e-14
1.552499999999999938e-11 0.000000000000000000e+00 -4.359001035282443461e-26
1.552799999999999927e-11 0.000000000000000000e+00 8.235911021467180749e-14
1.553099999999999915e-11 -0.000000000000000000e+00 9.623976636843634336e-14
1.553399999999999904e-11 -0.000000000000000000e+00 3.108313621955916435e-14
1.553699999999999892e-11 -0.000000000000000000e+00 -5.876995876611896013e-14
1.553999999999999881e-11 -0.000000000000000000e+00 -9.938730945091057571e-14
1.554299999999999870e-11 0.000000000000000000e+00 -5.806893382295060957e-14
1.554599999999999858e-11 0.000000000000000000e+00 3.034602170551469753e-14
1.554899999999999847e-11 0.000000000000000000e+00 9.283675647436470794e-14
1.555199999999999836e-11 -0.000000000000000000e+00 7.849925061930203403e-14
1.555499999999999824e-11 -0.000000000000000000e+00 5.296142841523195491e-26
1.555799999999999813e-11 -0.000000000000000000e+00 -7.756288901772938084e-14
1.556099999999999801e-11 0.000000000000000000e+00 -9.063519868622747534e-14
1.556399999999999790e-11 0.000000000000000000e+00 -2.927299528414730826e-14
1.556699999999999779e-11 0.000000000000000000e+00 5.534746280614216701e-14
1.556999999999999767e-11 0.000000000000000000e+00 9.359944312922739997e-14
1.557299999999999756e-11 -0.000000000000000000e+00 5.468726237749466836e-14
1.557600000000000068e-11 -0.000000000000000000e+00 -2.857880697764368509e-14
1.557900000000000056e-11 -0.000000000000000000e+00 -8.743036466055721995e-14
1.558200000000000045e-11 0.000000000000000000e+00 -7.392781014619071544e-14
1.558500000000000034e-11 0.000000000000000000e+00 -3.700375082043054557e-26
1.558800000000000022e-11 0.000000000000000000e+00 7.304597799923517739e-14
1.559100000000000011e-11 -0.000000000000000000e+00 8.535701561704931265e-14
1.559399999999999999e-11 -0.000000000000000000e+00 2.756826875038593641e-14
1.559699999999999988e-11 -0.000000000000000000e+00 -5.212427749469841875e-14
1.559999999999999977e-11 -0.000000000000000000e+00 -8.814863590234357763e-14
1.560299999999999965e-11 0.000000000000000000e+00 -5.150252414594831868e-14
1.560599999999999954e-11 0.000000000000000000e+00 2.691450682368325011e-14
1.560899999999999943e-11 0.000000000000000000e+00 8.233881659564500594e-14
1.561199999999999931e-11 -0.000000000000000000e+00 6.962258964124051062e-14
1.561499999999999920e-11 -0.000000000000000000e+00 5.267184139426249778e-26
1.561799999999999908e-11 -0.000000000000000000e+00 -6.879211140064096652e-14
1.562099999999999897e-11 0.000000000000000000e+00 -8.038621000073346347e-14
1.562399999999999886e-11 0.000000000000000000e+00 -2.596281776144371141e-14
1.562699999999999874e-11 0.000000000000000000e+00 4.908879588319740273e-14
1.562999999999999863e-11 0.000000000000000000e+00 8.301525897665042176e-14
1.563299999999999852e-11 -0.000000000000000000e+00 4.850325063071789982e-14
1.563599999999999840e-11 -0.000000000000000000e+00 -2.534712796545581894e-14
1.563899999999999829e-11 -0.000000000000000000e+00 -7.754377720707212393e-14
1.564199999999999817e-11 0.000000000000000000e+00 -6.556808566039893568e-14
1.564499999999999806e-11 0.000000000000000000e+00 -3.418516170478774949e-26
1.564799999999999795e-11 0.000000000000000000e+00 6.478597070750892453e-14
1.565099999999999783e-11 -0.000000000000000000e+00 7.570488156793843366e-14
1.565399999999999772e-11 -0.000000000000000000e+00 2.445086095961747396e-14
1.565699999999999761e-11 -0.000000000000000000e+00 -4.623008695917166364e-14
1.566000000000000072e-11 -0.000000000000000000e+00 -7.818082665052446843e-14
1.566300000000000061e-11 0.000000000000000000e+00 -4.567864120754428630e-14
1.566600000000000050e-11 0.000000000000000000e+00 2.387102614610652966e-14
1.566900000000000038e-11 0.000000000000000000e+00 7.302797917378985347e-14
1.567200000000000027e-11 -0.000000000000000000e+00 6.174969760997712735e-14
1.567500000000000015e-11 -0.000000000000000000e+00 2.625342964168267337e-26
1.567800000000000004e-11 -0.000000000000000000e+00 -6.101312948616580781e-14
1.568099999999999993e-11 0.000000000000000000e+00 -7.129617247988631980e-14
1.568399999999999981e-11 0.000000000000000000e+00 -2.302695366737527213e-14
1.568699999999999970e-11 0.000000000000000000e+00 4.353785628265720311e-14
1.568999999999999959e-11 0.000000000000000000e+00 7.362792974576428368e-14
1.569299999999999947e-11 -0.000000000000000000e+00 4.301852423159796553e-14
1.569599999999999936e-11 -0.000000000000000000e+00 -2.248088580464989713e-14
1.569899999999999924e-11 -0.000000000000000000e+00 -6.877516074519860143e-14
1.570199999999999913e-11 0.000000000000000000e+00 -5.815367516863736863e-14
1.570499999999999902e-11 0.000000000000000000e+00 -4.037112253653120117e-26
1.570799999999999890e-11 0.000000000000000000e+00 5.746000143304516423e-14
1.571099999999999879e-11 -0.000000000000000000e+00 6.714420662186541773e-14
1.571399999999999868e-11 -0.000000000000000000e+00 2.168596828043090457e-14
1.571699999999999856e-11 -0.000000000000000000e+00 -4.100240891528969004e-14
1.571999999999999845e-11 -0.000000000000000000e+00 -6.934017291579528131e-14
1.572299999999999833e-11 0.000000000000000000e+00 -4.051332040845577885e-14
1.572599999999999822e-11 0.000000000000000000e+00 2.117170093438001873e-14
1.572899999999999811e-11 0.000000000000000000e+00 6.477000718138916514e-14
1.573199999999999799e-11 -0.000000000000000000e+00 5.476706877140085184e-14
1.573499999999999788e-11 -0.000000000000000000e+00 2.808277733711719836e-26
1.573799999999999777e-11 -0.000000000000000000e+00 -5.411379144935273629e-14
1.574099999999999765e-11 0.000000000000000000e+00 -6.323403243212562722e-14
1.574399999999999754e-11 0.000000000000000000e+00 -2.042307580293091301e-14
1.574700000000000066e-11 0.000000000000000000e+00 3.861461450795136897e-14
1.575000000000000054e-11 0.000000000000000000e+00 6.530211560469704920e-14
1.575300000000000043e-11 -0.000000000000000000e+00 3.815400829840913381e-14
1.575600000000000031e-11 -0.000000000000000000e+00 -1.993875705566175523e-14
1.575900000000000020e-11 -0.000000000000000000e+00 -6.099809560343083271e-14
1.576200000000000009e-11 0.000000000000000000e+00 -5.157768297726897955e-14
1.576499999999999997e-11 0.000000000000000000e+00 -2.218162772839618232e-26
1.576799999999999986e-11 0.000000000000000000e+00 5.096244956477291032e-14
1.577099999999999975e-11 -0.000000000000000000e+00 5.955156906008798721e-14
1.577399999999999963e-11 -0.000000000000000000e+00 1.923372845790397580e-14
1.577699999999999952e-11 -0.000000000000000000e+00 -3.636587442161016785e-14
1.577999999999999940e-11 0.000000000000000000e+00 -6.149921644451793786e-14
1.578299999999999929e-11 0.000000000000000000e+00 -3.593209182952433122e-14
1.578599999999999918e-11 0.000000000000000000e+00 1.877761423876650580e-14
1.578899999999999906e-11 0.000000000000000000e+00 5.744584305548762539e-14
1.579199999999999895e-11 -0.000000000000000000e+00 4.857403255244756688e-14
1.579499999999999884e-11 -0.000000000000000000e+00 2.894090139550721322e-26
1.579799999999999872e-11 -0.000000000000000000e+00 -4.799462754467467209e-14
1.580099999999999861e-11 0.000000000000000000e+00 -5.608355566008640840e-14
1.580399999999999849e-11 0.000000000000000000e+00 -1.811364331024953566e-14
1.580699999999999838e-11 0.000000000000000000e+00 3.424809076304825537e-14
1.580999999999999827e-11 0.000000000000000000e+00 5.791778089066926449e-14
1.581299999999999815e-11 -0.000000000000000000e+00 3.383956970253993905e-14
1.581599999999999804e-11 -0.000000000000000000e+00 -1.768409111539729833e-14
1.581899999999999793e-11 -0.000000000000000000e+00 -5.410045759150594726e-14
1.582199999999999781e-11 0.000000000000000000e+00 -4.574530111105982146e-14
1.582499999999999770e-11 0.000000000000000000e+00 -2.300045999458569446e-26
1.582799999999999758e-11 0.000000000000000000e+00 4.519963802416232491e-14
1.583100000000000070e-11 -0.000000000000000000e+00 5.281750363796433872e-14
1.583400000000000059e-11 -0.000000000000000000e+00 1.705878684358251027e-14
1.583700000000000047e-11 -0.000000000000000000e+00 -3.225363722361674398e-14
1.584000000000000036e-11 0.000000000000000000e+00 -5.454491190673438833e-14
1.584300000000000025e-11 0.000000000000000000e+00 -3.186890657760036600e-14
1.584600000000000013e-11 0.000000000000000000e+00 1.665424982115567691e-14
1.584900000000000002e-11 0.000000000000000000e+00 5.094989221035917673e-14
1.585199999999999990e-11 -0.000000000000000000e+00 4.308130216452938388e-14
1.585499999999999979e-11 -0.000000000000000000e+00 2.496939123910819077e-26
1.585799999999999968e-11 -0.000000000000000000e+00 -4.256741602200016323e-14
1.586099999999999956e-11 0.000000000000000000e+00 -4.974165167869606073e-14
1.586399999999999945e-11 0.000000000000000000e+00 -1.606536043526936555e-14
1.586699999999999934e-11 0.000000000000000000e+00 3.037533161628715061e-14
1.586999999999999922e-11 0.000000000000000000e+00 5.136846352124161525e-14
1.587299999999999911e-11 -0.000000000000000000e+00 3.001300593890568712e-14
1.587599999999999899e-11 -0.000000000000000000e+00 -1.568438181500325005e-14
1.587899999999999888e-11 -0.000000000000000000e+00 -4.798280147365263105e-14
1.588199999999999877e-11 0.000000000000000000e+00 -4.057244243918737840e-14
1.588499999999999865e-11 0.000000000000000000e+00 -3.539929979195581536e-26
1.588799999999999854e-11 0.000000000000000000e+00 4.008848269583793325e-14
1.589099999999999843e-11 -0.000000000000000000e+00 4.684492339289691589e-14
1.589399999999999831e-11 -0.000000000000000000e+00 1.512978667718802787e-14
1.589699999999999820e-11 -0.000000000000000000e+00 -2.860641001207546004e-14
1.589999999999999808e-11 -0.000000000000000000e+00 -4.837699708901737033e-14
1.590299999999999797e-11 0.000000000000000000e+00 -2.826518453950905230e-14
1.590599999999999786e-11 0.000000000000000000e+00 1.477099452456923758e-14
1.590899999999999774e-11 0.000000000000000000e+00 4.518850064989975593e-14
1.591199999999999763e-11 -0.000000000000000000e+00 3.820968733010594081e-14
1.591500000000000075e-11 -0.000000000000000000e+00 2.001081047974954729e-26
1.591800000000000063e-11 -0.000000000000000000e+00 -3.775391120815361539e-14
1.592100000000000052e-11 0.000000000000000000e+00 -4.411688742989694257e-14
1.592400000000000041e-11 0.000000000000000000e+00 -1.424869649325813637e-14
1.592700000000000029e-11 0.000000000000000000e+00 2.694050238255355006e-14
1.593000000000000018e-11 0.000000000000000000e+00 4.555974009974766216e-14
1.593300000000000006e-11 -0.000000000000000000e+00 2.661914833451812645e-14
1.593599999999999995e-11 -0.000000000000000000e+00 -1.391079876901369094e-14
1.593899999999999984e-11 -0.000000000000000000e+00 -4.255692723792919750e-14
1.594199999999999972e-11 0.000000000000000000e+00 -3.598452836683974640e-14
1.594499999999999961e-11 0.000000000000000000e+00 -2.050293475001774101e-26
1.594799999999999950e-11 0.000000000000000000e+00 3.555529457992813193e-14
1.595099999999999938e-11 -0.000000000000000000e+00 4.154771991360997798e-14
1.595399999999999927e-11 -0.000000000000000000e+00 1.341891700716438000e-14
1.595699999999999915e-11 -0.000000000000000000e+00 -2.537160966082482090e-14
1.595999999999999904e-11 -0.000000000000000000e+00 -4.290654738525875219e-14
1.596299999999999893e-11 0.000000000000000000e+00 -2.506896981567380162e-14
1.596599999999999881e-11 0.000000000000000000e+00 1.310069691447722250e-14
1.596899999999999870e-11 0.000000000000000000e+00 4.007860473100386812e-14
1.597199999999999859e-11 -0.000000000000000000e+00 3.388895257364680192e-14
1.597499999999999847e-11 -0.000000000000000000e+00 2.115591657841064783e-26
1.597799999999999836e-11 -0.000000000000000000e+00 -3.348471541651518442e-14
1.598099999999999824e-11 0.000000000000000000e+00 -3.912816906592710751e-14
1.598399999999999813e-11 0.000000000000000000e+00 -1.263746011645227955e-14
1.598699999999999802e-11 0.000000000000000000e+00 2.389408213851371974e-14
1.598999999999999790e-11 0.000000000000000000e+00 4.040786458598801377e-14
1.599299999999999779e-11 -0.000000000000000000e+00 2.360906666588685308e-14
1.599599999999999768e-11 -0.000000000000000000e+00 -1.233777171930252370e-14
1.599899999999999756e-11 -0.000000000000000000e+00 -3.774460849120602995e-14
1.600200000000000068e-11 0.000000000000000000e+00 -3.191541361417353035e-14
1.600500000000000057e-11 0.000000000000000000e+00 -8.970685198307355811e-27
1.600800000000000045e-11 0.000000000000000000e+00 3.153471739644317316e-14
1.601100000000000034e-11 -0.000000000000000000e+00 3.684952189037826644e-14
1.601400000000000022e-11 -0.000000000000000000e+00 1.190151173225541573e-14
1.601700000000000011e-11 -0.000000000000000000e+00 -2.250259912060524664e-14
1.602000000000000000e-11 -0.000000000000000000e+00 -3.805469374496039210e-14
1.602299999999999988e-11 0.000000000000000000e+00 -2.223418165696017343e-14
1.602599999999999977e-11 0.000000000000000000e+00 1.161927582869506442e-14
1.602899999999999966e-11 0.000000000000000000e+00 3.554653361103961289e-14
1.603199999999999954e-11 -0.000000000000000000e+00 3.005680461650451116e-14
1.603499999999999943e-11 -0.000000000000000000e+00 1.648323245069876500e-26
1.603799999999999931e-11 -0.000000000000000000e+00 -2.969827842056637033e-14
1.604099999999999920e-11 0.000000000000000000e+00 -3.470357279589618808e-14
1.604399999999999909e-11 0.000000000000000000e+00 -1.120842164548334426e-14
1.604699999999999897e-11 0.000000000000000000e+00 2.119214976524172855e-14
1.604999999999999886e-11 0.000000000000000000e+00 3.583856090541215907e-14
1.605299999999999875e-11 -0.000000000000000000e+00 2.093936371779963466e-14
1.605599999999999863e-11 -0.000000000000000000e+00 -1.094262188139101576e-14
1.605899999999999852e-11 -0.000000000000000000e+00 -3.347646464673460535e-14
1.606199999999999840e-11 0.000000000000000000e+00 -2.830643258069687644e-14
1.606499999999999829e-11 0.000000000000000000e+00 -1.840397155230130776e-26
1.606799999999999818e-11 0.000000000000000000e+00 2.796878532499863043e-14
1.607099999999999806e-11 -0.000000000000000000e+00 3.268259404783437260e-14
1.607399999999999795e-11 -0.000000000000000000e+00 1.055569398317381010e-14
1.607699999999999784e-11 -0.000000000000000000e+00 -1.995801503931183417e-14
1.607999999999999772e-11 -0.000000000000000000e+00 -3.375148559541673600e-14
1.608299999999999761e-11 0.000000000000000000e+00 -1.971995010524271246e-14
1.608600000000000073e-11 0.000000000000000000e+00 1.030537319231996801e-14
1.608900000000000061e-11 0.000000000000000000e+00 3.152694711408290560e-14
1.609200000000000050e-11 -0.000000000000000000e+00 2.665799427679237948e-14
1.609500000000000038e-11 -0.000000000000000000e+00 1.461285630926482586e-26
1.609800000000000027e-11 -0.000000000000000000e+00 -2.634001006651653008e-14
1.610100000000000016e-11 0.000000000000000000e+00 -3.077930793978126857e-14
1.610400000000000004e-11 0.000000000000000000e+00 -9.940978220720651645e-15
1.610699999999999993e-11 0.000000000000000000e+00 1.879575072476491634e-14
1.610999999999999982e-11 -0.000000000000000000e+00 3.178595208954283710e-14
1.611299999999999970e-11 -0.000000000000000000e+00 1.857154961316962761e-14
1.611599999999999959e-11 -0.000000000000000000e+00 -9.705234977874747213e-15
1.611899999999999947e-11 -0.000000000000000000e+00 -2.969096064422904689e-14
1.612199999999999936e-11 0.000000000000000000e+00 -2.510555354637777834e-14
1.612499999999999925e-11 0.000000000000000000e+00 -1.809473863523159640e-26
1.612799999999999913e-11 0.000000000000000000e+00 2.480608729489574930e-14
1.613099999999999902e-11 -0.000000000000000000e+00 2.898686058595736251e-14
1.613399999999999891e-11 -0.000000000000000000e+00 9.362060717413726216e-15
1.613699999999999879e-11 -0.000000000000000000e+00 -1.770117141467122584e-14
1.613999999999999868e-11 -0.000000000000000000e+00 -2.993488234414184770e-14
1.614299999999999856e-11 0.000000000000000000e+00 -1.749002675938808191e-14
1.614599999999999845e-11 0.000000000000000000e+00 9.140046092261191491e-15
1.614899999999999834e-11 0.000000000000000000e+00 2.796189370278160696e-14
1.615199999999999822e-11 -0.000000000000000000e+00 2.364351992598069657e-14
1.615499999999999811e-11 -0.000000000000000000e+00 1.693508806100456349e-26
1.615799999999999800e-11 -0.000000000000000000e+00 -2.336149323132894220e-14
1.616099999999999788e-11 0.000000000000000000e+00 -2.729879723980499031e-14
1.616399999999999777e-11 0.000000000000000000e+00 -8.816856744918628258e-15
1.616699999999999765e-11 0.000000000000000000e+00 1.667033544123629912e-14
1.616999999999999754e-11 0.000000000000000000e+00 2.819161050872889549e-14
1.617300000000000066e-11 -0.000000000000000000e+00 1.647148689342496300e-14
1.617600000000000054e-11 -0.000000000000000000e+00 -8.607771245022877377e-15
1.617900000000000043e-11 -0.000000000000000000e+00 -2.633351978113286148e-14
1.618200000000000032e-11 0.000000000000000000e+00 -2.226662851537581468e-14
1.618500000000000020e-11 0.000000000000000000e+00 -1.006086962057769482e-26
1.618800000000000009e-11 0.000000000000000000e+00 2.200102577683582452e-14
1.619099999999999998e-11 -0.000000000000000000e+00 2.570903904995356402e-14
1.619399999999999986e-11 -0.000000000000000000e+00 8.303402980054634382e-15
1.619699999999999975e-11 -0.000000000000000000e+00 -1.569953068150961275e-14
1.619999999999999963e-11 -0.000000000000000000e+00 -2.654985892174167360e-14
1.620299999999999952e-11 0.000000000000000000e+00 -1.551226217162665934e-14
1.620599999999999941e-11 0.000000000000000000e+00 8.106493671766398250e-15
1.620899999999999929e-11 0.000000000000000000e+00 2.479997497430944501e-14
1.621199999999999918e-11 -0.000000000000000000e+00 2.096992101827986629e-14
1.621499999999999906e-11 -0.000000000000000000e+00 1.494043263208560142e-26
1.621799999999999895e-11 -0.000000000000000000e+00 -2.071978577909358596e-14
1.622099999999999884e-11 0.000000000000000000e+00 -2.421186116978060470e-14
1.622399999999999872e-11 0.000000000000000000e+00 -7.819850434678630070e-15
1.622699999999999861e-11 0.000000000000000000e+00 1.478526118975874637e-14
1.622999999999999850e-11 0.000000000000000000e+00 2.500371550416045318e-14
1.623299999999999838e-11 -0.000000000000000000e+00 1.460889834890044613e-14
1.623599999999999827e-11 -0.000000000000000000e+00 -7.634408231792002921e-15
1.623899999999999815e-11 -0.000000000000000000e+00 -2.335573686457916886e-14
1.624199999999999804e-11 0.000000000000000000e+00 -1.974872788707652065e-14
1.624499999999999793e-11 0.000000000000000000e+00 -1.192777245441380106e-26
1.624799999999999781e-11 0.000000000000000000e+00 1.951315939021376025e-14
1.625099999999999770e-11 -0.000000000000000000e+00 2.280187214176142730e-14
1.625399999999999759e-11 -0.000000000000000000e+00 7.364457797307548472e-15
1.625700000000000070e-11 -0.000000000000000000e+00 -1.392423460829895420e-14
1.626000000000000059e-11 0.000000000000000000e+00 -2.354761246964799488e-14
1.626300000000000048e-11 0.000000000000000000e+00 -1.375814233972592717e-14
1.626600000000000036e-11 0.000000000000000000e+00 7.189814907611986179e-15
1.626900000000000025e-11 0.000000000000000000e+00 2.199560463478954242e-14
1.627200000000000013e-11 -0.000000000000000000e+00 1.859865150745269785e-14
1.627500000000000002e-11 -0.000000000000000000e+00 6.870853673691465404e-27
1.627799999999999991e-11 -0.000000000000000000e+00 -1.837680145188324102e-14
1.628099999999999979e-11 0.000000000000000000e+00 -2.147399448243526654e-14
1.628399999999999968e-11 0.000000000000000000e+00 -6.935585162582671873e-15
1.628699999999999957e-11 0.000000000000000000e+00 1.311335031140286283e-14
1.628999999999999945e-11 0.000000000000000000e+00 2.217630627450292604e-14
1.629299999999999934e-11 -0.000000000000000000e+00 1.295693050356158669e-14
1.629599999999999922e-11 -0.000000000000000000e+00 -6.771112683020842656e-15
1.629899999999999911e-11 -0.000000000000000000e+00 -2.071468033978598275e-14
1.630199999999999900e-11 0.000000000000000000e+00 -1.751555036221600213e-14
1.630499999999999888e-11 0.000000000000000000e+00 -1.155124420263604298e-26
1.630799999999999877e-11 0.000000000000000000e+00 1.730661984810067420e-14
1.631099999999999866e-11 -0.000000000000000000e+00 2.022344639794289920e-14
1.631399999999999854e-11 -0.000000000000000000e+00 6.531688125776988334e-15
1.631699999999999843e-11 -0.000000000000000000e+00 -1.234968823974285505e-14
1.631999999999999831e-11 -0.000000000000000000e+00 -2.088485873522858522e-14
1.632299999999999820e-11 0.000000000000000000e+00 -1.220237761237087622e-14
1.632599999999999809e-11 0.000000000000000000e+00 6.376793777771611651e-15
1.632899999999999797e-11 0.000000000000000000e+00 1.950835126854582853e-14
1.633199999999999786e-11 -0.000000000000000000e+00 1.649552411734303790e-14
1.633499999999999775e-11 -0.000000000000000000e+00 8.579938093550961449e-27
1.633799999999999763e-11 -0.000000000000000000e+00 -1.629876076916848821e-14
1.634099999999999752e-11 0.000000000000000000e+00 -1.904572456442451389e-14
1.634400000000000064e-11 0.000000000000000000e+00 -6.151312221287733145e-15
1.634700000000000052e-11 0.000000000000000000e+00 1.163049838501468963e-14
1.635000000000000041e-11 0.000000000000000000e+00 1.966861924575599523e-14
1.635300000000000029e-11 -0.000000000000000000e+00 1.149176646073239031e-14
1.635600000000000018e-11 -0.000000000000000000e+00 -6.005438217886754781e-15
1.635900000000000007e-11 -0.000000000000000000e+00 -1.837227333341964028e-14
1.636199999999999995e-11 0.000000000000000000e+00 -1.553489957659745609e-14
1.636499999999999984e-11 0.000000000000000000e+00 -9.559844999590051682e-27
1.636799999999999973e-11 0.000000000000000000e+00 1.534959483377533143e-14
1.637099999999999961e-11 -0.000000000000000000e+00 1.793658791118924984e-14
1.637399999999999950e-11 -0.000000000000000000e+00 5.793087685014717040e-15
1.637699999999999938e-11 -0.000000000000000000e+00 -1.095319088691242666e-14
1.637999999999999927e-11 -0.000000000000000000e+00 -1.852320803022460552e-14
1.638299999999999916e-11 0.000000000000000000e+00 -1.082253808095306121e-14
1.638599999999999904e-11 0.000000000000000000e+00 5.655708722233778758e-15
1.638899999999999893e-11 0.000000000000000000e+00 1.730235542672895021e-14
1.639199999999999882e-11 -0.000000000000000000e+00 1.463021745403396033e-14
1.639499999999999870e-11 -0.000000000000000000e+00 1.131918383875571740e-26
1.639799999999999859e-11 -0.000000000000000000e+00 -1.445570401933690508e-14
1.640099999999999847e-11 0.000000000000000000e+00 -1.689204234827504305e-14
1.640399999999999836e-11 0.000000000000000000e+00 -5.455724521691412648e-15
1.640699999999999825e-11 0.000000000000000000e+00 1.031532670687292000e-14
1.640999999999999813e-11 0.000000000000000000e+00 1.744450037106957400e-14
1.641299999999999802e-11 -0.000000000000000000e+00 1.019228252800615679e-14
1.641599999999999791e-11 -0.000000000000000000e+00 -5.326345886884913923e-15
1.641899999999999779e-11 -0.000000000000000000e+00 -1.629474468836385371e-14
1.642199999999999768e-11 0.000000000000000000e+00 -1.377821991683339172e-14
1.642499999999999756e-11 0.000000000000000000e+00 -7.617886159381987721e-27
1.642800000000000068e-11 0.000000000000000000e+00 1.361386935340484732e-14
1.643100000000000057e-11 -0.000000000000000000e+00 1.590832638340758581e-14
1.643400000000000045e-11 -0.000000000000000000e+00 5.138007859531766515e-15
1.643700000000000034e-11 -0.000000000000000000e+00 -9.714608844869378548e-15
1.644000000000000023e-11 0.000000000000000000e+00 -1.642861175556985795e-14
1.644300000000000011e-11 0.000000000000000000e+00 -9.598730201144332319e-15
1.644600000000000000e-11 0.000000000000000000e+00 5.016163649871832958e-15
1.644899999999999989e-11 0.000000000000000000e+00 1.534581263131079366e-14
1.645199999999999977e-11 -0.000000000000000000e+00 1.297583885359671195e-14
1.645499999999999966e-11 -0.000000000000000000e+00 7.195716474951434146e-27
1.645799999999999954e-11 -0.000000000000000000e+00 -1.282105932188533599e-14
1.646099999999999943e-11 0.000000000000000000e+00 -1.498189757657573978e-14
1.646399999999999932e-11 0.000000000000000000e+00 -4.838793575385488745e-15
1.646699999999999920e-11 0.000000000000000000e+00 9.148874067740405714e-15
1.646999999999999909e-11 0.000000000000000000e+00 1.547188388742135191e-14
1.647299999999999898e-11 -0.000000000000000000e+00 9.039743670883976004e-15
1.647599999999999886e-11 -0.000000000000000000e+00 -4.724045020101874312e-15
1.647899999999999875e-11 -0.000000000000000000e+00 -1.445214207519806819e-14
1.648199999999999863e-11 0.000000000000000000e+00 -1.222018482582420781e-14
1.648499999999999852e-11 0.000000000000000000e+00 -8.670841065838038686e-27
1.648799999999999841e-11 0.000000000000000000e+00 1.207441895233157984e-14
1.649099999999999829e-11 -0.000000000000000000e+00 1.410941978341247783e-14
1.649399999999999818e-11 -0.000000000000000000e+00 4.557004174634285397e-15
1.649699999999999807e-11 -0.000000000000000000e+00 -8.616085119227211386e-15
1.649999999999999795e-11 -0.000000000000000000e+00 -1.457087151290783021e-14
1.650299999999999784e-11 0.000000000000000000e+00 -8.513309981930519623e-15
1.650599999999999772e-11 0.000000000000000000e+00 4.448938054989008431e-15
1.650899999999999761e-11 0.000000000000000000e+00 1.361051484074281063e-14
1.651200000000000073e-11 -0.000000000000000000e+00 1.150853666280371860e-14
1.651500000000000061e-11 -0.000000000000000000e+00 5.168715869027638031e-27
1.651800000000000050e-11 -0.000000000000000000e+00 -1.137125953294446770e-14
1.652100000000000039e-11 0.000000000000000000e+00 -1.328775114146778971e-14
1.652400000000000027e-11 0.000000000000000000e+00 -4.291624911062656394e-15
1.652700000000000016e-11 0.000000000000000000e+00 8.114323383632717746e-15
1.653000000000000005e-11 -0.000000000000000000e+00 1.372233001426842604e-14
1.653299999999999993e-11 -0.000000000000000000e+00 8.017533404388692870e-15
1.653599999999999982e-11 -0.000000000000000000e+00 -4.189852072302934712e-15
1.653899999999999970e-11 -0.000000000000000000e+00 -1.281790016083311310e-14
1.654199999999999959e-11 0.000000000000000000e+00 -1.083833166248199942e-14
1.654499999999999948e-11 0.000000000000000000e+00 -5.360996006826513917e-27
1.654799999999999936e-11 0.000000000000000000e+00 1.070904893030807714e-14
1.655099999999999925e-11 -0.000000000000000000e+00 1.251393275612842736e-14
1.655399999999999914e-11 -0.000000000000000000e+00 4.041700132687449679e-15
1.655699999999999902e-11 -0.000000000000000000e+00 -7.641781976736751178e-15
1.655999999999999891e-11 -0.000000000000000000e+00 -1.292320372557677561e-14
1.656299999999999879e-11 0.000000000000000000e+00 -7.550628607082516706e-15
1.656599999999999868e-11 0.000000000000000000e+00 3.945854082656810232e-15
1.656899999999999857e-11 0.000000000000000000e+00 1.207144376649556559e-14
1.657199999999999845e-11 -0.000000000000000000e+00 1.020715636294984029e-14
1.657499999999999834e-11 -0.000000000000000000e+00 6.848765608186485611e-27
1.657799999999999823e-11 -0.000000000000000000e+00 -1.008540247098128193e-14
1.658099999999999811e-11 0.000000000000000000e+00 -1.178517804537955638e-14
1.658399999999999800e-11 0.000000000000000000e+00 -3.806329840347723275e-15
1.658699999999999788e-11 0.000000000000000000e+00 7.196759239073926164e-15
1.658999999999999777e-11 0.000000000000000000e+00 1.217061492903137966e-14
1.659299999999999766e-11 -0.000000000000000000e+00 7.110914228415511578e-15
1.659599999999999754e-11 -0.000000000000000000e+00 -3.716065429746279149e-15
1.659900000000000066e-11 -0.000000000000000000e+00 -1.136845760844253434e-14
1.660200000000000055e-11 0.000000000000000000e+00 -9.612737851373787535e-15
1.660500000000000043e-11 0.000000000000000000e+00 -4.637028454402861044e-27
1.660800000000000032e-11 0.000000000000000000e+00 9.498074354094308144e-15
1.661100000000000020e-11 -0.000000000000000000e+00 1.109886270511430926e-14
1.661400000000000009e-11 -0.000000000000000000e+00 3.584666446762391563e-15
1.661699999999999998e-11 -0.000000000000000000e+00 -6.777652608105127234e-15
1.661999999999999986e-11 -0.000000000000000000e+00 -1.146185349207341995e-14
1.662299999999999975e-11 0.000000000000000000e+00 -6.696806821682489471e-15
1.662599999999999964e-11 0.000000000000000000e+00 3.499658626212323416e-15
1.662899999999999952e-11 0.000000000000000000e+00 1.070641017718702489e-14
1.663199999999999941e-11 -0.000000000000000000e+00 9.052935579068295263e-15
1.663499999999999929e-11 -0.000000000000000000e+00 6.911556497103589219e-27
1.663799999999999918e-11 -0.000000000000000000e+00 -8.944949564030597638e-15
1.664099999999999907e-11 0.000000000000000000e+00 -1.045251525879833820e-14
1.664399999999999895e-11 0.000000000000000000e+00 -3.375911724292658551e-15
1.664699999999999884e-11 0.000000000000000000e+00 6.382952847266193454e-15
1.664999999999999873e-11 0.000000000000000000e+00 1.079436710797328543e-14
1.665299999999999861e-11 -0.000000000000000000e+00 6.306815152926756278e-15
1.665599999999999850e-11 -0.000000000000000000e+00 -3.295854373817901501e-15
1.665899999999999838e-11 -0.000000000000000000e+00 -1.008291738688000132e-14
1.666199999999999827e-11 0.000000000000000000e+00 -8.525733653189556263e-15
1.666499999999999816e-11 0.000000000000000000e+00 -5.932083754514227560e-27
1.666799999999999804e-11 0.000000000000000000e+00 8.424036254104827661e-15
1.667099999999999793e-11 -0.000000000000000000e+00 9.843808157484416886e-15
1.667399999999999782e-11 -0.000000000000000000e+00 3.179313930448398860e-15
1.667699999999999770e-11 -0.000000000000000000e+00 -6.011238611098066462e-15
1.667999999999999759e-11 -0.000000000000000000e+00 -1.016575210477825552e-14
1.668300000000000071e-11 0.000000000000000000e+00 -5.939534830896484820e-15
1.668600000000000059e-11 0.000000000000000000e+00 3.103918757122740272e-15
1.668900000000000048e-11 0.000000000000000000e+00 9.495733990024743659e-15
1.669200000000000036e-11 -0.000000000000000000e+00 8.029233577358698703e-15
1.669500000000000025e-11 -0.000000000000000000e+00 3.861503992323850622e-27
1.669800000000000014e-11 -0.000000000000000000e+00 -7.933458573744697078e-15
1.670100000000000002e-11 0.000000000000000000e+00 -9.270549398125808531e-15
1.670399999999999991e-11 0.000000000000000000e+00 -2.994165100826153509e-15
1.670699999999999980e-11 0.000000000000000000e+00 5.661171326844201593e-15
1.670999999999999968e-11 0.000000000000000000e+00 9.573744789489121022e-15
1.671299999999999957e-11 -0.000000000000000000e+00 5.593643249726892528e-15
1.671599999999999945e-11 -0.000000000000000000e+00 -2.923160600583941116e-15
1.671899999999999934e-11 -0.000000000000000000e+00 -8.942745492154748752e-15
1.672199999999999923e-11 0.000000000000000000e+00 -7.561647415020444700e-15
1.672499999999999911e-11 0.000000000000000000e+00 -4.969814738620390262e-27
1.672799999999999900e-11 0.000000000000000000e+00 7.471449913411449068e-15
1.673099999999999889e-11 -0.000000000000000000e+00 8.730674629995613424e-15
1.673399999999999877e-11 -0.000000000000000000e+00 2.819798499654550770e-15
1.673699999999999866e-11 -0.000000000000000000e+00 -5.331490374165307178e-15
1.673999999999999854e-11 -0.000000000000000000e+00 -9.016213296327791771e-15
1.674299999999999843e-11 0.000000000000000000e+00 -5.267894826115783416e-15
1.674599999999999832e-11 0.000000000000000000e+00 2.752928979601159157e-15
1.674899999999999820e-11 0.000000000000000000e+00 8.421960537382247906e-15
1.675199999999999809e-11 -0.000000000000000000e+00 7.121291350934992605e-15
1.675499999999999798e-11 -0.000000000000000000e+00 3.413990016515347206e-27
1.675799999999999786e-11 -0.000000000000000000e+00 -7.036346542903247819e-15
1.676099999999999775e-11 0.000000000000000000e+00 -8.222239720793552379e-15
1.676399999999999763e-11 0.000000000000000000e+00 -2.655586218827177731e-15
1.676699999999999752e-11 0.000000000000000000e+00 5.021008545536349073e-15
1.677000000000000064e-11 0.000000000000000000e+00 8.491149909712502750e-15
1.677300000000000052e-11 -0.000000000000000000e+00 4.961116513886601203e-15
1.677600000000000041e-11 -0.000000000000000000e+00 -2.592610876466014745e-15
1.677900000000000030e-11 -0.000000000000000000e+00 -7.931503737353055841e-15
1.678200000000000018e-11 0.000000000000000000e+00 -6.706579627630190326e-15
1.678500000000000007e-11 0.000000000000000000e+00 -2.635019382054109856e-27
1.678799999999999996e-11 0.000000000000000000e+00 6.626581620114317181e-15
1.679099999999999984e-11 -0.000000000000000000e+00 7.743413755670694522e-15
1.679399999999999973e-11 -0.000000000000000000e+00 2.500936916766757862e-15
1.679699999999999961e-11 -0.000000000000000000e+00 -4.728607771008824260e-15
1.679999999999999950e-11 0.000000000000000000e+00 -7.996663834313977526e-15
1.680299999999999939e-11 0.000000000000000000e+00 -4.672203579758240775e-15
1.680599999999999927e-11 0.000000000000000000e+00 2.441628972839187297e-15
1.680899999999999916e-11 0.000000000000000000e+00 7.469608917829463124e-15
1.681199999999999905e-11 -0.000000000000000000e+00 6.316018834961630438e-15
1.681499999999999893e-11 -0.000000000000000000e+00 4.057474519445425849e-27
1.681799999999999882e-11 -0.000000000000000000e+00 -6.240679548724091198e-15
1.682099999999999870e-11 0.000000000000000000e+00 -7.292472443959765710e-15
1.682399999999999859e-11 0.000000000000000000e+00 -2.355293688944016380e-15
1.682699999999999848e-11 0.000000000000000000e+00 4.453235091965981652e-15
1.682999999999999836e-11 0.000000000000000000e+00 7.530974386153009531e-15
1.683299999999999825e-11 -0.000000000000000000e+00 4.400115625102729604e-15
1.683599999999999814e-11 -0.000000000000000000e+00 -2.299439570790881401e-15
1.683899999999999802e-11 -0.000000000000000000e+00 -7.034612758556313972e-15
1.684199999999999791e-11 0.000000000000000000e+00 -5.948202532217220815e-15
1.684499999999999779e-11 0.000000000000000000e+00 -3.925922994177439613e-27
1.684799999999999768e-11 0.000000000000000000e+00 5.877250664452893091e-15
1.685099999999999757e-11 -0.000000000000000000e+00 6.867791909861423931e-15
1.685400000000000068e-11 -0.000000000000000000e+00 2.218132062421583713e-15
1.685700000000000057e-11 -0.000000000000000000e+00 -4.193898869326859445e-15
1.686000000000000046e-11 0.000000000000000000e+00 -7.092404580210040328e-15
1.686300000000000034e-11 0.000000000000000000e+00 -4.143872839390697549e-15
1.686600000000000023e-11 0.000000000000000000e+00 2.165530634891883646e-15
1.686900000000000012e-11 0.000000000000000000e+00 6.624948803507733045e-15
1.687200000000000000e-11 -0.000000000000000000e+00 5.601806183417763639e-15
1.687499999999999989e-11 -0.000000000000000000e+00 3.257501228103532295e-27
1.687799999999999977e-11 -0.000000000000000000e+00 -5.534986230766374745e-15
1.688099999999999966e-11 0.000000000000000000e+00 -6.467842844744514852e-15
1.688399999999999955e-11 0.000000000000000000e+00 -2.088958107195208870e-15
1.688699999999999943e-11 0.000000000000000000e+00 3.949665212570653359e-15
1.688999999999999932e-11 0.000000000000000000e+00 6.679375091472497406e-15
1.689299999999999921e-11 -0.000000000000000000e+00 3.902552471822277988e-15
1.689599999999999909e-11 -0.000000000000000000e+00 -2.039419948330110762e-15
1.689899999999999898e-11 -0.000000000000000000e+00 -6.239141819954558769e-15
1.690199999999999886e-11 0.000000000000000000e+00 -5.275582387556536469e-15
1.690499999999999875e-11 0.000000000000000000e+00 -4.365432081381558894e-27
1.690799999999999864e-11 0.000000000000000000e+00 5.212653726012032937e-15
1.691099999999999852e-11 -0.000000000000000000e+00 6.091184999976933307e-15
1.691399999999999841e-11 -0.000000000000000000e+00 1.967306657500117366e-15
1.691699999999999830e-11 -0.000000000000000000e+00 -3.719654616730062253e-15
1.691999999999999818e-11 -0.000000000000000000e+00 -6.290398567654296933e-15
1.692299999999999807e-11 0.000000000000000000e+00 -3.675285508412989185e-15
1.692599999999999795e-11 0.000000000000000000e+00 1.920653376422248315e-15
1.692899999999999784e-11 0.000000000000000000e+00 5.875802486035452604e-15
1.693199999999999773e-11 -0.000000000000000000e+00 4.968356386601267727e-15
1.693499999999999761e-11 -0.000000000000000000e+00 2.374168554413608579e-27
1.693799999999999750e-11 -0.000000000000000000e+00 -4.909092405014907719e-15
1.694100000000000062e-11 0.000000000000000000e+00 -5.736462000478068413e-15
1.694400000000000050e-11 0.000000000000000000e+00 -1.852739636716095383e-15
1.694700000000000039e-11 0.000000000000000000e+00 3.503038795220778937e-15
1.695000000000000028e-11 0.000000000000000000e+00 5.924074273126322091e-15
1.695300000000000016e-11 -0.000000000000000000e+00 3.461253542618825468e-15
1.695600000000000005e-11 -0.000000000000000000e+00 -1.808803231224237910e-15
1.695899999999999993e-11 -0.000000000000000000e+00 -5.533622387694971843e-15
1.696199999999999982e-11 0.000000000000000000e+00 -4.679021835108224338e-15
1.696499999999999971e-11 0.000000000000000000e+00 -2.499804602679032763e-27
1.696799999999999959e-11 0.000000000000000000e+00 4.623209119130843901e-15
1.697099999999999948e-11 -0.000000000000000000e+00 5.402396460304599934e-15
1.697399999999999936e-11 -0.000000000000000000e+00 1.744844479826088662e-15
1.697699999999999925e-11 -0.000000000000000000e+00 -3.299037697107747672e-15
1.697999999999999914e-11 -0.000000000000000000e+00 -5.579083044749349873e-15
1.698299999999999902e-11 0.000000000000000000e+00 -3.259685828182290415e-15
1.698599999999999891e-11 0.000000000000000000e+00 1.703466731398411997e-15
1.698899999999999880e-11 0.000000000000000000e+00 5.211369306978476800e-15
1.699199999999999868e-11 -0.000000000000000000e+00 4.406536816171594712e-15
1.699499999999999857e-11 -0.000000000000000000e+00 2.954997844504623884e-27
1.699799999999999845e-11 -0.000000000000000000e+00 -4.353974379740395369e-15
1.700099999999999834e-11 0.000000000000000000e+00 -5.087785382675838900e-15
1.700399999999999823e-11 0.000000000000000000e+00 -1.643232647720151354e-15
1.700699999999999811e-11 0.000000000000000000e+00 3.106916698094001030e-15
1.700999999999999800e-11 0.000000000000000000e+00 5.254182541466187973e-15
1.701299999999999789e-11 -0.000000000000000000e+00 3.069856503608434365e-15
1.701599999999999777e-11 -0.000000000000000000e+00 -1.604264551772976845e-15
1.701899999999999766e-11 -0.000000000000000000e+00 -4.907882784722468360e-15
1.702199999999999754e-11 0.000000000000000000e+00 -4.149920089402992608e-15
1.702500000000000066e-11 0.000000000000000000e+00 -1.352717633278542638e-27
1.702800000000000055e-11 0.000000000000000000e+00 4.100418650974980728e-15
1.703100000000000043e-11 -0.000000000000000000e+00 4.791495827892339399e-15
1.703400000000000032e-11 -0.000000000000000000e+00 1.547538228049706304e-15
1.703700000000000021e-11 -0.000000000000000000e+00 -2.925983955066331316e-15
1.704000000000000009e-11 -0.000000000000000000e+00 -4.948202770530551276e-15
1.704299999999999998e-11 0.000000000000000000e+00 -2.891081978291253592e-15
1.704599999999999987e-11 0.000000000000000000e+00 1.510839457346166613e-15
1.704899999999999975e-11 0.000000000000000000e+00 4.622069941640182826e-15
1.705199999999999964e-11 -0.000000000000000000e+00 3.908247557408754430e-15
1.705499999999999952e-11 -0.000000000000000000e+00 2.007408980254759572e-27
1.705799999999999941e-11 -0.000000000000000000e+00 -3.861628858334930585e-15
1.706099999999999930e-11 0.000000000000000000e+00 -4.512460833525981658e-15
1.706399999999999918e-11 0.000000000000000000e+00 -1.457416617543914843e-15
1.706699999999999907e-11 0.000000000000000000e+00 2.755587914717070950e-15
1.706999999999999896e-11 0.000000000000000000e+00 4.660041874268758625e-15
1.707299999999999884e-11 -0.000000000000000000e+00 2.722718470839896335e-15
1.707599999999999873e-11 -0.000000000000000000e+00 -1.422855016867490459e-15
1.707899999999999861e-11 -0.000000000000000000e+00 -4.352901542782236593e-15
1.708199999999999850e-11 0.000000000000000000e+00 -3.680648938035102650e-15
1.708499999999999839e-11 0.000000000000000000e+00 -2.264406607278913113e-27
1.708799999999999827e-11 0.000000000000000000e+00 3.636745100645188700e-15
1.709099999999999816e-11 -0.000000000000000000e+00 4.249675572202913080e-15
1.709399999999999805e-11 -0.000000000000000000e+00 1.372543281059177323e-15
1.709699999999999793e-11 -0.000000000000000000e+00 -2.595114967254134905e-15
1.709999999999999782e-11 -0.000000000000000000e+00 -4.388662162203939525e-15
1.710299999999999770e-11 0.000000000000000000e+00 -2.564159690771572915e-15
1.710599999999999759e-11 0.000000000000000000e+00 1.339994391318608323e-15
1.710899999999999748e-11 0.000000000000000000e+00 4.099408291176659798e-15
1.711200000000000059e-11 -0.000000000000000000e+00 3.466304630415780081e-15
1.711500000000000048e-11 -0.000000000000000000e+00 1.772472283519977698e-27
1.711800000000000037e-11 -0.000000000000000000e+00 -3.424957553474045599e-15
1.712100000000000025e-11 0.000000000000000000e+00 -4.002193733139879963e-15
1.712400000000000014e-11 0.000000000000000000e+00 -1.292612582910706668e-15
1.712700000000000003e-11 0.000000000000000000e+00 2.443987236733551624e-15
1.712999999999999991e-11 -0.000000000000000000e+00 4.133086374246697923e-15
1.713299999999999980e-11 -0.000000000000000000e+00 2.414834655215095731e-15
1.713599999999999968e-11 -0.000000000000000000e+00 -1.261959192945371981e-15
1.713899999999999957e-11 -0.000000000000000000e+00 -3.860677337311224340e-15
1.714199999999999946e-11 0.000000000000000000e+00 -3.264442763524758070e-15
1.714499999999999934e-11 0.000000000000000000e+00 -2.294106100761959937e-27
1.714799999999999923e-11 0.000000000000000000e+00 3.225503552893017409e-15
1.715099999999999912e-11 -0.000000000000000000e+00 3.769124114404690898e-15
1.715399999999999900e-11 -0.000000000000000000e+00 1.217336686250886267e-15
1.715699999999999889e-11 -0.000000000000000000e+00 -2.301660500087689701e-15
1.715999999999999877e-11 -0.000000000000000000e+00 -3.892394161506115494e-15
1.716299999999999866e-11 0.000000000000000000e+00 -2.274205632752517854e-15
1.716599999999999855e-11 0.000000000000000000e+00 1.188468410745949093e-15
1.716899999999999843e-11 0.000000000000000000e+00 3.635848991892202284e-15
1.717199999999999832e-11 -0.000000000000000000e+00 3.074336416603781468e-15
1.717499999999999821e-11 -0.000000000000000000e+00 2.455981229471978810e-27
1.717799999999999809e-11 -0.000000000000000000e+00 -3.037664849064616914e-15
1.718099999999999798e-11 0.000000000000000000e+00 -3.549627413623454412e-15
1.718399999999999786e-11 0.000000000000000000e+00 -1.146444516541770583e-15
1.718699999999999775e-11 0.000000000000000000e+00 2.167622227334691339e-15
1.718999999999999764e-11 0.000000000000000000e+00 3.665718772036700175e-15
1.719299999999999752e-11 -0.000000000000000000e+00 2.141766207003092162e-15
1.719600000000000064e-11 -0.000000000000000000e+00 -1.119257398526554599e-15
1.719900000000000053e-11 -0.000000000000000000e+00 -3.424113630032193095e-15
1.720200000000000041e-11 0.000000000000000000e+00 -2.895301001463167126e-15
1.720500000000000030e-11 0.000000000000000000e+00 -1.363151123679850426e-27
1.720800000000000019e-11 0.000000000000000000e+00 2.860765019764968211e-15
1.721100000000000007e-11 -0.000000000000000000e+00 3.342913205588573003e-15
1.721399999999999996e-11 -0.000000000000000000e+00 1.079680785400556234e-15
1.721699999999999984e-11 -0.000000000000000000e+00 -2.041389735913034587e-15
1.721999999999999973e-11 -0.000000000000000000e+00 -3.452243929598153808e-15
1.722299999999999962e-11 0.000000000000000000e+00 -2.017039452984732775e-15
1.722599999999999950e-11 0.000000000000000000e+00 1.054076921883987122e-15
1.722899999999999939e-11 0.000000000000000000e+00 3.224708775726732308e-15
1.723199999999999928e-11 -0.000000000000000000e+00 2.726691797229317971e-15
1.723499999999999916e-11 -0.000000000000000000e+00 1.861014492049152314e-27
1.723799999999999905e-11 -0.000000000000000000e+00 -2.694167034532770600e-15
1.724099999999999893e-11 0.000000000000000000e+00 -3.148237095874034795e-15
1.724399999999999882e-11 0.000000000000000000e+00 -1.016805071283331296e-15
1.724699999999999871e-11 0.000000000000000000e+00 1.922508452505247539e-15
1.724999999999999859e-11 0.000000000000000000e+00 3.251200894177008133e-15
1.725299999999999848e-11 -0.000000000000000000e+00 1.899576219661543454e-15
1.725599999999999837e-11 -0.000000000000000000e+00 -9.926922606996156429e-16
1.725899999999999825e-11 -0.000000000000000000e+00 -3.036916356117103481e-15
1.726199999999999814e-11 0.000000000000000000e+00 -2.567901628645505984e-15
1.726499999999999802e-11 0.000000000000000000e+00 -1.552446387761837160e-27
1.726799999999999791e-11 0.000000000000000000e+00 2.537270960674876553e-15
1.727099999999999780e-11 -0.000000000000000000e+00 2.964898040208082255e-15
1.727399999999999768e-11 -0.000000000000000000e+00 9.575909537025167580e-16
1.727699999999999757e-11 -0.000000000000000000e+00 -1.810550276085968558e-15
1.727999999999999746e-11 -0.000000000000000000e+00 -3.061865693693206728e-15
1.728300000000000057e-11 0.000000000000000000e+00 -1.788953512516500375e-15
1.728600000000000046e-11 0.000000000000000000e+00 9.348823638913412794e-16
1.728900000000000035e-11 0.000000000000000000e+00 2.860060115653311876e-15
1.729200000000000023e-11 -0.000000000000000000e+00 2.418358679591193698e-15
1.729500000000000012e-11 -0.000000000000000000e+00 8.320199809750391169e-28
1.729800000000000000e-11 -0.000000000000000000e+00 -2.389511802857240908e-15
1.730099999999999989e-11 0.000000000000000000e+00 -2.792235819961499005e-15
1.730399999999999978e-11 0.000000000000000000e+00 -9.018251978781021954e-16
1.730699999999999966e-11 0.000000000000000000e+00 1.705112036288983968e-15
1.730999999999999955e-11 0.000000000000000000e+00 2.883556516918769353e-15
1.731299999999999944e-11 -0.000000000000000000e+00 1.684772970319420251e-15
1.731599999999999932e-11 -0.000000000000000000e+00 -8.804390533857991286e-16
1.731899999999999921e-11 -0.000000000000000000e+00 -2.693503180841037650e-15
1.732199999999999909e-11 0.000000000000000000e+00 -2.277524433925066151e-15
1.732499999999999898e-11 0.000000000000000000e+00 -1.511363671331199587e-27
1.732799999999999887e-11 0.000000000000000000e+00 2.250357468511457149e-15
1.733099999999999875e-11 -0.000000000000000000e+00 2.629628664643431261e-15
1.733399999999999864e-11 -0.000000000000000000e+00 8.493069868547618127e-16
1.733699999999999853e-11 -0.000000000000000000e+00 -1.605814041564098595e-15
1.733999999999999841e-11 -0.000000000000000000e+00 -2.715631258219733895e-15
1.734299999999999830e-11 0.000000000000000000e+00 -1.586659430588417793e-15
1.734599999999999818e-11 0.000000000000000000e+00 8.291662744610389901e-16
1.734899999999999807e-11 0.000000000000000000e+00 2.536645766812388883e-15
1.735199999999999796e-11 -0.000000000000000000e+00 2.144891736242125900e-15
1.735499999999999784e-11 -0.000000000000000000e+00 1.273998372799494060e-27
1.735799999999999773e-11 -0.000000000000000000e+00 -2.119306851730687751e-15
1.736099999999999761e-11 0.000000000000000000e+00 -2.476491012857659625e-15
1.736399999999999750e-11 0.000000000000000000e+00 -7.998471983448393450e-16
1.736700000000000062e-11 0.000000000000000000e+00 1.512298711876961775e-15
1.737000000000000050e-11 0.000000000000000000e+00 2.557485205284195568e-15
1.737300000000000039e-11 -0.000000000000000000e+00 1.494259578604976230e-15
1.737600000000000028e-11 -0.000000000000000000e+00 -7.808793897318088788e-16
1.737900000000000016e-11 -0.000000000000000000e+00 -2.388923017450605892e-15
1.738200000000000005e-11 0.000000000000000000e+00 -2.019982965570745201e-15
1.738499999999999994e-11 0.000000000000000000e+00 -1.216634527004006602e-27
1.738799999999999982e-11 0.000000000000000000e+00 1.995888028741966572e-15
1.739099999999999971e-11 -0.000000000000000000e+00 2.332271403649477303e-15
1.739399999999999959e-11 -0.000000000000000000e+00 7.532677236881001818e-16
1.739699999999999948e-11 -0.000000000000000000e+00 -1.424229291030593131e-15
1.739999999999999937e-11 -0.000000000000000000e+00 -2.408548861503028386e-15
1.740299999999999925e-11 0.000000000000000000e+00 -1.407240675098976053e-15
1.740599999999999914e-11 0.000000000000000000e+00 7.354045142559743535e-16
1.740899999999999903e-11 0.000000000000000000e+00 2.249802971297949778e-15
1.741199999999999891e-11 -0.000000000000000000e+00 1.902348315419113266e-15
1.741499999999999880e-11 -0.000000000000000000e+00 1.468544301101644667e-27
1.741799999999999868e-11 -0.000000000000000000e+00 -1.879656558474509544e-15
1.742099999999999857e-11 0.000000000000000000e+00 -2.196450490650069048e-15
1.742399999999999846e-11 0.000000000000000000e+00 -7.094008264634180341e-16
1.742699999999999834e-11 0.000000000000000000e+00 1.341288633984501130e-15
1.742999999999999823e-11 0.000000000000000000e+00 2.268285895168508158e-15
1.743299999999999812e-11 -0.000000000000000000e+00 1.325289358025469718e-15
1.743599999999999800e-11 -0.000000000000000000e+00 -6.925778893642154730e-16
1.743899999999999789e-11 -0.000000000000000000e+00 -2.118784645921117813e-15
1.744199999999999777e-11 0.000000000000000000e+00 -1.791564173985436035e-15
1.744499999999999766e-11 0.000000000000000000e+00 -1.059833683612699323e-27
1.744799999999999755e-11 0.000000000000000000e+00 1.770193882090589836e-15
1.745100000000000066e-11 -0.000000000000000000e+00 2.068539171867845164e-15
1.745400000000000055e-11 -0.000000000000000000e+00 6.680885384581973359e-16
1.745700000000000044e-11 -0.000000000000000000e+00 -1.263178064786544002e-15
1.746000000000000032e-11 0.000000000000000000e+00 -2.136191208098964225e-15
1.746300000000000021e-11 0.000000000000000000e+00 -1.248110514124639695e-15
1.746600000000000010e-11 0.000000000000000000e+00 6.522452929480790662e-16
1.746899999999999998e-11 0.000000000000000000e+00 1.995396233831242151e-15
1.747199999999999987e-11 -0.000000000000000000e+00 1.687231598699370822e-15
1.747499999999999975e-11 -0.000000000000000000e+00 9.038536804935365874e-28
1.747799999999999964e-11 -0.000000000000000000e+00 -1.667105815720593228e-15
1.748099999999999953e-11 0.000000000000000000e+00 -1.948076828394736366e-15
1.748399999999999941e-11 0.000000000000000000e+00 -6.291820908141570303e-16
1.748699999999999930e-11 0.000000000000000000e+00 1.189616301017332839e-15
1.748999999999999919e-11 0.000000000000000000e+00 2.011789116742037257e-15
1.749299999999999907e-11 -0.000000000000000000e+00 1.175426216196432344e-15
1.749599999999999896e-11 -0.000000000000000000e+00 -6.142614840954286569e-16
1.749899999999999884e-11 -0.000000000000000000e+00 -1.879193403469749720e-15
1.750199999999999873e-11 0.000000000000000000e+00 -1.588974879597981466e-15
1.750499999999999862e-11 0.000000000000000000e+00 -1.241056221051281250e-27
1.750799999999999850e-11 0.000000000000000000e+00 1.570021130977506749e-15
1.751099999999999839e-11 -0.000000000000000000e+00 1.834629665679574142e-15
1.751399999999999828e-11 -0.000000000000000000e+00 5.925413782954128968e-16
1.751699999999999816e-11 -0.000000000000000000e+00 -1.120338440871640481e-15
1.751999999999999805e-11 -0.000000000000000000e+00 -1.894631639198391777e-15
1.752299999999999793e-11 0.000000000000000000e+00 -1.106974722258906414e-15
1.752599999999999782e-11 0.000000000000000000e+00 5.784896800679510163e-16
1.752899999999999771e-11 0.000000000000000000e+00 1.769757699133242440e-15
1.753199999999999759e-11 -0.000000000000000000e+00 1.496440186361429641e-15
1.753499999999999748e-11 -0.000000000000000000e+00 8.201008375191886051e-28
1.753800000000000060e-11 -0.000000000000000000e+00 -1.478590218132592679e-15
1.754100000000000048e-11 0.000000000000000000e+00 -1.727789151398304049e-15
1.754400000000000037e-11 0.000000000000000000e+00 -5.580344547592596733e-16
1.754700000000000026e-11 0.000000000000000000e+00 1.055095009224332042e-15
1.755000000000000014e-11 -0.000000000000000000e+00 1.784296882003584813e-15
1.755300000000000003e-11 -0.000000000000000000e+00 1.042509532997360963e-15
1.755599999999999991e-11 -0.000000000000000000e+00 -5.448010637328369539e-16
1.755899999999999980e-11 -0.000000000000000000e+00 -1.666695034081472797e-15
1.756199999999999969e-11 0.000000000000000000e+00 -1.409294294145335558e-15
1.756499999999999957e-11 0.000000000000000000e+00 -6.743033240569590338e-28
1.756799999999999946e-11 0.000000000000000000e+00 1.392483827141959898e-15
1.757099999999999935e-11 -0.000000000000000000e+00 1.627170544298689316e-15
1.757399999999999923e-11 -0.000000000000000000e+00 5.255370580105021579e-16
1.757699999999999912e-11 -0.000000000000000000e+00 -9.936510592490922684e-16
1.757999999999999900e-11 -0.000000000000000000e+00 -1.680387520856056402e-15
1.758299999999999889e-11 0.000000000000000000e+00 -9.817985041007442942e-16
1.758599999999999878e-11 0.000000000000000000e+00 5.130743196822280762e-16
1.758899999999999866e-11 0.000000000000000000e+00 1.569634271398878019e-15
1.759199999999999855e-11 -0.000000000000000000e+00 1.327223383608987643e-15
1.759499999999999844e-11 -0.000000000000000000e+00 9.663460820389517105e-28
1.759799999999999832e-11 -0.000000000000000000e+00 -1.311391881991809348e-15
1.760099999999999821e-11 0.000000000000000000e+00 -1.532411508713555327e-15
1.760399999999999809e-11 0.000000000000000000e+00 -4.949321623186336233e-16
1.760699999999999798e-11 0.000000000000000000e+00 9.357853263591533227e-16
1.760999999999999787e-11 0.000000000000000000e+00 1.582529369819777641e-15
1.761299999999999775e-11 -0.000000000000000000e+00 9.246230102880733411e-16
1.761599999999999764e-11 -0.000000000000000000e+00 -4.831951973697231905e-16
1.761899999999999753e-11 -0.000000000000000000e+00 -1.478225887501870303e-15
1.762200000000000064e-11 0.000000000000000000e+00 -1.249931910826495123e-15
1.762500000000000053e-11 0.000000000000000000e+00 -6.699956085791758225e-28
1.762800000000000042e-11 0.000000000000000000e+00 1.235022364090339314e-15
1.763100000000000030e-11 -0.000000000000000000e+00 1.443170809762713195e-15
1.763400000000000019e-11 -0.000000000000000000e+00 4.661095570016956721e-16
1.763700000000000007e-11 -0.000000000000000000e+00 -8.812894314137234192e-16
1.763999999999999996e-11 -0.000000000000000000e+00 -1.490370033851716703e-15
1.764299999999999985e-11 0.000000000000000000e+00 -8.707771580252230389e-16
1.764599999999999973e-11 0.000000000000000000e+00 4.550560996809752378e-16
1.764899999999999962e-11 0.000000000000000000e+00 1.392140713475302310e-15
1.765199999999999951e-11 -0.000000000000000000e+00 1.177141543011667758e-15
1.765499999999999939e-11 -0.000000000000000000e+00 8.648264566452112991e-28
1.765799999999999928e-11 -0.000000000000000000e+00 -1.163100260683447650e-15
1.766099999999999916e-11 0.000000000000000000e+00 -1.359127084538597812e-15
1.766399999999999905e-11 0.000000000000000000e+00 -4.389654495491011014e-16
1.766699999999999894e-11 0.000000000000000000e+00 8.299671303278076771e-16
1.766999999999999882e-11 0.000000000000000000e+00 1.403577639798213179e-15
1.767299999999999871e-11 -0.000000000000000000e+00 8.200670440835471260e-16
1.767599999999999860e-11 -0.000000000000000000e+00 -4.285556954705642983e-16
1.767899999999999848e-11 -0.000000000000000000e+00 -1.311068749709626268e-15
1.768199999999999837e-11 0.000000000000000000e+00 -1.108590156216997911e-15
1.768499999999999825e-11 0.000000000000000000e+00 -7.664273810464005776e-28
1.768799999999999814e-11 0.000000000000000000e+00 1.095366574514322119e-15
1.769099999999999803e-11 -0.000000000000000000e+00 1.279977684852166645e-15
1.769399999999999791e-11 -0.000000000000000000e+00 4.134020918540053943e-16
1.769699999999999780e-11 -0.000000000000000000e+00 -7.816336073836623275e-16
1.769999999999999769e-11 -0.000000000000000000e+00 -1.321839641293897214e-15
1.770299999999999757e-11 0.000000000000000000e+00 -7.723100572789400824e-16
1.770599999999999746e-11 0.000000000000000000e+00 4.035985546600266417e-16
1.770900000000000057e-11 0.000000000000000000e+00 1.234718049567325798e-15
1.771200000000000046e-11 -0.000000000000000000e+00 1.044030891405679692e-15
1.771500000000000035e-11 -0.000000000000000000e+00 4.830204054316803281e-28
1.771800000000000023e-11 -0.000000000000000000e+00 -1.031577391151406949e-15
1.772100000000000012e-11 0.000000000000000000e+00 -1.205437587373035362e-15
1.772400000000000001e-11 0.000000000000000000e+00 -3.893274282175665925e-16
1.772699999999999989e-11 0.000000000000000000e+00 7.361148096914723249e-16
1.772999999999999978e-11 0.000000000000000000e+00 1.244861693256308726e-15
1.773299999999999966e-11 -0.000000000000000000e+00 7.273342208757782476e-16
1.773599999999999955e-11 -0.000000000000000000e+00 -3.800948045845484278e-16
1.773899999999999944e-11 -0.000000000000000000e+00 -1.162813668058742277e-15
1.774199999999999932e-11 0.000000000000000000e+00 -9.832312654923012435e-16
1.774499999999999921e-11 0.000000000000000000e+00 -6.678112237227252100e-28
1.774799999999999910e-11 0.000000000000000000e+00 9.715030006336092939e-16
1.775099999999999898e-11 -0.000000000000000000e+00 1.135238367237348941e-15
1.775399999999999887e-11 -0.000000000000000000e+00 3.666547638470893342e-16
1.775699999999999875e-11 -0.000000000000000000e+00 -6.932468204133839743e-16
1.775999999999999864e-11 -0.000000000000000000e+00 -1.172366591926466350e-15
1.776299999999999853e-11 0.000000000000000000e+00 -6.849775732831218266e-16
1.776599999999999841e-11 0.000000000000000000e+00 3.579598063572382328e-16
1.776899999999999830e-11 0.000000000000000000e+00 1.095096671744776117e-15
1.777199999999999819e-11 -0.000000000000000000e+00 9.259723341519391372e-16
1.777499999999999807e-11 -0.000000000000000000e+00 6.816637512906515313e-28
1.777799999999999796e-11 -0.000000000000000000e+00 -9.149270702674818222e-16
1.778099999999999784e-11 0.000000000000000000e+00 -1.069127231428304441e-15
1.778399999999999773e-11 0.000000000000000000e+00 -3.453024526608554561e-16
1.778699999999999762e-11 0.000000000000000000e+00 6.528752684854984238e-16
1.778999999999999750e-11 0.000000000000000000e+00 1.104093276635426357e-15
1.779300000000000062e-11 -0.000000000000000000e+00 6.450875848185225855e-16
1.779600000000000051e-11 -0.000000000000000000e+00 -3.371138500761167117e-16
1.779900000000000039e-11 -0.000000000000000000e+00 -1.031323206295422194e-15
1.780200000000000028e-11 0.000000000000000000e+00 -8.720479033843553018e-16
1.780500000000000017e-11 0.000000000000000000e+00 -4.311276974831727624e-28
1.780800000000000005e-11 0.000000000000000000e+00 8.616458655941107351e-16
1.781099999999999994e-11 -0.000000000000000000e+00 1.006866108448156811e-15
1.781399999999999982e-11 -0.000000000000000000e+00 3.251936032754748793e-16
1.781699999999999971e-11 -0.000000000000000000e+00 -6.148547727139782746e-16
1.781999999999999960e-11 0.000000000000000000e+00 -1.039795889703979753e-15
1.782299999999999948e-11 0.000000000000000000e+00 -6.075206084375229737e-16
1.782599999999999937e-11 0.000000000000000000e+00 3.174818677817101600e-16
1.782899999999999926e-11 0.000000000000000000e+00 9.712636183513614364e-16
1.783199999999999914e-11 -0.000000000000000000e+00 8.212637869938973779e-16
1.783499999999999903e-11 -0.000000000000000000e+00 4.997764010696716035e-28
1.783799999999999891e-11 -0.000000000000000000e+00 -8.114675167259570613e-16
1.784099999999999880e-11 0.000000000000000000e+00 -9.482307910045083433e-16
1.784399999999999869e-11 0.000000000000000000e+00 -3.062558021134491705e-16
1.784699999999999857e-11 0.000000000000000000e+00 5.790484182469159886e-16
1.784999999999999846e-11 0.000000000000000000e+00 9.792428910898973116e-16
1.785299999999999835e-11 -0.000000000000000000e+00 5.721413624480894178e-16
1.785599999999999823e-11 -0.000000000000000000e+00 -2.989931631327961895e-16
1.785899999999999812e-11 -0.000000000000000000e+00 -9.147016285239853906e-16
1.786199999999999800e-11 0.000000000000000000e+00 -7.734371073079542083e-16
1.786499999999999789e-11 0.000000000000000000e+00 -4.847129645052345611e-28
1.786799999999999778e-11 0.000000000000000000e+00 7.642113274081728484e-16
1.787099999999999766e-11 -0.000000000000000000e+00 8.930101286205284665e-16
1.787399999999999755e-11 -0.000000000000000000e+00 2.884208526347494778e-16
1.787699999999999744e-11 -0.000000000000000000e+00 -5.453272635330668285e-16
1.788000000000000055e-11 0.000000000000000000e+00 -9.222162245929330945e-16
1.788300000000000044e-11 0.000000000000000000e+00 -5.388224433500610312e-16
1.788600000000000033e-11 0.000000000000000000e+00 2.815811568227527275e-16
1.788900000000000021e-11 0.000000000000000000e+00 8.614335525556766477e-16
1.789200000000000010e-11 -0.000000000000000000e+00 7.283956366205811758e-16
1.789499999999999998e-11 -0.000000000000000000e+00 3.947766842741946455e-28
1.789799999999999987e-11 -0.000000000000000000e+00 -7.197071243164016755e-16
1.790099999999999976e-11 0.000000000000000000e+00 -8.410052672663688805e-16
1.790399999999999964e-11 0.000000000000000000e+00 -2.716245297576044780e-16
1.790699999999999953e-11 0.000000000000000000e+00 5.135698759919471340e-16
1.790999999999999942e-11 0.000000000000000000e+00 8.685105326176414352e-16
1.791299999999999930e-11 -0.000000000000000000e+00 5.074438670464540978e-16
1.791599999999999919e-11 -0.000000000000000000e+00 -2.651831468211282719e-16
1.791899999999999907e-11 -0.000000000000000000e+00 -8.112675678363838100e-16
1.792199999999999896e-11 0.000000000000000000e+00 -6.859771769869146825e-16
1.792499999999999885e-11 0.000000000000000000e+00 -5.662034088782585699e-28
1.792799999999999873e-11 0.000000000000000000e+00 6.777946442489858475e-16
1.793099999999999862e-11 -0.000000000000000000e+00 7.920289332690354192e-16
1.793399999999999851e-11 -0.000000000000000000e+00 2.558063485773088579e-16
1.793699999999999839e-11 -0.000000000000000000e+00 -4.836618947264008594e-16
1.793999999999999828e-11 -0.000000000000000000e+00 -8.179324166636231617e-16
1.794299999999999816e-11 0.000000000000000000e+00 -4.778926367691453974e-16
1.794599999999999805e-11 0.000000000000000000e+00 2.497400825804677826e-16
1.794899999999999794e-11 0.000000000000000000e+00 7.640230226354707739e-16
1.795199999999999782e-11 -0.000000000000000000e+00 6.460289761344057017e-16
1.795499999999999771e-11 -0.000000000000000000e+00 3.333629075492009452e-28
1.795799999999999760e-11 -0.000000000000000000e+00 -6.383229570071767477e-16
1.796099999999999748e-11 0.000000000000000000e+00 -7.459047589252765930e-16
1.796400000000000060e-11 0.000000000000000000e+00 -2.409093465555784587e-16
1.796700000000000049e-11 0.000000000000000000e+00 4.554956186996809354e-16
1.797000000000000037e-11 0.000000000000000000e+00 7.702997408826859122e-16
1.797300000000000026e-11 -0.000000000000000000e+00 4.500623361701201754e-16
1.797600000000000014e-11 -0.000000000000000000e+00 -2.351963523888291575e-16
1.797900000000000003e-11 -0.000000000000000000e+00 -7.195297855599879199e-16
1.798199999999999992e-11 0.000000000000000000e+00 -6.084071773911283946e-16
1.798499999999999980e-11 0.000000000000000000e+00 -3.105659345364602613e-28
1.798799999999999969e-11 0.000000000000000000e+00 6.011499218819775048e-16
1.799099999999999958e-11 -0.000000000000000000e+00 7.024666473875729894e-16
1.799399999999999946e-11 -0.000000000000000000e+00 2.268798783951084125e-16
1.799699999999999935e-11 -0.000000000000000000e+00 -4.289696188942592565e-16
1.799999999999999923e-11 -0.000000000000000000e+00 -7.254409761924330057e-16
1.800299999999999912e-11 0.000000000000000000e+00 -4.238527461072036758e-16
1.800599999999999901e-11 0.000000000000000000e+00 2.214995831080216684e-16
1.800899999999999889e-11 0.000000000000000000e+00 6.776276328977905670e-16
1.801199999999999878e-11 -0.000000000000000000e+00 5.729763016451005597e-16
1.801499999999999867e-11 -0.000000000000000000e+00 3.918935676158358304e-28
1.801799999999999855e-11 -0.000000000000000000e+00 -5.661416757953087185e-16
1.802099999999999844e-11 0.000000000000000000e+00 -6.615581745354145486e-16
1.802399999999999832e-11 0.000000000000000000e+00 -2.136674228564018099e-16
1.802699999999999821e-11 0.000000000000000000e+00 4.039883730597815462e-16
1.802999999999999810e-11 0.000000000000000000e+00 6.831945825867453416e-16
1.803299999999999798e-11 -0.000000000000000000e+00 3.991694837459545537e-16
1.803599999999999787e-11 -0.000000000000000000e+00 -2.086004515749643672e-16
1.803899999999999776e-11 -0.000000000000000000e+00 -6.381656716398442763e-16
1.804199999999999764e-11 0.000000000000000000e+00 -5.396087594735387186e-16
1.804499999999999753e-11 0.000000000000000000e+00 -1.901873342951023165e-28
1.804800000000000065e-11 0.000000000000000000e+00 5.331721512481044178e-16
1.805100000000000053e-11 -0.000000000000000000e+00 6.230320256801779794e-16
1.805400000000000042e-11 -0.000000000000000000e+00 2.012244008283829998e-16
1.805700000000000030e-11 -0.000000000000000000e+00 -3.804619217282252525e-16
1.806000000000000019e-11 -0.000000000000000000e+00 -6.434084274171301853e-16
1.806300000000000008e-11 0.000000000000000000e+00 -3.759236626810481965e-16
1.806599999999999996e-11 0.000000000000000000e+00 1.964525069829905067e-16
1.806899999999999985e-11 0.000000000000000000e+00 6.010017961013927811e-16
1.807199999999999974e-11 -0.000000000000000000e+00 5.081843916836060784e-16
1.807499999999999962e-11 -0.000000000000000000e+00 2.473035712481658750e-28
1.807799999999999951e-11 -0.000000000000000000e+00 -5.021226223402258709e-16
1.808099999999999939e-11 0.000000000000000000e+00 -5.867494650727681948e-16
1.808399999999999928e-11 0.000000000000000000e+00 -1.895060039920232668e-16
1.808699999999999917e-11 0.000000000000000000e+00 3.583055442628378948e-16
1.808999999999999905e-11 0.000000000000000000e+00 6.059392375506561906e-16
1.809299999999999894e-11 -0.000000000000000000e+00 3.540315728481968620e-16
1.809599999999999883e-11 -0.000000000000000000e+00 -1.850120036101768519e-16
1.809899999999999871e-11 -0.000000000000000000e+00 -5.660021761886920277e-16
1.810199999999999860e-11 0.000000000000000000e+00 -4.785900366087719143e-16
1.810499999999999848e-11 0.000000000000000000e+00 -3.167765070087602305e-28
1.810799999999999837e-11 0.000000000000000000e+00 4.728812772303219547e-16
1.811099999999999826e-11 -0.000000000000000000e+00 5.525798363051070892e-16
1.811399999999999814e-11 -0.000000000000000000e+00 1.784700334610067858e-16
1.811699999999999803e-11 -0.000000000000000000e+00 -3.374394537733460095e-16
1.811999999999999791e-11 -0.000000000000000000e+00 -5.706520834323216047e-16
1.812299999999999780e-11 0.000000000000000000e+00 -3.334143790774887799e-16
1.812599999999999769e-11 0.000000000000000000e+00 1.742377432874543755e-16
1.812899999999999757e-11 0.000000000000000000e+00 5.330407754660379586e-16
1.813199999999999746e-11 -0.000000000000000000e+00 4.507191226049087536e-16
1.813500000000000058e-11 -0.000000000000000000e+00 2.508718521006287850e-28
1.813800000000000046e-11 -0.000000000000000000e+00 -4.453428154915575126e-16
1.814100000000000035e-11 0.000000000000000000e+00 -5.204000918059057626e-16
1.814400000000000024e-11 0.000000000000000000e+00 -1.680767478211195928e-16
1.814700000000000012e-11 0.000000000000000000e+00 3.177885097957920196e-16
1.815000000000000001e-11 -0.000000000000000000e+00 5.374198931924894994e-16
1.815299999999999989e-11 -0.000000000000000000e+00 3.139978372021642529e-16
1.815599999999999978e-11 -0.000000000000000000e+00 -1.640909270398725956e-16
1.815899999999999967e-11 -0.000000000000000000e+00 -5.019988972881340230e-16
1.816199999999999955e-11 0.000000000000000000e+00 -4.244712842775224678e-16
1.816499999999999944e-11 0.000000000000000000e+00 -2.892529186272866139e-28
1.816799999999999933e-11 0.000000000000000000e+00 4.194080689164602986e-16
1.817099999999999921e-11 -0.000000000000000000e+00 4.900943497368191873e-16
1.817399999999999910e-11 -0.000000000000000000e+00 1.582887200182099302e-16
1.817699999999999898e-11 -0.000000000000000000e+00 -2.992819477061868903e-16
1.817999999999999887e-11 -0.000000000000000000e+00 -5.061229950513328371e-16
1.818299999999999876e-11 0.000000000000000000e+00 -2.957120266992567855e-16
1.818599999999999864e-11 0.000000000000000000e+00 1.545350153690102262e-16
1.818899999999999853e-11 0.000000000000000000e+00 4.727647573643365785e-16
1.819199999999999842e-11 -0.000000000000000000e+00 3.997520010575740686e-16
1.819499999999999830e-11 -0.000000000000000000e+00 3.388493089549601837e-28
1.819799999999999819e-11 -0.000000000000000000e+00 -3.949836444045401246e-16
1.820099999999999807e-11 0.000000000000000000e+00 -4.615534766921531266e-16
1.820399999999999796e-11 0.000000000000000000e+00 -1.490707025795781890e-16
1.820699999999999785e-11 0.000000000000000000e+00 2.818531238917142411e-16
1.820999999999999773e-11 0.000000000000000000e+00 4.766486863707469003e-16
1.821299999999999762e-11 -0.000000000000000000e+00 2.784910988995860872e-16
1.821599999999999751e-11 -0.000000000000000000e+00 -1.455355966715247909e-16
1.821900000000000062e-11 -0.000000000000000000e+00 -4.452330812143069789e-16
1.822200000000000051e-11 0.000000000000000000e+00 -3.764722568252601207e-16
1.822500000000000040e-11 0.000000000000000000e+00 -1.831644013055353429e-28
1.822800000000000028e-11 0.000000000000000000e+00 3.719815876461203031e-16
1.823100000000000017e-11 -0.000000000000000000e+00 4.346746947011372985e-16
1.823400000000000005e-11 -0.000000000000000000e+00 1.403895006858346758e-16
1.823699999999999994e-11 -0.000000000000000000e+00 -2.654392757612225348e-16
1.823999999999999983e-11 -0.000000000000000000e+00 -4.488908278035141663e-16
1.824299999999999971e-11 0.000000000000000000e+00 -2.622730398625214283e-16
1.824599999999999960e-11 0.000000000000000000e+00 1.370602633192812599e-16
1.824899999999999949e-11 0.000000000000000000e+00 4.193047250660952206e-16
1.825199999999999937e-11 -0.000000000000000000e+00 3.545482193565022350e-16
1.825499999999999926e-11 -0.000000000000000000e+00 2.371227775422082632e-28
1.825799999999999914e-11 -0.000000000000000000e+00 -3.503190663914504136e-16
1.826099999999999903e-11 0.000000000000000000e+00 -4.093612111161426191e-16
1.826399999999999892e-11 0.000000000000000000e+00 -1.322138526336228850e-16
1.826699999999999880e-11 0.000000000000000000e+00 2.499812957321305500e-16
1.826999999999999869e-11 0.000000000000000000e+00 4.227494610766275668e-16
1.827299999999999858e-11 -0.000000000000000000e+00 2.469994470579220737e-16
1.827599999999999846e-11 -0.000000000000000000e+00 -1.290784949577433284e-16
1.827899999999999835e-11 -0.000000000000000000e+00 -3.948863188315144917e-16
1.828199999999999823e-11 0.000000000000000000e+00 -3.339009384354105943e-16
1.828499999999999812e-11 0.000000000000000000e+00 -2.329575219463675318e-28
1.828799999999999801e-11 0.000000000000000000e+00 3.299180721658100689e-16
1.829099999999999789e-11 -0.000000000000000000e+00 3.855218700542506147e-16
1.829399999999999778e-11 -0.000000000000000000e+00 1.245143172588155527e-16
1.829699999999999767e-11 -0.000000000000000000e+00 -2.354235183800193494e-16
1.829999999999999755e-11 -0.000000000000000000e+00 -3.981304490338177972e-16
1.830299999999999744e-11 0.000000000000000000e+00 -2.326153190539799334e-16
1.830600000000000056e-11 0.000000000000000000e+00 1.215615485997499670e-16
1.830900000000000044e-11 0.000000000000000000e+00 3.718899298732065613e-16
1.831200000000000033e-11 -0.000000000000000000e+00 3.144560615489102488e-16
1.831500000000000021e-11 -0.000000000000000000e+00 1.168561100652336795e-28
1.831800000000000010e-11 -0.000000000000000000e+00 -3.107051393543132189e-16
1.832099999999999999e-11 0.000000000000000000e+00 -3.630708241381642352e-16
1.832399999999999987e-11 0.000000000000000000e+00 -1.172631679177709762e-16
1.832699999999999976e-11 0.000000000000000000e+00 2.217135199819498417e-16
1.832999999999999965e-11 0.000000000000000000e+00 3.749451366400344727e-16
1.833299999999999953e-11 -0.000000000000000000e+00 2.190688574534463466e-16
1.833599999999999942e-11 -0.000000000000000000e+00 -1.144823551187852290e-16
1.833899999999999930e-11 -0.000000000000000000e+00 -3.502327463517039632e-16
1.834199999999999919e-11 0.000000000000000000e+00 -2.961435661373895288e-16
1.834499999999999908e-11 0.000000000000000000e+00 -1.889509860339590224e-28
1.834799999999999896e-11 0.000000000000000000e+00 2.926110806461882010e-16
1.835099999999999885e-11 -0.000000000000000000e+00 3.419272253525423066e-16
1.835399999999999874e-11 -0.000000000000000000e+00 1.104342926407616953e-16
1.835699999999999862e-11 -0.000000000000000000e+00 -2.088019297350590764e-16
1.835999999999999851e-11 -0.000000000000000000e+00 -3.531100317274737682e-16
1.836299999999999839e-11 0.000000000000000000e+00 -2.063112803625120902e-16
1.836599999999999828e-11 0.000000000000000000e+00 1.078154217720364504e-16
1.836899999999999817e-11 0.000000000000000000e+00 3.298367790138360971e-16
1.837199999999999805e-11 -0.000000000000000000e+00 2.788975074373595246e-16
1.837499999999999794e-11 -0.000000000000000000e+00 1.691371907871319822e-28
1.837799999999999783e-11 -0.000000000000000000e+00 -2.755707378863605282e-16
1.838099999999999771e-11 0.000000000000000000e+00 -3.220149339038968323e-16
1.838399999999999760e-11 0.000000000000000000e+00 -1.040031001005048831e-16
1.838699999999999748e-11 0.000000000000000000e+00 1.966422519684681501e-16
1.839000000000000060e-11 0.000000000000000000e+00 3.325465043337570584e-16
1.839300000000000049e-11 -0.000000000000000000e+00 1.942966467237480837e-16
1.839600000000000037e-11 -0.000000000000000000e+00 -1.015367403983624948e-16
1.839900000000000026e-11 -0.000000000000000000e+00 -3.106285803469070460e-16
1.840200000000000015e-11 0.000000000000000000e+00 -2.626557810095445786e-16
1.840500000000000003e-11 0.000000000000000000e+00 -1.531952516173832414e-28
1.840799999999999992e-11 0.000000000000000000e+00 2.595227474350056247e-16
1.841099999999999981e-11 -0.000000000000000000e+00 3.032622440351580925e-16
1.841399999999999969e-11 -0.000000000000000000e+00 9.794643105748498761e-17
1.841699999999999958e-11 -0.000000000000000000e+00 -1.851906987080059562e-16
1.841999999999999946e-11 -0.000000000000000000e+00 -3.131805035489377464e-16
1.842299999999999935e-11 0.000000000000000000e+00 -1.829816908788032104e-16
1.842599999999999924e-11 0.000000000000000000e+00 9.562370096287679297e-17
1.842899999999999912e-11 0.000000000000000000e+00 2.925389800883185033e-16
1.843199999999999901e-11 -0.000000000000000000e+00 2.473598990956924651e-16
1.843499999999999890e-11 -0.000000000000000000e+00 2.041602743822895381e-28
1.843799999999999878e-11 -0.000000000000000000e+00 -2.444093191926006522e-16
1.844099999999999867e-11 0.000000000000000000e+00 -2.856016258075111051e-16
1.844399999999999855e-11 0.000000000000000000e+00 -9.224247496115117073e-17
1.844699999999999844e-11 0.000000000000000000e+00 1.744060319928541011e-16
1.844999999999999833e-11 0.000000000000000000e+00 2.949422908524615813e-16
1.845299999999999821e-11 -0.000000000000000000e+00 1.723256667649718729e-16
1.845599999999999810e-11 -0.000000000000000000e+00 -9.005501013688265289e-17
1.845899999999999799e-11 -0.000000000000000000e+00 -2.755028361380935942e-16
1.846199999999999787e-11 0.000000000000000000e+00 -2.329547799993102358e-16
1.846499999999999776e-11 0.000000000000000000e+00 -1.826047374836186270e-28
1.846799999999999764e-11 0.000000000000000000e+00 2.301760284930766808e-16
1.847099999999999753e-11 -0.000000000000000000e+00 2.689694819194993527e-16
1.847399999999999742e-11 -0.000000000000000000e+00 8.687069140840007074e-17
1.847700000000000053e-11 -0.000000000000000000e+00 -1.642494153740664407e-16
1.848000000000000042e-11 0.000000000000000000e+00 -2.777661889789239057e-16
1.848300000000000031e-11 0.000000000000000000e+00 -1.622902011854470769e-16
1.848600000000000019e-11 0.000000000000000000e+00 8.481061461854246780e-17
1.848900000000000008e-11 0.000000000000000000e+00 2.594587999767324477e-16
1.849199999999999996e-11 -0.000000000000000000e+00 2.193885497322243370e-16
1.849499999999999985e-11 -0.000000000000000000e+00 1.208594023429136578e-28
1.849799999999999974e-11 -0.000000000000000000e+00 -2.167716201160723766e-16
1.850099999999999962e-11 0.000000000000000000e+00 -2.533059186882967430e-16
1.850399999999999951e-11 0.000000000000000000e+00 -8.181173617635291976e-17
1.850699999999999940e-11 0.000000000000000000e+00 1.546842740612486699e-16
1.850999999999999928e-11 0.000000000000000000e+00 2.615903454092124869e-16
1.851299999999999917e-11 -0.000000000000000000e+00 1.528391556247210527e-16
1.851599999999999905e-11 -0.000000000000000000e+00 -7.987162891920428601e-17
1.851899999999999894e-11 -0.000000000000000000e+00 -2.443490957444139001e-16
1.852199999999999883e-11 0.000000000000000000e+00 -2.066123552123207675e-16
1.852499999999999871e-11 0.000000000000000000e+00 -1.531206297744610081e-28
1.852799999999999860e-11 0.000000000000000000e+00 2.041478237128955048e-16
1.853099999999999849e-11 -0.000000000000000000e+00 2.385545303676262152e-16
1.853399999999999837e-11 -0.000000000000000000e+00 7.704739156186944469e-17
1.853699999999999826e-11 -0.000000000000000000e+00 -1.456761632140879190e-16
1.853999999999999814e-11 -0.000000000000000000e+00 -2.463565096344398458e-16
1.854299999999999803e-11 0.000000000000000000e+00 -1.439384961103196314e-16
1.854599999999999792e-11 0.000000000000000000e+00 7.522026735571299548e-17
1.854899999999999780e-11 0.000000000000000000e+00 2.301193121854596662e-16
1.855199999999999769e-11 -0.000000000000000000e+00 1.945801883392381190e-16
1.855499999999999758e-11 -0.000000000000000000e+00 1.001866079269932259e-28
1.855799999999999746e-11 -0.000000000000000000e+00 -1.922591799812293180e-16
1.856100000000000058e-11 0.000000000000000000e+00 -2.246621960260420785e-16
1.856400000000000047e-11 0.000000000000000000e+00 -7.256050077808349829e-17
1.856700000000000035e-11 0.000000000000000000e+00 1.371926439037024565e-16
1.857000000000000024e-11 0.000000000000000000e+00 2.320098233913152799e-16
1.857300000000000012e-11 -0.000000000000000000e+00 1.355561706541081559e-16
1.857600000000000001e-11 -0.000000000000000000e+00 -7.083978000238115054e-17
1.857899999999999990e-11 -0.000000000000000000e+00 -2.167182067090864802e-16
1.858199999999999978e-11 0.000000000000000000e+00 -1.832487203160324732e-16
1.858499999999999967e-11 0.000000000000000000e+00 -8.099777061463981929e-29
1.858799999999999956e-11 0.000000000000000000e+00 1.810628769623274469e-16
1.859099999999999944e-11 -0.000000000000000000e+00 2.115788882545007439e-16
1.859399999999999933e-11 -0.000000000000000000e+00 6.833490617194007827e-17
1.859699999999999921e-11 -0.000000000000000000e+00 -1.292031662971438373e-16
1.859999999999999910e-11 -0.000000000000000000e+00 -2.184986231131034865e-16
1.860299999999999899e-11 0.000000000000000000e+00 -1.276619938305820169e-16
1.860599999999999887e-11 0.000000000000000000e+00 6.671439237310554938e-17
1.860899999999999876e-11 0.000000000000000000e+00 2.040975208605880891e-16
1.861199999999999865e-11 -0.000000000000000000e+00 1.725771456183744135e-16
1.861499999999999853e-11 -0.000000000000000000e+00 1.279561091999151107e-28
1.861799999999999842e-11 -0.000000000000000000e+00 -1.705185958718188882e-16
1.862099999999999830e-11 0.000000000000000000e+00 -1.992574930132800053e-16
1.862399999999999819e-11 0.000000000000000000e+00 -6.435539103856612638e-17
1.862699999999999808e-11 0.000000000000000000e+00 1.216789596454165407e-16
1.862999999999999796e-11 0.000000000000000000e+00 2.057742538849027949e-16
1.863299999999999785e-11 -0.000000000000000000e+00 1.202275380762870086e-16
1.863599999999999774e-11 -0.000000000000000000e+00 -6.282924861662213651e-17
1.863899999999999762e-11 -0.000000000000000000e+00 -1.922118065389738175e-16
1.864199999999999751e-11 0.000000000000000000e+00 -1.625270350505722867e-16
1.864499999999999739e-11 0.000000000000000000e+00 -9.141684543265591399e-29
1.864800000000000051e-11 0.000000000000000000e+00 1.605883659086847213e-16
1.865100000000000040e-11 -0.000000000000000000e+00 1.876536399708137613e-16
1.865400000000000028e-11 -0.000000000000000000e+00 6.060762482504345435e-17
1.865700000000000017e-11 -0.000000000000000000e+00 -1.145929286775050580e-16
1.866000000000000006e-11 -0.000000000000000000e+00 -1.937908942335707747e-16
1.866299999999999994e-11 0.000000000000000000e+00 -1.132260313203950555e-16
1.866599999999999983e-11 0.000000000000000000e+00 5.917035801888442060e-17
1.866899999999999972e-11 0.000000000000000000e+00 1.810182623345654387e-16
1.867199999999999960e-11 -0.000000000000000000e+00 1.530621973592446482e-16
1.867499999999999949e-11 -0.000000000000000000e+00 1.071442468040032481e-28
1.867799999999999937e-11 -0.000000000000000000e+00 -1.512364275190332371e-16
1.868099999999999926e-11 0.000000000000000000e+00 -1.767255427225060854e-16
1.868399999999999915e-11 0.000000000000000000e+00 -5.707811152503313996e-17
1.868699999999999903e-11 0.000000000000000000e+00 1.079195560279970309e-16
1.868999999999999892e-11 0.000000000000000000e+00 1.825053911207475300e-16
1.869299999999999881e-11 -0.000000000000000000e+00 1.066322605760619970e-16
1.869599999999999869e-11 -0.000000000000000000e+00 -5.572454462165093681e-17
1.869899999999999858e-11 -0.000000000000000000e+00 -1.704765793977375704e-16
1.870199999999999846e-11 0.000000000000000000e+00 -1.441485489054095430e-16
1.870499999999999835e-11 0.000000000000000000e+00 -9.472649376135428057e-29
1.870799999999999824e-11 0.000000000000000000e+00 1.424291036234215413e-16
1.871099999999999812e-11 -0.000000000000000000e+00 1.664338483144830059e-16
1.871399999999999801e-11 -0.000000000000000000e+00 5.375414107821825780e-17
1.871699999999999790e-11 -0.000000000000000000e+00 -1.016348103473582680e-16
1.871999999999999778e-11 -0.000000000000000000e+00 -1.718771045454518363e-16
1.872299999999999767e-11 0.000000000000000000e+00 -1.004224811464231891e-16
1.872599999999999755e-11 0.000000000000000000e+00 5.247939977484515834e-17
1.872899999999999744e-11 0.000000000000000000e+00 1.605487962835695424e-16
1.873200000000000056e-11 -0.000000000000000000e+00 1.357539909267347439e-16
1.873500000000000044e-11 -0.000000000000000000e+00 5.777087402960857942e-29
1.873800000000000033e-11 -0.000000000000000000e+00 -1.341346783427525969e-16
1.874100000000000022e-11 0.000000000000000000e+00 -1.567414955305163651e-16
1.874400000000000010e-11 0.000000000000000000e+00 -5.062374360073861233e-17
1.874699999999999999e-11 0.000000000000000000e+00 9.571605976270516672e-17
1.874999999999999988e-11 0.000000000000000000e+00 1.618677611960532926e-16
1.875299999999999976e-11 -0.000000000000000000e+00 9.457433111823776906e-17
1.875599999999999965e-11 -0.000000000000000000e+00 -4.942323745172097922e-17
1.875899999999999953e-11 -0.000000000000000000e+00 -1.511991622494932994e-16
1.876199999999999942e-11 0.000000000000000000e+00 -1.278482939473238262e-16
1.876499999999999931e-11 0.000000000000000000e+00 -8.265301876673287954e-29
1.876799999999999919e-11 0.000000000000000000e+00 1.263232827869111520e-16
1.877099999999999908e-11 -0.000000000000000000e+00 1.476135814315977698e-16
1.877399999999999897e-11 -0.000000000000000000e+00 4.767564628046752776e-17
1.877699999999999885e-11 -0.000000000000000000e+00 -9.014199037891780668e-17
1.877999999999999874e-11 -0.000000000000000000e+00 -1.524413166251256977e-16
1.878299999999999862e-11 0.000000000000000000e+00 -8.906675083463347867e-17
1.878599999999999851e-11 0.000000000000000000e+00 4.654505216691714280e-17
1.878899999999999840e-11 0.000000000000000000e+00 1.423940085142165017e-16
1.879199999999999828e-11 -0.000000000000000000e+00 1.204029889188572036e-16
1.879499999999999817e-11 -0.000000000000000000e+00 9.576356778287570500e-29
1.879799999999999806e-11 -0.000000000000000000e+00 -1.189667874946385808e-16
1.880099999999999794e-11 0.000000000000000000e+00 -1.390172356676305054e-16
1.880399999999999783e-11 0.000000000000000000e+00 -4.489923278265423895e-17
1.880699999999999771e-11 0.000000000000000000e+00 8.489252952555643146e-17
1.880999999999999760e-11 0.000000000000000000e+00 1.435638254504238848e-16
1.881299999999999749e-11 -0.000000000000000000e+00 8.387990705762801596e-17
1.881599999999999737e-11 -0.000000000000000000e+00 -4.383447934464509721e-17
1.881900000000000049e-11 -0.000000000000000000e+00 -1.341016270135797156e-16
1.882200000000000038e-11 0.000000000000000000e+00 -1.133912647012941683e-16
1.882500000000000026e-11 0.000000000000000000e+00 -6.352947556693642422e-29
1.882800000000000015e-11 0.000000000000000000e+00 1.120387011369133916e-16
1.883100000000000004e-11 -0.000000000000000000e+00 1.309215021086816195e-16
1.883399999999999992e-11 -0.000000000000000000e+00 4.228450501982045312e-17
1.883699999999999981e-11 -0.000000000000000000e+00 -7.994877347343932836e-17
1.883999999999999969e-11 -0.000000000000000000e+00 -1.352033191148873918e-16
1.884299999999999958e-11 0.000000000000000000e+00 -7.899512154720487949e-17
1.884599999999999947e-11 0.000000000000000000e+00 4.128175799492999467e-17
1.884899999999999935e-11 0.000000000000000000e+00 1.262921562173406491e-16
1.885199999999999924e-11 -0.000000000000000000e+00 1.067878715139482435e-16
1.885499999999999912e-11 -0.000000000000000000e+00 6.302493015172363495e-29
1.885799999999999901e-11 -0.000000000000000000e+00 -1.055140751195952883e-16
1.886099999999999890e-11 0.000000000000000000e+00 -1.232972273695470661e-16
1.886399999999999878e-11 0.000000000000000000e+00 -3.982204714784912727e-17
1.886699999999999867e-11 0.000000000000000000e+00 7.529291936084117063e-17
1.886999999999999856e-11 0.000000000000000000e+00 1.273296907652861144e-16
1.887299999999999844e-11 -0.000000000000000000e+00 7.439480379935335421e-17
1.887599999999999833e-11 -0.000000000000000000e+00 -3.887769556362251549e-17
1.887899999999999821e-11 -0.000000000000000000e+00 -1.189374735953761650e-16
1.888199999999999810e-11 0.000000000000000000e+00 -1.005690300087969354e-16
1.888499999999999799e-11 0.000000000000000000e+00 -6.312117536958355967e-29
1.888799999999999787e-11 0.000000000000000000e+00 9.936941374158042104e-17
1.889099999999999776e-11 -0.000000000000000000e+00 1.161169558259105539e-16
1.889399999999999765e-11 -0.000000000000000000e+00 3.750299165855466500e-17
1.889699999999999753e-11 -0.000000000000000000e+00 -7.090820108406789691e-17
1.889999999999999742e-11 -0.000000000000000000e+00 -1.199145868349930893e-16
1.890300000000000054e-11 0.000000000000000000e+00 -7.006238770117397693e-17
1.890600000000000042e-11 0.000000000000000000e+00 3.661363482932096108e-17
1.890900000000000031e-11 0.000000000000000000e+00 1.120110943462411586e-16
1.891200000000000019e-11 -0.000000000000000000e+00 9.471234563924556965e-17
1.891500000000000008e-11 -0.000000000000000000e+00 4.895192895698162394e-29
1.891799999999999997e-11 -0.000000000000000000e+00 -9.358258958488362869e-17
1.892099999999999985e-11 0.000000000000000000e+00 -1.093548307446122772e-16
1.892399999999999974e-11 0.000000000000000000e+00 -3.531898744733756009e-17
1.892699999999999963e-11 0.000000000000000000e+00 6.677882892122826104e-17
1.892999999999999951e-11 0.000000000000000000e+00 1.129313049406068889e-16
1.893299999999999940e-11 -0.000000000000000000e+00 6.598227187521178397e-17
1.893599999999999928e-11 -0.000000000000000000e+00 -3.448142272783683249e-17
1.893899999999999917e-11 -0.000000000000000000e+00 -1.054880760232398528e-16
1.894199999999999906e-11 0.000000000000000000e+00 -8.919672801562868528e-17
1.894499999999999894e-11 0.000000000000000000e+00 -7.436151444748804127e-29
1.894799999999999883e-11 0.000000000000000000e+00 8.813276383199342315e-17
1.895099999999999872e-11 -0.000000000000000000e+00 1.029865011713848334e-16
1.895399999999999860e-11 -0.000000000000000000e+00 3.326216974002698222e-17
1.895699999999999849e-11 -0.000000000000000000e+00 -6.288993267228413743e-17
1.895999999999999837e-11 -0.000000000000000000e+00 -1.063546977244410199e-16
1.896299999999999826e-11 0.000000000000000000e+00 -6.213976349738552827e-17
1.896599999999999815e-11 0.000000000000000000e+00 3.247338099260130143e-17
1.896899999999999803e-11 0.000000000000000000e+00 9.934492871472025750e-17
1.897199999999999792e-11 -0.000000000000000000e+00 8.400231495686514638e-17
1.897499999999999781e-11 -0.000000000000000000e+00 5.057453005279620854e-29
1.897799999999999769e-11 -0.000000000000000000e+00 -8.300031122373892983e-17
1.898099999999999758e-11 0.000000000000000000e+00 -9.698903424113296737e-17
1.898399999999999746e-11 0.000000000000000000e+00 -3.132513177118926702e-17
1.898700000000000058e-11 0.000000000000000000e+00 5.922750811028389400e-17
1.899000000000000047e-11 0.000000000000000000e+00 1.001610822969566687e-16
1.899300000000000035e-11 -0.000000000000000000e+00 5.852102538713329221e-17
1.899600000000000024e-11 -0.000000000000000000e+00 -3.058227850442484398e-17
1.899900000000000013e-11 -0.000000000000000000e+00 -9.355953045499269376e-17
1.900200000000000001e-11 0.000000000000000000e+00 -7.911040096534858405e-17
1.900499999999999990e-11 0.000000000000000000e+00 -3.989597473552781644e-29
1.900799999999999979e-11 0.000000000000000000e+00 7.816674938697968081e-17
1.901099999999999967e-11 -0.000000000000000000e+00 9.134083259489506775e-17
1.901399999999999956e-11 -0.000000000000000000e+00 2.950089811196892715e-17
1.901699999999999944e-11 -0.000000000000000000e+00 -5.577836655083119604e-17
1.901999999999999933e-11 -0.000000000000000000e+00 -9.432815495268994895e-17
1.902299999999999922e-11 0.000000000000000000e+00 -5.511302617860160547e-17
1.902599999999999910e-11 0.000000000000000000e+00 2.880130525164436702e-17
1.902899999999999899e-11 0.000000000000000000e+00 8.811104756130093850e-17
1.903199999999999888e-11 -0.000000000000000000e+00 7.450336986680570477e-17
1.903499999999999876e-11 -0.000000000000000000e+00 5.644124846481251059e-29
1.903799999999999865e-11 -0.000000000000000000e+00 -7.361467227821549016e-17
1.904099999999999853e-11 0.000000000000000000e+00 -8.602155660593297435e-17
1.904399999999999842e-11 0.000000000000000000e+00 -2.778289955074624774e-17
1.904699999999999831e-11 0.000000000000000000e+00 5.253008735882909142e-17
1.904999999999999819e-11 0.000000000000000000e+00 8.883491085288591319e-17
1.905299999999999808e-11 -0.000000000000000000e+00 5.190349339351157139e-17
1.905599999999999797e-11 -0.000000000000000000e+00 -2.712404780693427715e-17
1.905899999999999785e-11 -0.000000000000000000e+00 -8.297985961019396832e-17
1.906199999999999774e-11 0.000000000000000000e+00 -7.016463137306832324e-17
1.906499999999999762e-11 0.000000000000000000e+00 -4.641224237116261029e-29
1.906799999999999751e-11 0.000000000000000000e+00 6.932768750305906129e-17
1.907099999999999740e-11 -0.000000000000000000e+00 8.101205113517786560e-17
1.907400000000000051e-11 -0.000000000000000000e+00 2.616494943701860086e-17
1.907700000000000040e-11 -0.000000000000000000e+00 -4.947097322063496022e-17
1.908000000000000029e-11 -0.000000000000000000e+00 -8.366156838536528101e-17
1.908300000000000017e-11 0.000000000000000000e+00 -4.888086924712582229e-17
1.908600000000000006e-11 0.000000000000000000e+00 2.554446623181934597e-17
1.908899999999999995e-11 0.000000000000000000e+00 7.814748878267745991e-17
1.909199999999999983e-11 -0.000000000000000000e+00 6.607856133916096054e-17
1.909499999999999972e-11 -0.000000000000000000e+00 4.077914120602214456e-29
1.909799999999999960e-11 -0.000000000000000000e+00 -6.529035728578832829e-17
1.910099999999999949e-11 0.000000000000000000e+00 -7.629427655201749041e-17
1.910399999999999938e-11 0.000000000000000000e+00 -2.464122140280788892e-17
1.910699999999999926e-11 0.000000000000000000e+00 4.659000802108560960e-17
1.910999999999999915e-11 0.000000000000000000e+00 7.878949792936571110e-17
1.911299999999999904e-11 -0.000000000000000000e+00 4.603426902771268342e-17
1.911599999999999892e-11 -0.000000000000000000e+00 -2.405687232646368695e-17
1.911899999999999881e-11 -0.000000000000000000e+00 -7.359653332419637487e-17
1.912199999999999869e-11 0.000000000000000000e+00 -6.223044549949591161e-17
1.912499999999999858e-11 0.000000000000000000e+00 -4.284099360449256712e-29
1.912799999999999847e-11 0.000000000000000000e+00 6.148814287679861357e-17
1.913099999999999835e-11 -0.000000000000000000e+00 7.185124377216209499e-17
1.913399999999999824e-11 -0.000000000000000000e+00 2.320622838136534217e-17
1.913699999999999813e-11 -0.000000000000000000e+00 -4.387681717366419074e-17
1.913999999999999801e-11 -0.000000000000000000e+00 -7.420115476878896518e-17
1.914299999999999790e-11 0.000000000000000000e+00 -4.335344189977655655e-17
1.914599999999999778e-11 0.000000000000000000e+00 2.265590914603032542e-17
1.914899999999999767e-11 0.000000000000000000e+00 6.931060487948134447e-17
1.915199999999999756e-11 -0.000000000000000000e+00 5.860642648056997359e-17
1.915499999999999744e-11 -0.000000000000000000e+00 3.420436326173241959e-29
1.915800000000000056e-11 -0.000000000000000000e+00 -5.790735219733303703e-17
1.916100000000000045e-11 0.000000000000000000e+00 -6.766695307853438374e-17
1.916400000000000033e-11 0.000000000000000000e+00 -2.185480284781808976e-17
1.916700000000000022e-11 0.000000000000000000e+00 4.132163026072199404e-17
1.917000000000000011e-11 -0.000000000000000000e+00 6.988001591223936542e-17
1.917299999999999999e-11 -0.000000000000000000e+00 4.082873399000990960e-17
1.917599999999999988e-11 -0.000000000000000000e+00 -2.133653170984129917e-17
1.917899999999999976e-11 -0.000000000000000000e+00 -6.527426947676721708e-17
1.918199999999999965e-11 0.000000000000000000e+00 -5.519345389951492483e-17
1.918499999999999954e-11 0.000000000000000000e+00 -3.615661482841082674e-29
1.918799999999999942e-11 0.000000000000000000e+00 5.453509053321811417e-17
1.919099999999999931e-11 -0.000000000000000000e+00 6.372633650507876154e-17
1.919399999999999920e-11 -0.000000000000000000e+00 2.058207821056308178e-17
1.919699999999999908e-11 -0.000000000000000000e+00 -3.891524584942074499e-17
1.919999999999999897e-11 -0.000000000000000000e+00 -6.581052059245336996e-17
1.920299999999999885e-11 0.000000000000000000e+00 -3.845105362295169799e-17
1.920599999999999874e-11 0.000000000000000000e+00 2.009398883400971748e-17
1.920899999999999863e-11 0.000000000000000000e+00 6.147299194883723990e-17
1.921199999999999851e-11 -0.000000000000000000e+00 5.197923736858973631e-17
1.921499999999999840e-11 -0.000000000000000000e+00 4.647117666756141277e-29
1.921799999999999829e-11 -0.000000000000000000e+00 -5.135921409998465256e-17
1.922099999999999817e-11 0.000000000000000000e+00 -6.001520357573907324e-17
1.922399999999999806e-11 0.000000000000000000e+00 -1.938347128616781256e-17
1.922699999999999794e-11 0.000000000000000000e+00 3.664899835669500835e-17
1.922999999999999783e-11 0.000000000000000000e+00 6.197801423068536534e-17
1.923299999999999772e-11 -0.000000000000000000e+00 3.621183858103355851e-17
1.923599999999999760e-11 -0.000000000000000000e+00 -1.892380602211819101e-17
1.923899999999999749e-11 -0.000000000000000000e+00 -5.789308359072656924e-17
1.924199999999999737e-11 0.000000000000000000e+00 -4.895220223648317485e-17
1.924500000000000049e-11 0.000000000000000000e+00 -2.603199949851681717e-29
1.924800000000000038e-11 0.000000000000000000e+00 4.836828631213527432e-17
1.925100000000000026e-11 -0.000000000000000000e+00 5.652019020346362806e-17
1.925400000000000015e-11 -0.000000000000000000e+00 1.825466579504587879e-17
1.925700000000000004e-11 -0.000000000000000000e+00 -3.451472684373506182e-17
1.925999999999999992e-11 -0.000000000000000000e+00 -5.836869566444097502e-17
1.926299999999999981e-11 0.000000000000000000e+00 -3.410302527148945687e-17
1.926599999999999970e-11 0.000000000000000000e+00 1.782176935206462522e-17
1.926899999999999958e-11 0.000000000000000000e+00 5.452165286557763791e-17
1.927199999999999947e-11 -0.000000000000000000e+00 4.610144790716676391e-17
1.927499999999999935e-11 -0.000000000000000000e+00 2.971412106021050664e-29
1.927799999999999924e-11 -0.000000000000000000e+00 -4.555153659901452493e-17
1.928099999999999913e-11 0.000000000000000000e+00 -5.322871056506275107e-17
1.928399999999999901e-11 0.000000000000000000e+00 -1.719159681821949384e-17
1.928699999999999890e-11 0.000000000000000000e+00 3.250474562776758323e-17
1.928999999999999879e-11 0.000000000000000000e+00 5.496956744834292304e-17
1.929299999999999867e-11 -0.000000000000000000e+00 3.211701968862602396e-17
1.929599999999999856e-11 -0.000000000000000000e+00 -1.678391030148150228e-17
1.929899999999999844e-11 -0.000000000000000000e+00 -5.134655898118820725e-17
1.930199999999999833e-11 0.000000000000000000e+00 -4.341670858585472824e-17
1.930499999999999822e-11 0.000000000000000000e+00 -3.385563334239416736e-29
1.930799999999999810e-11 0.000000000000000000e+00 4.289882161921341150e-17
1.931099999999999799e-11 -0.000000000000000000e+00 5.012891177859634639e-17
1.931399999999999788e-11 -0.000000000000000000e+00 1.619043615907729354e-17
1.931699999999999776e-11 -0.000000000000000000e+00 -3.061181660541196174e-17
1.931999999999999765e-11 -0.000000000000000000e+00 -5.176838904931702641e-17
1.932299999999999753e-11 0.000000000000000000e+00 -3.024667006717040930e-17
1.932599999999999742e-11 0.000000000000000000e+00 1.580649145680184137e-17
1.932900000000000054e-11 0.000000000000000000e+00 4.835636817007887616e-17
1.933200000000000042e-11 -0.000000000000000000e+00 4.088831631111835300e-17
1.933500000000000031e-11 -0.000000000000000000e+00 2.583378522825465116e-29
1.933800000000000020e-11 -0.000000000000000000e+00 -4.040058873353678672e-17
1.934100000000000008e-11 0.000000000000000000e+00 -4.720963122025617760e-17
1.934399999999999997e-11 0.000000000000000000e+00 -1.524757855787766242e-17
1.934699999999999986e-11 0.000000000000000000e+00 2.882912318756269317e-17
1.934999999999999974e-11 0.000000000000000000e+00 4.875363276743779009e-17
1.935299999999999963e-11 -0.000000000000000000e+00 2.848524112828724440e-17
1.935599999999999951e-11 -0.000000000000000000e+00 -1.488599305441411332e-17
1.935899999999999940e-11 -0.000000000000000000e+00 -4.554031251551917000e-17
1.936199999999999929e-11 0.000000000000000000e+00 -3.850716613978686341e-17
1.936499999999999917e-11 0.000000000000000000e+00 -2.989134793715080225e-29
1.936799999999999906e-11 0.000000000000000000e+00 3.804784160516301264e-17
1.937099999999999895e-11 -0.000000000000000000e+00 4.446035632682812163e-17
1.937399999999999883e-11 -0.000000000000000000e+00 1.435962870885232460e-17
1.937699999999999872e-11 -0.000000000000000000e+00 -2.715024575237393148e-17
1.937999999999999860e-11 -0.000000000000000000e+00 -4.591444222376262751e-17
1.938299999999999849e-11 0.000000000000000000e+00 -2.682638982521722558e-17
1.938599999999999838e-11 0.000000000000000000e+00 1.401910030582832247e-17
1.938899999999999826e-11 0.000000000000000000e+00 4.288825117545989169e-17
1.939199999999999815e-11 -0.000000000000000000e+00 3.626468335928781008e-17
1.939499999999999804e-11 -0.000000000000000000e+00 2.547827150501437313e-29
1.939799999999999792e-11 -0.000000000000000000e+00 -3.583210780317785574e-17
1.940099999999999781e-11 0.000000000000000000e+00 -4.187118673912613424e-17
1.940399999999999769e-11 0.000000000000000000e+00 -1.352338903343158233e-17
1.940699999999999758e-11 0.000000000000000000e+00 2.556913852768804504e-17
1.940999999999999747e-11 0.000000000000000000e+00 4.324059326564525176e-17
1.941299999999999735e-11 -0.000000000000000000e+00 2.526414250149176324e-17
1.941600000000000047e-11 -0.000000000000000000e+00 -1.320269146079461927e-17
1.941900000000000036e-11 -0.000000000000000000e+00 -4.039063386450336832e-17
1.942200000000000024e-11 0.000000000000000000e+00 -3.415279260943782327e-17
1.942500000000000013e-11 0.000000000000000000e+00 -2.057209732674981591e-29
1.942800000000000002e-11 0.000000000000000000e+00 3.374540829260092034e-17
1.943099999999999990e-11 -0.000000000000000000e+00 3.943279864999014542e-17
1.943399999999999979e-11 -0.000000000000000000e+00 1.273584816554702091e-17
1.943699999999999967e-11 -0.000000000000000000e+00 -2.408010781967744823e-17
1.943999999999999956e-11 -0.000000000000000000e+00 -4.072245714872455330e-17
1.944299999999999945e-11 0.000000000000000000e+00 -2.379287337932453822e-17
1.944599999999999933e-11 0.000000000000000000e+00 1.243382656562792659e-17
1.944899999999999922e-11 0.000000000000000000e+00 3.803846646257366073e-17
1.945199999999999911e-11 -0.000000000000000000e+00 3.216388880242943144e-17
1.945499999999999899e-11 -0.000000000000000000e+00 2.533793156179132280e-29
1.945799999999999888e-11 -0.000000000000000000e+00 -3.178022870128787996e-17
1.946099999999999876e-11 0.000000000000000000e+00 -3.713641122853228768e-17
1.946399999999999865e-11 0.000000000000000000e+00 -1.199417010743263525e-17
1.946699999999999854e-11 0.000000000000000000e+00 2.267779150945276144e-17
1.946999999999999842e-11 0.000000000000000000e+00 3.835096586307440819e-17
1.947299999999999831e-11 -0.000000000000000000e+00 2.240728430071303240e-17
1.947599999999999820e-11 -0.000000000000000000e+00 -1.170973687624308733e-17
1.947899999999999808e-11 -0.000000000000000000e+00 -3.582327862638574600e-17
1.948199999999999797e-11 0.000000000000000000e+00 -3.029080973627608679e-17
1.948499999999999785e-11 0.000000000000000000e+00 -2.274715445283521366e-29
1.948799999999999774e-11 0.000000000000000000e+00 2.992949226007023511e-17
1.949099999999999763e-11 -0.000000000000000000e+00 3.497375499962921064e-17
1.949399999999999751e-11 -0.000000000000000000e+00 1.129568401695052161e-17
1.949699999999999740e-11 -0.000000000000000000e+00 -2.135713974362523854e-17
1.950000000000000052e-11 0.000000000000000000e+00 -3.611757947854184585e-17
1.950300000000000040e-11 0.000000000000000000e+00 -2.110238564834276606e-17
1.950600000000000029e-11 0.000000000000000000e+00 1.102781488765688826e-17
1.950900000000000018e-11 0.000000000000000000e+00 3.373709328703771244e-17
1.951200000000000006e-11 -0.000000000000000000e+00 2.852681030316758397e-17
1.951499999999999995e-11 -0.000000000000000000e+00 1.466234415873006664e-29
1.951799999999999983e-11 -0.000000000000000000e+00 -2.818653431872115019e-17
1.952099999999999972e-11 0.000000000000000000e+00 -3.293704206491416595e-17
1.952399999999999961e-11 0.000000000000000000e+00 -1.063787458973625170e-17
1.952699999999999949e-11 0.000000000000000000e+00 2.011339674934984384e-17
1.952999999999999938e-11 0.000000000000000000e+00 3.401425539180214192e-17
1.953299999999999927e-11 -0.000000000000000000e+00 1.987347837762952395e-17
1.953599999999999915e-11 -0.000000000000000000e+00 -1.038560494412411648e-17
1.953899999999999904e-11 -0.000000000000000000e+00 -3.177239792395538641e-17
1.954199999999999892e-11 0.000000000000000000e+00 -2.686553819981438664e-17
1.954499999999999881e-11 0.000000000000000000e+00 -2.130453615429611652e-29
1.954799999999999870e-11 0.000000000000000000e+00 2.654507834602338114e-17
1.955099999999999858e-11 -0.000000000000000000e+00 3.101893805791230724e-17
1.955399999999999847e-11 -0.000000000000000000e+00 1.001837300133840409e-17
1.955699999999999836e-11 -0.000000000000000000e+00 -1.894208370844076463e-17
1.955999999999999824e-11 -0.000000000000000000e+00 -3.203341936427604045e-17
1.956299999999999813e-11 0.000000000000000000e+00 -1.871613709500884257e-17
1.956599999999999801e-11 0.000000000000000000e+00 9.780794396189548708e-18
1.956899999999999790e-11 0.000000000000000000e+00 2.992211751170542200e-17
1.957199999999999779e-11 -0.000000000000000000e+00 2.530101105223749444e-17
1.957499999999999767e-11 -0.000000000000000000e+00 1.905930905659919361e-29
1.957799999999999756e-11 -0.000000000000000000e+00 -2.499921332750075401e-17
1.958099999999999745e-11 0.000000000000000000e+00 -2.921253573238673265e-17
1.958400000000000056e-11 0.000000000000000000e+00 -9.434948376874012879e-18
1.958700000000000045e-11 0.000000000000000000e+00 1.783898262879779036e-17
1.959000000000000034e-11 0.000000000000000000e+00 3.016793824670660715e-17
1.959300000000000022e-11 -0.000000000000000000e+00 1.762619412177608748e-17
1.959600000000000011e-11 -0.000000000000000000e+00 -9.211205272615992044e-18
1.959899999999999999e-11 -0.000000000000000000e+00 -2.817958904226726730e-17
1.960199999999999988e-11 0.000000000000000000e+00 -2.382759487282004090e-17
1.960499999999999977e-11 0.000000000000000000e+00 -1.582099666580801385e-29
1.960799999999999965e-11 0.000000000000000000e+00 2.354337247934911851e-17
1.961099999999999954e-11 -0.000000000000000000e+00 2.751133008882630196e-17
1.961399999999999942e-11 -0.000000000000000000e+00 8.885499757539954823e-18
1.961699999999999931e-11 -0.000000000000000000e+00 -1.680012115502628048e-17
1.961999999999999920e-11 -0.000000000000000000e+00 -2.841109429210895742e-17
1.962299999999999908e-11 0.000000000000000000e+00 -1.659972448596282796e-17
1.962599999999999897e-11 0.000000000000000000e+00 8.674786437310541874e-18
1.962899999999999886e-11 0.000000000000000000e+00 2.653853753098491290e-17
1.963199999999999874e-11 -0.000000000000000000e+00 2.243998377183670277e-17
1.963499999999999863e-11 -0.000000000000000000e+00 1.748334661261100200e-29
1.963799999999999851e-11 -0.000000000000000000e+00 -2.217231320201180422e-17
1.964099999999999840e-11 0.000000000000000000e+00 -2.590919494938398045e-17
1.964399999999999829e-11 0.000000000000000000e+00 -8.368048534821701530e-18
1.964699999999999817e-11 0.000000000000000000e+00 1.582175826372183255e-17
1.964999999999999806e-11 0.000000000000000000e+00 2.675656096462390594e-17
1.965299999999999795e-11 -0.000000000000000000e+00 1.563303178814598945e-17
1.965599999999999783e-11 -0.000000000000000000e+00 -8.169606203080194705e-18
1.965899999999999772e-11 -0.000000000000000000e+00 -2.499305341987643044e-17
1.966199999999999760e-11 0.000000000000000000e+00 -2.113318085051817640e-17
1.966499999999999749e-11 0.000000000000000000e+00 -1.101074971459546662e-29
1.966799999999999738e-11 0.000000000000000000e+00 2.088109820117976078e-17
1.967100000000000049e-11 -0.000000000000000000e+00 2.440036089704889459e-17
1.967400000000000038e-11 -0.000000000000000000e+00 7.880731325402834114e-18
1.967700000000000027e-11 -0.000000000000000000e+00 -1.490037079172010431e-17
1.968000000000000015e-11 -0.000000000000000000e+00 -2.519838015716859810e-17
1.968300000000000004e-11 0.000000000000000000e+00 -1.472263489047059414e-17
1.968599999999999993e-11 0.000000000000000000e+00 7.693845375411200521e-18
1.968899999999999981e-11 0.000000000000000000e+00 2.353757129681649657e-17
1.969199999999999970e-11 -0.000000000000000000e+00 1.990248020684148713e-17
1.969499999999999958e-11 -0.000000000000000000e+00 1.351450333912096236e-29
1.969799999999999947e-11 -0.000000000000000000e+00 -1.966507770815857561e-17
1.970099999999999936e-11 0.000000000000000000e+00 -2.297939449949774519e-17
1.970399999999999924e-11 0.000000000000000000e+00 -7.421793260975425514e-18
1.970699999999999913e-11 0.000000000000000000e+00 1.403264074889204650e-17
1.970999999999999902e-11 0.000000000000000000e+00 2.373094073579389271e-17
1.971299999999999890e-11 -0.000000000000000000e+00 1.386525538075912961e-17
1.971599999999999879e-11 -0.000000000000000000e+00 -7.245790701438685527e-18
1.971899999999999867e-11 -0.000000000000000000e+00 -2.216684985405088567e-17
1.972199999999999856e-11 0.000000000000000000e+00 -1.874344998916823894e-17
1.972499999999999845e-11 0.000000000000000000e+00 -1.601285111991203663e-29
1.972799999999999833e-11 0.000000000000000000e+00 1.851987273572105079e-17
1.973099999999999822e-11 -0.000000000000000000e+00 2.164117874286943316e-17
1.973399999999999811e-11 -0.000000000000000000e+00 6.989581668782513708e-18
1.973699999999999799e-11 -0.000000000000000000e+00 -1.321544336983636766e-17
1.973999999999999788e-11 -0.000000000000000000e+00 -2.234895833356182418e-17
1.974299999999999776e-11 0.000000000000000000e+00 -1.305780576668669138e-17
1.974599999999999765e-11 0.000000000000000000e+00 6.823828700392100709e-18
1.974899999999999754e-11 0.000000000000000000e+00 2.087595301383432333e-17
1.975199999999999742e-11 -0.000000000000000000e+00 1.765191643680740016e-17
1.975500000000000054e-11 -0.000000000000000000e+00 1.118850657621560423e-29
1.975800000000000043e-11 -0.000000000000000000e+00 -1.744135930899863799e-17
1.976100000000000031e-11 0.000000000000000000e+00 -2.038089460499045266e-17
1.976400000000000020e-11 0.000000000000000000e+00 -6.582540120246002252e-18
1.976700000000000009e-11 0.000000000000000000e+00 1.244583586130564169e-17
1.976999999999999997e-11 0.000000000000000000e+00 2.104745632109970374e-17
1.977299999999999986e-11 -0.000000000000000000e+00 1.229737835749446171e-17
1.977599999999999974e-11 -0.000000000000000000e+00 -6.426439853285234951e-18
1.977899999999999963e-11 -0.000000000000000000e+00 -1.966023215319955126e-17
1.978199999999999952e-11 0.000000000000000000e+00 -1.662394884997655210e-17
1.978499999999999940e-11 0.000000000000000000e+00 -1.048108302555800376e-29
1.978799999999999929e-11 0.000000000000000000e+00 1.642565361471321073e-17
1.979099999999999918e-11 -0.000000000000000000e+00 1.919400370169817985e-17
1.979399999999999906e-11 -0.000000000000000000e+00 6.199202826144557672e-18
1.979699999999999895e-11 -0.000000000000000000e+00 -1.172104680498674299e-17
1.979999999999999883e-11 -0.000000000000000000e+00 -1.982174788537532836e-17
1.980299999999999872e-11 0.000000000000000000e+00 -1.158123479315709103e-17
1.980599999999999861e-11 0.000000000000000000e+00 6.052193131033985249e-18
1.980899999999999849e-11 0.000000000000000000e+00 1.851530936391579886e-17
1.981199999999999838e-11 -0.000000000000000000e+00 1.565584543502855116e-17
1.981499999999999827e-11 -0.000000000000000000e+00 1.197934971548086532e-29
1.981799999999999815e-11 -0.000000000000000000e+00 -1.546909801527631743e-17
1.982099999999999804e-11 0.000000000000000000e+00 -1.807623194374495676e-17
1.982399999999999792e-11 0.000000000000000000e+00 -5.838189358158864158e-18
1.982699999999999781e-11 0.000000000000000000e+00 1.103846617741754305e-17
1.982999999999999770e-11 0.000000000000000000e+00 1.866741915209496608e-17
1.983299999999999758e-11 -0.000000000000000000e+00 1.090679618330615720e-17
1.983599999999999747e-11 -0.000000000000000000e+00 -5.699740841211436205e-18
1.983899999999999736e-11 -0.000000000000000000e+00 -1.743706168727632823e-17
1.984200000000000047e-11 0.000000000000000000e+00 -1.474411997398493376e-17
1.984500000000000036e-11 0.000000000000000000e+00 -8.917946210822070647e-30
1.984800000000000025e-11 0.000000000000000000e+00 1.456824787732668472e-17
1.985100000000000013e-11 -0.000000000000000000e+00 1.702355414546070642e-17
1.985400000000000002e-11 -0.000000000000000000e+00 5.498199677861364472e-18
1.985699999999999990e-11 -0.000000000000000000e+00 -1.039563595106214759e-17
1.985999999999999979e-11 -0.000000000000000000e+00 -1.758031329099474280e-17
1.986299999999999968e-11 0.000000000000000000e+00 -1.027163382047023600e-17
1.986599999999999956e-11 0.000000000000000000e+00 5.367813774874056881e-18
1.986899999999999945e-11 0.000000000000000000e+00 1.642160626699805215e-17
1.987199999999999934e-11 -0.000000000000000000e+00 1.388548927041229519e-17
1.987499999999999922e-11 -0.000000000000000000e+00 1.109618324498654141e-29
1.987799999999999911e-11 -0.000000000000000000e+00 -1.371985916732937311e-17
1.988099999999999899e-11 0.000000000000000000e+00 -1.603217952974806192e-17
1.988399999999999888e-11 0.000000000000000000e+00 -5.178009455177840582e-18
1.988699999999999877e-11 0.000000000000000000e+00 9.790241242761188153e-18
1.988999999999999865e-11 0.000000000000000000e+00 1.655651554675897887e-17
1.989299999999999854e-11 -0.000000000000000000e+00 9.673460434085808985e-18
1.989599999999999843e-11 -0.000000000000000000e+00 -5.055216636058861193e-18
1.989899999999999831e-11 -0.000000000000000000e+00 -1.546528636674239737e-17
1.990199999999999820e-11 0.000000000000000000e+00 -1.307686132633889194e-17
1.990499999999999808e-11 0.000000000000000000e+00 -1.090030090731569168e-29
1.990799999999999797e-11 0.000000000000000000e+00 1.292087676956062479e-17
1.991099999999999786e-11 -0.000000000000000000e+00 1.509853807717035517e-17
1.991399999999999774e-11 -0.000000000000000000e+00 4.876465659448109204e-18
1.991699999999999763e-11 -0.000000000000000000e+00 -9.220101977667487733e-18
1.991999999999999752e-11 -0.000000000000000000e+00 -1.559233914167249530e-17
1.992299999999999740e-11 0.000000000000000000e+00 -9.110121953848992176e-18
1.992600000000000052e-11 0.000000000000000000e+00 4.760823737428597525e-18
1.992900000000000041e-11 0.000000000000000000e+00 1.456465820192260864e-17
1.993200000000000029e-11 -0.000000000000000000e+00 1.231532420774309287e-17
1.993500000000000018e-11 -0.000000000000000000e+00 6.974916377572974813e-30
1.993800000000000006e-11 -0.000000000000000000e+00 -1.216842348438670394e-17
1.994099999999999995e-11 0.000000000000000000e+00 -1.421926767005020860e-17
1.994399999999999984e-11 0.000000000000000000e+00 -4.592482407308625713e-18
1.994699999999999972e-11 0.000000000000000000e+00 8.683165038598217112e-18
1.994999999999999961e-11 0.000000000000000000e+00 1.468431199924547154e-17
1.995299999999999950e-11 -0.000000000000000000e+00 8.579589752763463117e-18
1.995599999999999938e-11 -0.000000000000000000e+00 -4.483574946554927550e-18
1.995899999999999927e-11 -0.000000000000000000e+00 -1.371647853834750839e-17
1.996199999999999915e-11 0.000000000000000000e+00 -1.159813555844585739e-17
1.996499999999999904e-11 0.000000000000000000e+00 -9.480842939285837182e-30
1.996799999999999893e-11 0.000000000000000000e+00 1.145978966722732706e-17
1.997099999999999881e-11 -0.000000000000000000e+00 1.339120198519521227e-17
1.997399999999999870e-11 -0.000000000000000000e+00 4.325037052315331754e-18
1.997699999999999859e-11 -0.000000000000000000e+00 -8.177496872608516164e-18
1.997999999999999847e-11 -0.000000000000000000e+00 -1.382916424097469754e-17
1.998299999999999836e-11 0.000000000000000000e+00 -8.079953341856178154e-18
1.998599999999999824e-11 0.000000000000000000e+00 4.222471868331954564e-18
1.998899999999999813e-11 0.000000000000000000e+00 1.291769301308528783e-17
1.999199999999999802e-11 -0.000000000000000000e+00 1.092271272464606827e-17
1.999499999999999790e-11 -0.000000000000000000e+00 7.080754318138096190e-30
1.999799999999999779e-11 -0.000000000000000000e+00 -1.079242347093174651e-17
2.000099999999999767e-11 0.000000000000000000e+00 -1.261135909171948518e-17
2.000399999999999756e-11 0.000000000000000000e+00 -4.073166502305406133e-18
2.000699999999999745e-11 0.000000000000000000e+00 7.701276528122126206e-18
2.000999999999999733e-11 0.000000000000000000e+00 1.302381641126232986e-17
2.001300000000000045e-11 -0.000000000000000000e+00 7.609413490373383314e-18
2.001600000000000034e-11 -0.000000000000000000e+00 -3.976574249655468028e-18
2.001900000000000022e-11 -0.000000000000000000e+00 -1.216542513545422301e-17
2.002200000000000011e-11 0.000000000000000000e+00 -1.028662345460017409e-17
2.002500000000000000e-11 0.000000000000000000e+00 -5.122195933769531132e-30
2.002799999999999988e-11 0.000000000000000000e+00 1.016392165634636406e-17
2.003099999999999977e-11 -0.000000000000000000e+00 1.187693071287655744e-17
2.003399999999999965e-11 -0.000000000000000000e+00 3.835963751254985083e-18
2.003699999999999954e-11 -0.000000000000000000e+00 -7.252789097509162487e-18
2.003999999999999943e-11 -0.000000000000000000e+00 -1.226536838803877768e-17
2.004299999999999931e-11 0.000000000000000000e+00 -7.166275746612373244e-18
2.004599999999999920e-11 0.000000000000000000e+00 3.744996593487502858e-18
2.004899999999999909e-11 0.000000000000000000e+00 1.145696592854361835e-17
2.005199999999999897e-11 -0.000000000000000000e+00 9.687577139879214528e-18
2.005499999999999886e-11 -0.000000000000000000e+00 7.390053377295853982e-30
2.005799999999999874e-11 -0.000000000000000000e+00 -9.572020938073932201e-18
2.006099999999999863e-11 0.000000000000000000e+00 -1.118527211322488053e-17
2.006399999999999852e-11 0.000000000000000000e+00 -3.612574613048586077e-18
2.006699999999999840e-11 0.000000000000000000e+00 6.830419541599111496e-18
2.006999999999999829e-11 0.000000000000000000e+00 1.155108893920031536e-17
2.007299999999999818e-11 -0.000000000000000000e+00 6.748944336045494667e-18
2.007599999999999806e-11 -0.000000000000000000e+00 -3.526904970139697236e-18
2.007899999999999795e-11 -0.000000000000000000e+00 -1.078976417398568393e-17
2.008199999999999783e-11 0.000000000000000000e+00 -9.123416566700137767e-18
2.008499999999999772e-11 0.000000000000000000e+00 -6.776702107310807399e-30
2.008799999999999761e-11 0.000000000000000000e+00 9.014589834204376359e-18
2.009099999999999749e-11 -0.000000000000000000e+00 1.053389257472415018e-17
2.009399999999999738e-11 -0.000000000000000000e+00 3.402194645495232258e-18
2.009700000000000050e-11 -0.000000000000000000e+00 -6.432646873779623701e-18
2.010000000000000038e-11 -0.000000000000000000e+00 -1.087840588721605793e-17
2.010300000000000027e-11 0.000000000000000000e+00 -6.355916414820963285e-18
2.010600000000000016e-11 0.000000000000000000e+00 3.321514014200455127e-18
2.010900000000000004e-11 0.000000000000000000e+00 1.016141722479761525e-17
2.011199999999999993e-11 -0.000000000000000000e+00 8.592110147632403745e-18
2.011499999999999981e-11 -0.000000000000000000e+00 5.767134290673361665e-30
2.011799999999999970e-11 -0.000000000000000000e+00 -8.489620990662817788e-18
2.012099999999999959e-11 0.000000000000000000e+00 -9.920446427461442953e-18
2.012399999999999947e-11 0.000000000000000000e+00 -3.204066253477652538e-18
2.012699999999999936e-11 0.000000000000000000e+00 6.058038682797121678e-18
2.012999999999999925e-11 0.000000000000000000e+00 1.024489684651445831e-17
2.013299999999999913e-11 -0.000000000000000000e+00 5.985776657905084915e-18
2.013599999999999902e-11 -0.000000000000000000e+00 -3.128084096376512339e-18
2.013899999999999890e-11 -0.000000000000000000e+00 -9.569662353266902556e-18
2.014199999999999879e-11 0.000000000000000000e+00 -8.091744605690709416e-18
2.014499999999999868e-11 0.000000000000000000e+00 -6.334005904235969117e-30
2.014799999999999856e-11 0.000000000000000000e+00 7.995223952578835648e-18
2.015099999999999845e-11 -0.000000000000000000e+00 9.342724602706811714e-18
2.015399999999999834e-11 -0.000000000000000000e+00 3.017475960780243680e-18
2.015699999999999822e-11 -0.000000000000000000e+00 -5.705245974539832604e-18
2.015999999999999811e-11 -0.000000000000000000e+00 -9.648280500276984937e-18
2.016299999999999799e-11 0.000000000000000000e+00 -5.637192162371653421e-18
2.016599999999999788e-11 0.000000000000000000e+00 2.945918660036708423e-18
2.016899999999999777e-11 0.000000000000000000e+00 9.012368602683365349e-18
2.017199999999999765e-11 -0.000000000000000000e+00 7.620518084460549229e-18
2.017499999999999754e-11 -0.000000000000000000e+00 4.871619177138640141e-30
2.017799999999999743e-11 -0.000000000000000000e+00 -7.529618356602406740e-18
2.018099999999999731e-11 0.000000000000000000e+00 -8.798646677873281309e-18
2.018400000000000043e-11 0.000000000000000000e+00 -2.841751840804255226e-18
2.018700000000000032e-11 0.000000000000000000e+00 5.372998314196730401e-18
2.019000000000000020e-11 -0.000000000000000000e+00 9.086408385232661470e-18
2.019300000000000009e-11 -0.000000000000000000e+00 5.308907647519295499e-18
2.019599999999999997e-11 -0.000000000000000000e+00 -2.774361712847431480e-18
2.019899999999999986e-11 -0.000000000000000000e+00 -8.487529113595194008e-18
2.020199999999999975e-11 0.000000000000000000e+00 -7.176733659481757727e-18
2.020499999999999963e-11 0.000000000000000000e+00 -4.537463836496134666e-30
2.020799999999999952e-11 0.000000000000000000e+00 7.091127519672733836e-18
2.021099999999999941e-11 -0.000000000000000000e+00 8.286253384760105862e-18
2.021399999999999929e-11 -0.000000000000000000e+00 2.676261096918280173e-18
2.021699999999999918e-11 -0.000000000000000000e+00 -5.060099251317284201e-18
2.021999999999999906e-11 -0.000000000000000000e+00 -8.557257154874717383e-18
2.022299999999999895e-11 0.000000000000000000e+00 -4.999740934509479930e-18
2.022599999999999884e-11 0.000000000000000000e+00 2.612795464491769395e-18
2.022899999999999872e-11 0.000000000000000000e+00 7.993253896946964386e-18
2.023199999999999861e-11 -0.000000000000000000e+00 6.758793227481251737e-18
2.023499999999999850e-11 -0.000000000000000000e+00 6.135818133207793312e-30
2.023799999999999838e-11 -0.000000000000000000e+00 -6.678172401149733510e-18
2.024099999999999827e-11 0.000000000000000000e+00 -7.803699554059367280e-18
2.024399999999999815e-11 0.000000000000000000e+00 -2.520407783689480314e-18
2.024699999999999804e-11 0.000000000000000000e+00 4.765422011306161079e-18
2.024999999999999793e-11 0.000000000000000000e+00 8.058921293220342726e-18
2.025299999999999781e-11 -0.000000000000000000e+00 4.708578689229417327e-18
2.025599999999999770e-11 -0.000000000000000000e+00 -2.460638101969043997e-18
2.025899999999999759e-11 -0.000000000000000000e+00 -7.527763028078683161e-18
2.026199999999999747e-11 0.000000000000000000e+00 -6.365191751469732240e-18
2.026499999999999736e-11 0.000000000000000000e+00 -3.557018678016192243e-30
2.026800000000000048e-11 0.000000000000000000e+00 6.289265916565244048e-18
2.027100000000000036e-11 -0.000000000000000000e+00 7.349247470759585642e-18
2.027400000000000025e-11 -0.000000000000000000e+00 2.373630660846268344e-18
2.027700000000000013e-11 -0.000000000000000000e+00 -4.487905437811774701e-18
2.028000000000000002e-11 -0.000000000000000000e+00 -7.589606252902273656e-18
2.028299999999999991e-11 0.000000000000000000e+00 -4.434372413106006413e-18
2.028599999999999979e-11 0.000000000000000000e+00 2.317341694421693567e-18
2.028899999999999968e-11 0.000000000000000000e+00 7.089380237072077588e-18
2.029199999999999957e-11 -0.000000000000000000e+00 5.994511840997672296e-18
2.029499999999999945e-11 -0.000000000000000000e+00 3.704910902927042561e-30
2.029799999999999934e-11 -0.000000000000000000e+00 -5.923007582501380144e-18
2.030099999999999922e-11 0.000000000000000000e+00 -6.921260616495931211e-18
2.030399999999999911e-11 0.000000000000000000e+00 -2.235401172214638752e-18
2.030699999999999900e-11 0.000000000000000000e+00 4.226550171409855125e-18
2.030999999999999888e-11 0.000000000000000000e+00 7.147621992852781970e-18
2.031299999999999877e-11 -0.000000000000000000e+00 4.176134667369139817e-18
2.031599999999999866e-11 -0.000000000000000000e+00 -2.182390220000724276e-18
2.031899999999999854e-11 -0.000000000000000000e+00 -6.676526872367040800e-18
2.032199999999999843e-11 0.000000000000000000e+00 -5.645418648003216717e-18
2.032499999999999831e-11 0.000000000000000000e+00 -4.668449550119917735e-30
2.032799999999999820e-11 0.000000000000000000e+00 5.578078473349827395e-18
2.033099999999999809e-11 -0.000000000000000000e+00 6.518197776309519270e-18
2.033399999999999797e-11 -0.000000000000000000e+00 2.105221542324714161e-18
2.033699999999999786e-11 -0.000000000000000000e+00 -3.980415050848290319e-18
2.033999999999999775e-11 -0.000000000000000000e+00 -6.731376892335713533e-18
2.034299999999999763e-11 0.000000000000000000e+00 -3.932935517199691171e-18
2.034599999999999752e-11 0.000000000000000000e+00 2.055297707638473394e-18
2.034899999999999740e-11 0.000000000000000000e+00 6.287716215917942735e-18
2.035199999999999729e-11 -0.000000000000000000e+00 5.316655059924341094e-18
2.035500000000000041e-11 -0.000000000000000000e+00 3.644148159382771382e-30
2.035800000000000029e-11 -0.000000000000000000e+00 -5.253236471751181988e-18
2.036100000000000018e-11 0.000000000000000000e+00 -6.138607488615931349e-18
2.036400000000000007e-11 0.000000000000000000e+00 -1.982622983898533186e-18
2.036699999999999995e-11 0.000000000000000000e+00 3.748613723834028484e-18
2.036999999999999984e-11 0.000000000000000000e+00 6.339372019390154194e-18
2.037299999999999972e-11 -0.000000000000000000e+00 3.703899182972417095e-18
2.037599999999999961e-11 -0.000000000000000000e+00 -1.935606487010572263e-18
2.037899999999999950e-11 -0.000000000000000000e+00 -5.921548129393610348e-18
2.038199999999999938e-11 0.000000000000000000e+00 -5.007037172738004146e-18
2.038499999999999927e-11 0.000000000000000000e+00 -4.073541746993489588e-30
2.038799999999999916e-11 0.000000000000000000e+00 4.947311795625844967e-18
2.039099999999999904e-11 -0.000000000000000000e+00 5.781122818373140828e-18
2.039399999999999893e-11 -0.000000000000000000e+00 1.867164009705246922e-18
2.039699999999999881e-11 -0.000000000000000000e+00 -3.530311455213456884e-18
2.039999999999999870e-11 -0.000000000000000000e+00 -5.970195733057996580e-18
2.040299999999999859e-11 0.000000000000000000e+00 -3.488200886495555950e-18
2.040599999999999847e-11 0.000000000000000000e+00 1.822885540441836280e-18
2.040899999999999836e-11 0.000000000000000000e+00 5.576704012175177642e-18
2.041199999999999825e-11 -0.000000000000000000e+00 4.715450027622849572e-18
2.041499999999999813e-11 -0.000000000000000000e+00 3.746382204124942782e-30
2.041799999999999802e-11 -0.000000000000000000e+00 -4.659202785703794909e-18
2.042099999999999790e-11 0.000000000000000000e+00 -5.444456434638536277e-18
2.042399999999999779e-11 0.000000000000000000e+00 -1.758428842724862491e-18
2.042699999999999768e-11 0.000000000000000000e+00 3.324722121026901955e-18
2.042999999999999756e-11 0.000000000000000000e+00 5.622518599950116664e-18
2.043299999999999745e-11 -0.000000000000000000e+00 3.285063880917919018e-18
2.043599999999999734e-11 -0.000000000000000000e+00 -1.716728950772566542e-18
2.043900000000000045e-11 -0.000000000000000000e+00 -5.251942052963739133e-18
2.044200000000000034e-11 0.000000000000000000e+00 -4.440843595903370082e-18
2.044500000000000023e-11 0.000000000000000000e+00 -2.671440777228571610e-30
2.044800000000000011e-11 0.000000000000000000e+00 4.387871938352994850e-18
2.045100000000000000e-11 -0.000000000000000000e+00 5.127395974786663280e-18
2.045399999999999988e-11 -0.000000000000000000e+00 1.656025918909341679e-18
2.045699999999999977e-11 -0.000000000000000000e+00 -3.131105377606220899e-18
2.045999999999999966e-11 -0.000000000000000000e+00 -5.295088606850567772e-18
2.046299999999999954e-11 0.000000000000000000e+00 -3.093756653607093022e-18
2.046599999999999943e-11 0.000000000000000000e+00 1.616754439614622485e-18
2.046899999999999932e-11 0.000000000000000000e+00 4.946092757920740775e-18
2.047199999999999920e-11 -0.000000000000000000e+00 4.182228997816939607e-18
2.047499999999999909e-11 -0.000000000000000000e+00 3.273900862042795538e-30
2.047799999999999897e-11 -0.000000000000000000e+00 -4.132342169450069073e-18
2.048099999999999886e-11 0.000000000000000000e+00 -4.828799678697277697e-18
2.048399999999999875e-11 0.000000000000000000e+00 -1.559586477126181113e-18
2.048699999999999863e-11 0.000000000000000000e+00 2.948763995543788599e-18
2.048999999999999852e-11 0.000000000000000000e+00 4.986726652118260071e-18
2.049299999999999841e-11 -0.000000000000000000e+00 2.913590291908482674e-18
2.049599999999999829e-11 -0.000000000000000000e+00 -1.522601990743158774e-18
2.049899999999999818e-11 -0.000000000000000000e+00 -4.658054739227694525e-18
2.050199999999999806e-11 0.000000000000000000e+00 -3.938674941472127945e-18
2.050499999999999795e-11 0.000000000000000000e+00 -3.464695346787128723e-30
2.050799999999999784e-11 0.000000000000000000e+00 3.891693295822655543e-18
2.051099999999999772e-11 -0.000000000000000000e+00 4.547592277180084530e-18
2.051399999999999761e-11 -0.000000000000000000e+00 1.468763231214670246e-18
2.051699999999999750e-11 -0.000000000000000000e+00 -2.777041348913729917e-18
2.051999999999999738e-11 -0.000000000000000000e+00 -4.696322299644088855e-18
2.052300000000000050e-11 0.000000000000000000e+00 -2.743916002313820692e-18
2.052600000000000039e-11 0.000000000000000000e+00 1.433932553647680376e-18
2.052900000000000027e-11 0.000000000000000000e+00 4.386790748898758575e-18
2.053200000000000016e-11 -0.000000000000000000e+00 3.709304369194486750e-18
2.053500000000000004e-11 -0.000000000000000000e+00 2.044627896375452491e-30
2.053799999999999993e-11 -0.000000000000000000e+00 -3.665058721593831748e-18
2.054099999999999982e-11 0.000000000000000000e+00 -4.282761119849339136e-18
2.054399999999999970e-11 0.000000000000000000e+00 -1.383229119389771580e-18
2.054699999999999959e-11 0.000000000000000000e+00 2.615319050704333807e-18
2.054999999999999948e-11 0.000000000000000000e+00 4.422829780085593950e-18
2.055299999999999936e-11 -0.000000000000000000e+00 2.584122774113362866e-18
2.055599999999999925e-11 -0.000000000000000000e+00 -1.350426822577168492e-18
2.055899999999999913e-11 -0.000000000000000000e+00 -4.131323943568314717e-18
2.056199999999999902e-11 0.000000000000000000e+00 -3.493291299176872930e-18
2.056499999999999891e-11 0.000000000000000000e+00 -2.637654253888429071e-30
2.056799999999999879e-11 0.000000000000000000e+00 3.451622317500275525e-18
2.057099999999999868e-11 -0.000000000000000000e+00 4.033352528487980306e-18
2.057399999999999857e-11 -0.000000000000000000e+00 1.302676126463113488e-18
2.057699999999999845e-11 -0.000000000000000000e+00 -2.463014725959835649e-18
2.057999999999999834e-11 -0.000000000000000000e+00 -4.165264224964720153e-18
2.058299999999999822e-11 0.000000000000000000e+00 -2.433635179087728244e-18
2.058599999999999811e-11 0.000000000000000000e+00 1.271784086703527176e-18
2.058899999999999800e-11 0.000000000000000000e+00 3.890734366799740433e-18
2.059199999999999788e-11 -0.000000000000000000e+00 3.289857851043079773e-18
2.059499999999999777e-11 -0.000000000000000000e+00 2.385739285940928870e-30
2.059799999999999766e-11 -0.000000000000000000e+00 -3.250615481949621808e-18
2.060099999999999754e-11 0.000000000000000000e+00 -3.798468362772038211e-18
2.060399999999999743e-11 0.000000000000000000e+00 -1.226814174649316417e-18
2.060699999999999731e-11 0.000000000000000000e+00 2.319579914605165007e-18
2.061000000000000043e-11 0.000000000000000000e+00 3.922698120079067457e-18
2.061300000000000032e-11 -0.000000000000000000e+00 2.291911299347324897e-18
2.061600000000000020e-11 -0.000000000000000000e+00 -1.197721147234763833e-18
2.061900000000000009e-11 -0.000000000000000000e+00 -3.664155636249655341e-18
2.062199999999999998e-11 0.000000000000000000e+00 -3.098271444646064347e-18
2.062499999999999986e-11 0.000000000000000000e+00 -2.141866835510081836e-30
2.062799999999999975e-11 0.000000000000000000e+00 3.061314373220140815e-18
2.063099999999999964e-11 -0.000000000000000000e+00 3.577262786000775503e-18
2.063399999999999952e-11 -0.000000000000000000e+00 1.155370078983591920e-18
2.063699999999999941e-11 -0.000000000000000000e+00 -2.184498096389130235e-18
2.063999999999999929e-11 -0.000000000000000000e+00 -3.694257965448107430e-18
2.064299999999999918e-11 0.000000000000000000e+00 -2.158440775846890963e-18
2.064599999999999907e-11 0.000000000000000000e+00 1.127971297588778347e-18
2.064899999999999895e-11 0.000000000000000000e+00 3.450771823752409167e-18
2.065199999999999884e-11 -0.000000000000000000e+00 2.917842161984821823e-18
2.065499999999999873e-11 -0.000000000000000000e+00 2.689327760173352934e-30
2.065799999999999861e-11 -0.000000000000000000e+00 -2.883037302849958891e-18
2.066099999999999850e-11 0.000000000000000000e+00 -3.368939219166311047e-18
2.066399999999999838e-11 0.000000000000000000e+00 -1.088086563551437306e-18
2.066699999999999827e-11 0.000000000000000000e+00 2.057282830861406481e-18
2.066999999999999816e-11 0.000000000000000000e+00 3.479121129770085633e-18
2.067299999999999804e-11 -0.000000000000000000e+00 2.032742970534552764e-18
2.067599999999999793e-11 -0.000000000000000000e+00 -1.062283362970403860e-18
2.067899999999999782e-11 -0.000000000000000000e+00 -3.249814517102069631e-18
2.068199999999999770e-11 0.000000000000000000e+00 -2.747920262753886697e-18
2.068499999999999759e-11 0.000000000000000000e+00 -1.923910635923673490e-30
2.068799999999999747e-11 0.000000000000000000e+00 2.715142280825018825e-18
2.069099999999999736e-11 -0.000000000000000000e+00 3.172747472411812744e-18
2.069400000000000048e-11 -0.000000000000000000e+00 1.024721335021713953e-18
2.069700000000000036e-11 -0.000000000000000000e+00 -1.937476005657707390e-18
2.070000000000000025e-11 -0.000000000000000000e+00 -3.276512888061184961e-18
2.070300000000000014e-11 0.000000000000000000e+00 -1.914365235541797017e-18
2.070600000000000002e-11 0.000000000000000000e+00 1.000420795862540092e-18
2.070899999999999991e-11 0.000000000000000000e+00 3.060560052934083594e-18
2.071199999999999980e-11 -0.000000000000000000e+00 2.587893844579025199e-18
2.071499999999999968e-11 -0.000000000000000000e+00 1.764504493843182279e-30
2.071799999999999957e-11 -0.000000000000000000e+00 -2.557024703715950468e-18
2.072099999999999945e-11 0.000000000000000000e+00 -2.987981043536474390e-18
2.072399999999999934e-11 0.000000000000000000e+00 -9.650462101307628324e-19
2.072699999999999923e-11 0.000000000000000000e+00 1.824646186798568597e-18
2.072999999999999911e-11 0.000000000000000000e+00 3.085703631807606953e-18
2.073299999999999900e-11 -0.000000000000000000e+00 1.802881283160190083e-18
2.073599999999999888e-11 -0.000000000000000000e+00 -9.421608242030566429e-19
2.073899999999999877e-11 -0.000000000000000000e+00 -2.882326910757894870e-18
2.074199999999999866e-11 0.000000000000000000e+00 -2.437186639505730519e-18
2.074499999999999854e-11 0.000000000000000000e+00 -1.972324736427548109e-30
2.074799999999999843e-11 0.000000000000000000e+00 2.408115177458382421e-18
2.075099999999999832e-11 -0.000000000000000000e+00 2.813974573824875221e-18
2.075399999999999820e-11 -0.000000000000000000e+00 9.088462939711633668e-19
2.075699999999999809e-11 -0.000000000000000000e+00 -1.718387065066753955e-18
2.075999999999999797e-11 -0.000000000000000000e+00 -2.906006241588701085e-18
2.076299999999999786e-11 0.000000000000000000e+00 -1.697889650743060944e-18
2.076599999999999775e-11 0.000000000000000000e+00 8.872936491672926305e-19
2.076899999999999763e-11 0.000000000000000000e+00 2.714473258747503359e-18
2.077199999999999752e-11 -0.000000000000000000e+00 2.295255938811704150e-18
2.077499999999999741e-11 -0.000000000000000000e+00 1.349857729949161023e-30
2.077799999999999729e-11 -0.000000000000000000e+00 -2.267877466916589859e-18
2.078100000000000041e-11 0.000000000000000000e+00 -2.650101452035945308e-18
2.078400000000000030e-11 0.000000000000000000e+00 -8.559192061410108152e-19
2.078700000000000018e-11 0.000000000000000000e+00 1.618315992850138365e-18
2.079000000000000007e-11 0.000000000000000000e+00 2.736773612702573228e-18
2.079299999999999995e-11 -0.000000000000000000e+00 1.599012255009184236e-18
2.079599999999999984e-11 -0.000000000000000000e+00 -8.356216896605055268e-19
2.079899999999999973e-11 -0.000000000000000000e+00 -2.556394642451144598e-18
2.080199999999999961e-11 0.000000000000000000e+00 -2.161590638671297943e-18
2.080499999999999950e-11 0.000000000000000000e+00 -1.296382275752763223e-30
2.080799999999999939e-11 0.000000000000000000e+00 2.135806564856746417e-18
2.081099999999999927e-11 -0.000000000000000000e+00 2.495771557927536049e-18
2.081399999999999916e-11 -0.000000000000000000e+00 8.060743519574542142e-19
2.081699999999999904e-11 -0.000000000000000000e+00 -1.524072606198109997e-18
2.081999999999999893e-11 -0.000000000000000000e+00 -2.577396324892511228e-18
2.082299999999999882e-11 0.000000000000000000e+00 -1.505893030534638357e-18
2.082599999999999870e-11 0.000000000000000000e+00 7.869588708155115759e-19
2.082899999999999859e-11 0.000000000000000000e+00 2.407521808105158771e-18
2.083199999999999848e-11 -0.000000000000000000e+00 2.035709399628737554e-18
2.083499999999999836e-11 -0.000000000000000000e+00 1.771314796979195477e-30
2.083799999999999825e-11 -0.000000000000000000e+00 -2.011426873378225351e-18
2.084099999999999813e-11 0.000000000000000000e+00 -2.350429137184630432e-18
2.084399999999999802e-11 0.000000000000000000e+00 -7.591322361058136955e-19
2.084699999999999791e-11 0.000000000000000000e+00 1.435317527124428626e-18
2.084999999999999779e-11 0.000000000000000000e+00 2.427300447774098870e-18
2.085299999999999768e-11 -0.000000000000000000e+00 1.418196647529263869e-18
2.085599999999999757e-11 -0.000000000000000000e+00 -7.411299539235300256e-19
2.085899999999999745e-11 -0.000000000000000000e+00 -2.267318652703992862e-18
2.086199999999999734e-11 0.000000000000000000e+00 -1.917158913254224504e-18
2.086500000000000046e-11 0.000000000000000000e+00 -1.394561937694118002e-30
2.086800000000000034e-11 0.000000000000000000e+00 1.894290491245992451e-18
2.087100000000000023e-11 -0.000000000000000000e+00 2.213550800103344529e-18
2.087400000000000011e-11 -0.000000000000000000e+00 7.149238162646107109e-19
2.087700000000000000e-11 -0.000000000000000000e+00 -1.351731141477903504e-18
2.087999999999999989e-11 -0.000000000000000000e+00 -2.285945474066847586e-18
2.088299999999999977e-11 0.000000000000000000e+00 -1.335607304291015041e-18
2.088599999999999966e-11 0.000000000000000000e+00 6.979699053822423823e-19
2.088899999999999955e-11 0.000000000000000000e+00 2.135280293450745359e-18
2.089199999999999943e-11 -0.000000000000000000e+00 1.805512269747897406e-18
2.089499999999999932e-11 -0.000000000000000000e+00 1.513715743340353332e-30
2.089799999999999920e-11 -0.000000000000000000e+00 -1.783975600961266256e-18
2.090099999999999909e-11 0.000000000000000000e+00 -2.084643636824556341e-18
2.090399999999999898e-11 0.000000000000000000e+00 -6.732898943731331169e-19
2.090699999999999886e-11 0.000000000000000000e+00 1.273012447984886147e-18
2.090999999999999875e-11 0.000000000000000000e+00 2.152822373183579080e-18
2.091299999999999864e-11 -0.000000000000000000e+00 1.257827589977670736e-18
2.091599999999999852e-11 -0.000000000000000000e+00 -6.573233023977656281e-19
2.091899999999999841e-11 -0.000000000000000000e+00 -2.010931249633099158e-18
2.092199999999999829e-11 0.000000000000000000e+00 -1.700367420599804528e-18
2.092499999999999818e-11 0.000000000000000000e+00 -1.521837758558983606e-30
2.092799999999999807e-11 0.000000000000000000e+00 1.680084949764892304e-18
2.093099999999999795e-11 -0.000000000000000000e+00 1.963243442323307772e-18
2.093399999999999784e-11 -0.000000000000000000e+00 6.340805433410192755e-19
2.093699999999999773e-11 -0.000000000000000000e+00 -1.198877974323699952e-18
2.093999999999999761e-11 -0.000000000000000000e+00 -2.027451758170934452e-18
2.094299999999999750e-11 0.000000000000000000e+00 -1.184577413604278993e-18
2.094599999999999738e-11 0.000000000000000000e+00 6.190437732972561267e-19
2.094899999999999727e-11 0.000000000000000000e+00 1.893823730380942473e-18
2.095200000000000039e-11 -0.000000000000000000e+00 1.601345730782742557e-18
2.095500000000000027e-11 -0.000000000000000000e+00 8.831730953028225157e-31
2.095800000000000016e-11 -0.000000000000000000e+00 -1.582244419097624516e-18
2.096100000000000005e-11 0.000000000000000000e+00 -1.848913044771935153e-18
2.096399999999999993e-11 0.000000000000000000e+00 -5.971545671541596667e-19
2.096699999999999982e-11 0.000000000000000000e+00 1.129060756313599262e-18
2.096999999999999971e-11 0.000000000000000000e+00 1.909382159398513664e-18
2.097299999999999959e-11 -0.000000000000000000e+00 1.115592995417557469e-18
2.097599999999999948e-11 -0.000000000000000000e+00 -5.829934704273930758e-19
2.097899999999999936e-11 -0.000000000000000000e+00 -1.783536022132944784e-18
2.098199999999999925e-11 0.000000000000000000e+00 -1.508090615257932826e-18
2.098499999999999914e-11 0.000000000000000000e+00 -1.206887737752374432e-30
2.098799999999999902e-11 0.000000000000000000e+00 1.490101677367486421e-18
2.099099999999999891e-11 -0.000000000000000000e+00 1.741240731247553094e-18
2.099399999999999880e-11 -0.000000000000000000e+00 5.623789924140031088e-19
2.099699999999999868e-11 -0.000000000000000000e+00 -1.063309376557621076e-18
2.099999999999999857e-11 -0.000000000000000000e+00 -1.798188398779965358e-18
2.100299999999999845e-11 0.000000000000000000e+00 -1.050625916999440026e-18
2.100599999999999834e-11 0.000000000000000000e+00 5.490425737595456955e-19
2.100899999999999823e-11 0.000000000000000000e+00 1.679670970014698947e-18
2.101199999999999811e-11 -0.000000000000000000e+00 1.420266254881169463e-18
2.101499999999999800e-11 -0.000000000000000000e+00 1.037491384456798061e-30
2.101799999999999789e-11 -0.000000000000000000e+00 -1.403324911179248886e-18
2.102099999999999777e-11 0.000000000000000000e+00 -1.639838765121237589e-18
2.102399999999999766e-11 0.000000000000000000e+00 -5.296285894880727556e-19
2.102699999999999754e-11 0.000000000000000000e+00 1.001387059069907773e-18
2.102999999999999743e-11 0.000000000000000000e+00 1.693470058673727207e-18
2.103299999999999732e-11 -0.000000000000000000e+00 9.894422266942259179e-19
2.103600000000000043e-11 -0.000000000000000000e+00 -5.170688233949738872e-19
2.103900000000000032e-11 -0.000000000000000000e+00 -1.581854547651094159e-18
2.104200000000000021e-11 0.000000000000000000e+00 -1.337556387093464195e-18
2.104500000000000009e-11 0.000000000000000000e+00 -6.911596457948449908e-31
2.104799999999999998e-11 0.000000000000000000e+00 1.321601630444026499e-18
2.105099999999999987e-11 -0.000000000000000000e+00 1.544341989787721270e-18
2.105399999999999975e-11 -0.000000000000000000e+00 4.987854215520431779e-19
2.105699999999999964e-11 -0.000000000000000000e+00 -9.430708166222366771e-19
2.105999999999999952e-11 -0.000000000000000000e+00 -1.594850039945678918e-18
2.106299999999999941e-11 0.000000000000000000e+00 -9.318215971313089096e-19
2.106599999999999930e-11 0.000000000000000000e+00 4.869570792953114315e-19
2.106899999999999918e-11 0.000000000000000000e+00 1.489734510266588040e-18
2.107199999999999907e-11 -0.000000000000000000e+00 1.259663167033784287e-18
2.107499999999999896e-11 -0.000000000000000000e+00 9.280694224942233929e-31
2.107799999999999884e-11 -0.000000000000000000e+00 -1.244637543079076673e-18
2.108099999999999873e-11 0.000000000000000000e+00 -1.454406513707038746e-18
2.108399999999999861e-11 0.000000000000000000e+00 -4.697384198868220633e-19
2.108699999999999850e-11 0.000000000000000000e+00 8.881506477529591385e-19
2.108999999999999839e-11 0.000000000000000000e+00 1.501973204006277993e-18
2.109299999999999827e-11 -0.000000000000000000e+00 8.775565318062614750e-19
2.109599999999999816e-11 -0.000000000000000000e+00 -4.585989066579792873e-19
2.109899999999999805e-11 -0.000000000000000000e+00 -1.402979126225602835e-18
2.110199999999999793e-11 0.000000000000000000e+00 -1.186306094974923663e-18
2.110499999999999782e-11 0.000000000000000000e+00 -8.970321946807788277e-31
2.110799999999999770e-11 0.000000000000000000e+00 1.172155495239373091e-18
2.111099999999999759e-11 -0.000000000000000000e+00 1.369708472023237903e-18
2.111399999999999748e-11 -0.000000000000000000e+00 4.423829839112512388e-19
2.111699999999999736e-11 -0.000000000000000000e+00 -8.364287805337082248e-19
2.112000000000000048e-11 -0.000000000000000000e+00 -1.414505093927010133e-18
2.112300000000000037e-11 0.000000000000000000e+00 -8.264516178702166072e-19
2.112600000000000025e-11 0.000000000000000000e+00 4.318921854311120797e-19
2.112900000000000014e-11 0.000000000000000000e+00 1.321275982438281093e-18
2.113200000000000002e-11 -0.000000000000000000e+00 1.117221006222098663e-18
2.113499999999999991e-11 -0.000000000000000000e+00 7.617668547672444138e-31
2.113799999999999980e-11 -0.000000000000000000e+00 -1.103894473262303551e-18
2.114099999999999968e-11 0.000000000000000000e+00 -1.289942860301305970e-18
2.114399999999999957e-11 0.000000000000000000e+00 -4.166206045088065803e-19
2.114699999999999946e-11 0.000000000000000000e+00 7.877189603756907607e-19
2.114999999999999934e-11 0.000000000000000000e+00 1.332130730034706671e-18
2.115299999999999923e-11 -0.000000000000000000e+00 7.783228224336389533e-19
2.115599999999999911e-11 -0.000000000000000000e+00 -4.067407425710117330e-19
2.115899999999999900e-11 -0.000000000000000000e+00 -1.244330859337010672e-18
2.116199999999999889e-11 0.000000000000000000e+00 -1.052159119835482109e-18
2.116499999999999877e-11 0.000000000000000000e+00 -1.025261987969366195e-30
2.116799999999999866e-11 0.000000000000000000e+00 1.039608663737950432e-18
2.117099999999999855e-11 -0.000000000000000000e+00 1.214822436182120040e-18
2.117399999999999843e-11 -0.000000000000000000e+00 3.923585092871111567e-19
2.117699999999999832e-11 -0.000000000000000000e+00 -7.418457793134738910e-19
2.117999999999999820e-11 -0.000000000000000000e+00 -1.254553475644372747e-18
2.118299999999999809e-11 0.000000000000000000e+00 -7.329968298473090777e-19
2.118599999999999798e-11 0.000000000000000000e+00 3.830540057169948958e-19
2.118899999999999786e-11 0.000000000000000000e+00 1.171866671367947492e-18
2.119199999999999775e-11 -0.000000000000000000e+00 9.908861427481941007e-19
2.119499999999999764e-11 -0.000000000000000000e+00 8.424636470821999857e-31
2.119799999999999752e-11 -0.000000000000000000e+00 -9.790665683153657909e-19
2.120099999999999741e-11 0.000000000000000000e+00 -1.144076684998584721e-18
2.120399999999999729e-11 0.000000000000000000e+00 -3.695093284962786891e-19
2.120700000000000041e-11 0.000000000000000000e+00 6.986440443468337154e-19
2.121000000000000030e-11 -0.000000000000000000e+00 1.181493968846673439e-18
2.121300000000000018e-11 -0.000000000000000000e+00 6.903104175795779234e-19
2.121600000000000007e-11 -0.000000000000000000e+00 -3.607466770319620293e-19
2.121899999999999996e-11 -0.000000000000000000e+00 -1.103622469183859636e-18
2.122199999999999984e-11 0.000000000000000000e+00 -9.331814260602117505e-19
2.122499999999999973e-11 0.000000000000000000e+00 -5.895152090090010902e-31
2.122799999999999962e-11 0.000000000000000000e+00 9.220501700575732171e-19
2.123099999999999950e-11 -0.000000000000000000e+00 1.077450845632340099e-18
2.123399999999999939e-11 -0.000000000000000000e+00 3.479907804063465040e-19
2.123699999999999927e-11 -0.000000000000000000e+00 -6.579581825656938942e-19
2.123999999999999916e-11 -0.000000000000000000e+00 -1.112689116503551831e-18
2.124299999999999905e-11 0.000000000000000000e+00 -6.501098684403532000e-19
2.124599999999999893e-11 0.000000000000000000e+00 3.397384260368838686e-19
2.124899999999999882e-11 0.000000000000000000e+00 1.039352499943989637e-18
2.125199999999999871e-11 -0.000000000000000000e+00 8.788371704632365610e-19
2.125499999999999859e-11 -0.000000000000000000e+00 7.961761101062049277e-31
2.125799999999999848e-11 -0.000000000000000000e+00 -8.683541483454057569e-19
2.126099999999999836e-11 0.000000000000000000e+00 -1.014704993096926226e-18
2.126399999999999825e-11 0.000000000000000000e+00 -3.277253750011241489e-19
2.126699999999999814e-11 0.000000000000000000e+00 6.196416809218236553e-19
2.126999999999999802e-11 0.000000000000000000e+00 1.047891146828188124e-18
2.127299999999999791e-11 -0.000000000000000000e+00 6.122504170301868864e-19
2.127599999999999780e-11 -0.000000000000000000e+00 -3.199536003373550228e-19
2.127899999999999768e-11 -0.000000000000000000e+00 -9.788253223393873552e-19
2.128199999999999757e-11 0.000000000000000000e+00 -8.276576779376623822e-19
2.128499999999999745e-11 0.000000000000000000e+00 -4.941345286580796916e-31
2.128799999999999734e-11 0.000000000000000000e+00 8.177851395026228705e-19
2.129100000000000046e-11 -0.000000000000000000e+00 9.556131745494493975e-19
2.129400000000000034e-11 -0.000000000000000000e+00 3.086401349313742817e-19
2.129700000000000023e-11 -0.000000000000000000e+00 -5.835565586229544755e-19
2.130000000000000012e-11 -0.000000000000000000e+00 -9.868667171397522614e-19
2.130300000000000000e-11 0.000000000000000000e+00 -5.765957284310411387e-19
2.130599999999999989e-11 0.000000000000000000e+00 3.013209531904931637e-19
2.130899999999999978e-11 0.000000000000000000e+00 9.218229731534896392e-19
2.131199999999999966e-11 -0.000000000000000000e+00 7.794586470303862353e-19
2.131499999999999955e-11 -0.000000000000000000e+00 4.629648046746738383e-31
2.131799999999999943e-11 -0.000000000000000000e+00 -7.701610404758109647e-19
2.132099999999999932e-11 0.000000000000000000e+00 -8.999625956165785040e-19
2.132399999999999921e-11 0.000000000000000000e+00 -2.906663327191713245e-19
2.132699999999999909e-11 0.000000000000000000e+00 5.495728702514241425e-19
2.132999999999999898e-11 0.000000000000000000e+00 9.293960735769220732e-19
2.133299999999999887e-11 -0.000000000000000000e+00 5.430174072526952171e-19
2.133599999999999875e-11 -0.000000000000000000e+00 -2.837733869403794887e-19
2.133899999999999864e-11 -0.000000000000000000e+00 -8.681401823590344582e-19
2.134199999999999852e-11 0.000000000000000000e+00 -7.340665091688648110e-19
2.134499999999999841e-11 0.000000000000000000e+00 -6.163191841921806779e-31
2.134799999999999830e-11 0.000000000000000000e+00 7.253103530683392378e-19
2.135099999999999818e-11 -0.000000000000000000e+00 8.475528541041188707e-19
2.135399999999999807e-11 -0.000000000000000000e+00 2.737392432619840473e-19
2.135699999999999796e-11 -0.000000000000000000e+00 -5.175682378228401568e-19
2.135999999999999784e-11 -0.000000000000000000e+00 -8.752722597471934092e-19
2.136299999999999773e-11 0.000000000000000000e+00 -5.113945352694484891e-19
2.136599999999999761e-11 0.000000000000000000e+00 2.672477113955743110e-19
2.136899999999999750e-11 0.000000000000000000e+00 8.175836339251366402e-19
2.137199999999999739e-11 -0.000000000000000000e+00 6.913178036272040589e-19
2.137499999999999727e-11 -0.000000000000000000e+00 4.924551397038196634e-31
2.137800000000000039e-11 -0.000000000000000000e+00 -6.830715663613024982e-19
2.138100000000000028e-11 0.000000000000000000e+00 -7.981952183333573075e-19
2.138400000000000016e-11 0.000000000000000000e+00 -2.577979107542612416e-19
2.138700000000000005e-11 0.000000000000000000e+00 4.874274100913026715e-19
2.138999999999999994e-11 0.000000000000000000e+00 8.243003714600495955e-19
2.139299999999999982e-11 -0.000000000000000000e+00 4.816132359855468485e-19
2.139599999999999971e-11 -0.000000000000000000e+00 -2.516844162739068242e-19
2.139899999999999959e-11 -0.000000000000000000e+00 -7.699712696696021789e-19
2.140199999999999948e-11 0.000000000000000000e+00 -6.510585888914772212e-19
2.140499999999999937e-11 0.000000000000000000e+00 -5.305809126101959827e-31
2.140799999999999925e-11 0.000000000000000000e+00 6.432925750988581781e-19
2.141099999999999914e-11 -0.000000000000000000e+00 7.517119475029231238e-19
2.141399999999999903e-11 -0.000000000000000000e+00 2.427849291805929737e-19
2.141699999999999891e-11 -0.000000000000000000e+00 -4.590418475207241776e-19
2.141999999999999880e-11 -0.000000000000000000e+00 -7.762968548614279739e-19
2.142299999999999868e-11 0.000000000000000000e+00 -4.535662645560635875e-19
2.142599999999999857e-11 0.000000000000000000e+00 2.370274569025096788e-19
2.142899999999999846e-11 0.000000000000000000e+00 7.251316336536854588e-19
2.143199999999999834e-11 -0.000000000000000000e+00 6.131438883035261364e-19
2.143499999999999823e-11 -0.000000000000000000e+00 6.007177601792326013e-31
2.143799999999999812e-11 -0.000000000000000000e+00 -6.058301319461981939e-19
2.144099999999999800e-11 0.000000000000000000e+00 -7.079356516298821092e-19
2.144399999999999789e-11 0.000000000000000000e+00 -2.286462355910939089e-19
2.144699999999999777e-11 0.000000000000000000e+00 4.323093314260380498e-19
2.144999999999999766e-11 0.000000000000000000e+00 7.310888454415330131e-19
2.145299999999999755e-11 -0.000000000000000000e+00 4.271526215891571672e-19
2.145599999999999743e-11 -0.000000000000000000e+00 -2.232240523965415113e-19
2.145899999999999732e-11 -0.000000000000000000e+00 -6.829032547550777906e-19
2.146200000000000044e-11 0.000000000000000000e+00 -5.774371679881063243e-19
2.146500000000000032e-11 0.000000000000000000e+00 -4.155477378497583995e-31
2.146800000000000021e-11 0.000000000000000000e+00 5.705493316436503049e-19
2.147100000000000010e-11 -0.000000000000000000e+00 6.667086887647751232e-19
2.147399999999999998e-11 -0.000000000000000000e+00 2.153309154170765494e-19
2.147699999999999987e-11 -0.000000000000000000e+00 -4.071335958746371921e-19
2.147999999999999975e-11 0.000000000000000000e+00 -6.885135455358304618e-19
2.148299999999999964e-11 0.000000000000000000e+00 -4.022771894400896550e-19
2.148599999999999953e-11 0.000000000000000000e+00 2.102244955900647643e-19
2.148899999999999941e-11 0.000000000000000000e+00 6.431340651975540673e-19
2.149199999999999930e-11 -0.000000000000000000e+00 5.438098451844992662e-19
2.149499999999999918e-11 -0.000000000000000000e+00 4.157564193174474916e-31
2.149799999999999907e-11 -0.000000000000000000e+00 -5.373231252021462805e-19
2.150099999999999896e-11 0.000000000000000000e+00 -6.278825973111457911e-19
2.150399999999999884e-11 0.000000000000000000e+00 -2.027910191241304861e-19
2.150699999999999873e-11 0.000000000000000000e+00 3.834239810252617612e-19
2.150999999999999862e-11 0.000000000000000000e+00 6.484176380779931193e-19
2.151299999999999850e-11 -0.000000000000000000e+00 3.788503896847375410e-19
2.151599999999999839e-11 -0.000000000000000000e+00 -1.979819740372359928e-19
2.151899999999999827e-11 -0.000000000000000000e+00 -6.056808529428680146e-19
2.152199999999999816e-11 0.000000000000000000e+00 -5.121408252087456894e-19
2.152499999999999805e-11 0.000000000000000000e+00 -4.697121721299552123e-31
2.152799999999999793e-11 0.000000000000000000e+00 5.060318623899697260e-19
2.153099999999999782e-11 -0.000000000000000000e+00 5.913175614023586767e-19
2.153399999999999771e-11 -0.000000000000000000e+00 1.909813895404772813e-19
2.153699999999999759e-11 -0.000000000000000000e+00 -3.610951066552825764e-19
2.153999999999999748e-11 -0.000000000000000000e+00 -6.106567344922657939e-19
2.154299999999999736e-11 0.000000000000000000e+00 -3.567878605395317219e-19
2.154599999999999725e-11 0.000000000000000000e+00 1.864524014373871253e-19
2.154900000000000037e-11 0.000000000000000000e+00 5.704087459726628833e-19
2.155200000000000025e-11 -0.000000000000000000e+00 4.823160653820435978e-19
2.155500000000000014e-11 -0.000000000000000000e+00 2.691725940849652973e-31
2.155800000000000003e-11 -0.000000000000000000e+00 -4.765628608625548111e-19
2.156099999999999991e-11 0.000000000000000000e+00 -5.568819074142299685e-19
2.156399999999999980e-11 0.000000000000000000e+00 -1.798594992437398493e-19
2.156699999999999969e-11 0.000000000000000000e+00 3.400665646988730504e-19
2.156999999999999957e-11 0.000000000000000000e+00 5.750948547392320308e-19
2.157299999999999946e-11 -0.000000000000000000e+00 3.360101530695279897e-19
2.157599999999999934e-11 -0.000000000000000000e+00 -1.755942588753705440e-19
2.157899999999999923e-11 -0.000000000000000000e+00 -5.371907266033671100e-19
2.158199999999999912e-11 0.000000000000000000e+00 -4.542281643547841286e-19
2.158499999999999900e-11 0.000000000000000000e+00 -3.292861063964264109e-31
2.158799999999999889e-11 0.000000000000000000e+00 4.488100003837794846e-19
2.159099999999999878e-11 -0.000000000000000000e+00 5.244516297975382976e-19
2.159399999999999866e-11 -0.000000000000000000e+00 1.693852974160947306e-19
2.159699999999999855e-11 -0.000000000000000000e+00 -3.202626296911526562e-19
2.159999999999999843e-11 -0.000000000000000000e+00 -5.416039376402068093e-19
2.160299999999999832e-11 0.000000000000000000e+00 -3.164424450851731497e-19
2.160599999999999821e-11 0.000000000000000000e+00 1.653684453097657685e-19
2.160899999999999809e-11 0.000000000000000000e+00 5.059071740853831331e-19
2.161199999999999798e-11 -0.000000000000000000e+00 4.277759753444212818e-19
2.161499999999999787e-11 -0.000000000000000000e+00 3.103176234643356809e-31
2.161799999999999775e-11 -0.000000000000000000e+00 -4.226733406793842872e-19
2.162099999999999764e-11 0.000000000000000000e+00 -4.939099445237586444e-19
2.162399999999999752e-11 0.000000000000000000e+00 -1.595210656170380699e-19
2.162699999999999741e-11 0.000000000000000000e+00 3.016119860756144823e-19
2.162999999999999730e-11 0.000000000000000000e+00 5.100633797191280530e-19
2.163300000000000041e-11 -0.000000000000000000e+00 2.980142717018390060e-19
2.163600000000000030e-11 -0.000000000000000000e+00 -1.557381367667768210e-19
2.163900000000000019e-11 -0.000000000000000000e+00 -4.764454338394780622e-19
2.164200000000000007e-11 0.000000000000000000e+00 -4.028642418987713285e-19
2.164499999999999996e-11 0.000000000000000000e+00 -2.684687081820456976e-31
2.164799999999999985e-11 0.000000000000000000e+00 3.980587615434251576e-19
2.165099999999999973e-11 -0.000000000000000000e+00 4.651468685370509306e-19
2.165399999999999962e-11 -0.000000000000000000e+00 1.502312819577326177e-19
2.165699999999999950e-11 -0.000000000000000000e+00 -2.840474713898663736e-19
2.165999999999999939e-11 -0.000000000000000000e+00 -4.803596008995792694e-19
2.166299999999999928e-11 0.000000000000000000e+00 -2.806592715907965171e-19
2.166599999999999916e-11 0.000000000000000000e+00 1.466686537333426096e-19
2.166899999999999905e-11 0.000000000000000000e+00 4.486994117781277015e-19
2.167199999999999894e-11 -0.000000000000000000e+00 3.794032548696095579e-19
2.167499999999999882e-11 -0.000000000000000000e+00 3.505235862391050626e-31
2.167799999999999871e-11 -0.000000000000000000e+00 -3.748776239039983044e-19
2.168099999999999859e-11 0.000000000000000000e+00 -4.380588236959768486e-19
2.168399999999999848e-11 0.000000000000000000e+00 -1.414824931827427313e-19
2.168699999999999837e-11 0.000000000000000000e+00 2.675058344092223972e-19
2.168999999999999825e-11 0.000000000000000000e+00 4.523856354939072059e-19
2.169299999999999814e-11 -0.000000000000000000e+00 2.643149480058103244e-19
2.169599999999999803e-11 -0.000000000000000000e+00 -1.381273362746256494e-19
2.169899999999999791e-11 -0.000000000000000000e+00 -4.225691922527792364e-19
2.170199999999999780e-11 0.000000000000000000e+00 -3.573085293626114215e-19
2.170499999999999768e-11 0.000000000000000000e+00 -2.679917219701848594e-31
2.170799999999999757e-11 0.000000000000000000e+00 3.530464506271822458e-19
2.171099999999999746e-11 -0.000000000000000000e+00 4.125482637805016252e-19
2.171399999999999734e-11 -0.000000000000000000e+00 1.332431942025047027e-19
2.171699999999999723e-11 -0.000000000000000000e+00 -2.519275073735491259e-19
2.172000000000000035e-11 -0.000000000000000000e+00 -4.260407470111465048e-19
2.172300000000000023e-11 0.000000000000000000e+00 -2.489224437279763483e-19
2.172600000000000012e-11 0.000000000000000000e+00 1.300834264219764569e-19
2.172900000000000001e-11 0.000000000000000000e+00 3.979606782490275875e-19
2.173199999999999989e-11 -0.000000000000000000e+00 3.365005005008209866e-19
2.173499999999999978e-11 -0.000000000000000000e+00 2.218548993875208902e-31
2.173799999999999966e-11 -0.000000000000000000e+00 -3.324866259084796373e-19
2.174099999999999955e-11 0.000000000000000000e+00 -3.885233232202194211e-19
2.174399999999999944e-11 0.000000000000000000e+00 -1.254837146414045790e-19
2.174699999999999932e-11 0.000000000000000000e+00 2.372563914786624911e-19
2.174999999999999921e-11 0.000000000000000000e+00 4.012300653968229498e-19
2.175299999999999910e-11 -0.000000000000000000e+00 2.344263291161575613e-19
2.175599999999999898e-11 -0.000000000000000000e+00 -1.225079574112866496e-19
2.175899999999999887e-11 -0.000000000000000000e+00 -3.747852525360525606e-19
2.176199999999999875e-11 0.000000000000000000e+00 -3.169042369050579154e-19
2.176499999999999864e-11 0.000000000000000000e+00 -2.559213208867065484e-31
2.176799999999999853e-11 0.000000000000000000e+00 3.131241121716934725e-19
2.177099999999999841e-11 -0.000000000000000000e+00 3.658974862791303091e-19
2.177399999999999830e-11 -0.000000000000000000e+00 1.181761119917162246e-19
2.177699999999999819e-11 -0.000000000000000000e+00 -2.234396548607943247e-19
2.177999999999999807e-11 -0.000000000000000000e+00 -3.778642453984558969e-19
2.178299999999999796e-11 0.000000000000000000e+00 -2.207744024999614631e-19
2.178599999999999784e-11 0.000000000000000000e+00 1.153736493718312571e-19
2.178899999999999773e-11 0.000000000000000000e+00 3.529594585489119062e-19
2.179199999999999762e-11 -0.000000000000000000e+00 2.984491708597595919e-19
2.179499999999999750e-11 -0.000000000000000000e+00 1.868891601347226076e-31
2.179799999999999739e-11 -0.000000000000000000e+00 -2.948891834534020141e-19
2.180099999999999728e-11 0.000000000000000000e+00 -3.445892755052957789e-19
2.180400000000000039e-11 0.000000000000000000e+00 -1.112940709906111759e-19
2.180700000000000028e-11 0.000000000000000000e+00 2.104275423442476036e-19
2.181000000000000017e-11 -0.000000000000000000e+00 3.558591448258184697e-19
2.181300000000000005e-11 -0.000000000000000000e+00 2.079175021976533290e-19
2.181599999999999994e-11 -0.000000000000000000e+00 -1.086548110886128200e-19
2.181899999999999982e-11 -0.000000000000000000e+00 -3.324046998544438352e-19
2.182199999999999971e-11 0.000000000000000000e+00 -2.810688441933017780e-19
2.182499999999999960e-11 0.000000000000000000e+00 -1.604694238444309039e-31
2.182799999999999948e-11 0.000000000000000000e+00 2.777161743140093334e-19
2.183099999999999937e-11 -0.000000000000000000e+00 3.245219583243567871e-19
2.183399999999999926e-11 -0.000000000000000000e+00 1.048128088571805160e-19
2.183699999999999914e-11 -0.000000000000000000e+00 -1.981731962690727475e-19
2.183999999999999903e-11 -0.000000000000000000e+00 -3.351355215485664290e-19
2.184299999999999891e-11 0.000000000000000000e+00 -1.958093294812157889e-19
2.184599999999999880e-11 0.000000000000000000e+00 1.023272474864940828e-19
2.184899999999999869e-11 0.000000000000000000e+00 3.130469571196147388e-19
2.185199999999999857e-11 -0.000000000000000000e+00 2.647006689568121317e-19
2.185499999999999846e-11 -0.000000000000000000e+00 2.183437508835453132e-31
2.185799999999999835e-11 -0.000000000000000000e+00 -2.615432433716005664e-19
2.186099999999999823e-11 0.000000000000000000e+00 -3.056232707192047514e-19
2.186399999999999812e-11 0.000000000000000000e+00 -9.870898604708453951e-20
2.186699999999999800e-11 0.000000000000000000e+00 1.866324877532091626e-19
2.186999999999999789e-11 0.000000000000000000e+00 3.156187481386922029e-19
2.187299999999999778e-11 -0.000000000000000000e+00 1.844062818503261318e-19
2.187599999999999766e-11 -0.000000000000000000e+00 -9.636817250207487825e-20
2.187899999999999755e-11 -0.000000000000000000e+00 -2.948165215617133016e-19
2.188199999999999743e-11 0.000000000000000000e+00 -2.492857020395240890e-19
2.188499999999999732e-11 0.000000000000000000e+00 -1.698998387414294546e-31
2.188799999999999721e-11 0.000000000000000000e+00 2.463121506059832176e-19
2.189100000000000032e-11 -0.000000000000000000e+00 2.878251570013426520e-19
2.189400000000000021e-11 -0.000000000000000000e+00 9.296062220516133207e-20
2.189700000000000010e-11 -0.000000000000000000e+00 -1.757638577806039047e-19
2.189999999999999998e-11 -0.000000000000000000e+00 -2.972385431312843794e-19
2.190299999999999987e-11 0.000000000000000000e+00 -1.736672960167616984e-19
2.190599999999999976e-11 0.000000000000000000e+00 9.075612702879971117e-20
2.190899999999999964e-11 0.000000000000000000e+00 2.776477439215106922e-19
2.191199999999999953e-11 -0.000000000000000000e+00 2.347684329104948309e-19
2.191499999999999941e-11 -0.000000000000000000e+00 1.882936195363128340e-31
2.191799999999999930e-11 -0.000000000000000000e+00 -2.319680476315638518e-19
2.192099999999999919e-11 0.000000000000000000e+00 -2.710635247372097553e-19
2.192399999999999907e-11 0.000000000000000000e+00 -8.754701701280582848e-20
2.192699999999999896e-11 0.000000000000000000e+00 1.655281675436679814e-19
2.192999999999999885e-11 0.000000000000000000e+00 2.799287179352972460e-19
2.193299999999999873e-11 -0.000000000000000000e+00 1.635537000321165405e-19
2.193599999999999862e-11 -0.000000000000000000e+00 -8.547090164112952243e-20
2.193899999999999850e-11 -0.000000000000000000e+00 -2.614787980549370035e-19
2.194199999999999839e-11 0.000000000000000000e+00 -2.210965837202761758e-19
2.194499999999999828e-11 0.000000000000000000e+00 -2.081779822432613164e-31
2.194799999999999816e-11 0.000000000000000000e+00 2.184592801841724342e-19
2.195099999999999805e-11 -0.000000000000000000e+00 2.552780139458346172e-19
2.195399999999999794e-11 -0.000000000000000000e+00 8.244867564374166660e-20
2.195699999999999782e-11 -0.000000000000000000e+00 -1.558885575018411471e-19
2.195999999999999771e-11 -0.000000000000000000e+00 -2.636269384831731109e-19
2.196299999999999759e-11 0.000000000000000000e+00 -1.540290740266819064e-19
2.196599999999999748e-11 0.000000000000000000e+00 8.049346381914706708e-20
2.196899999999999737e-11 0.000000000000000000e+00 2.462514582924084454e-19
2.197199999999999725e-11 -0.000000000000000000e+00 2.082209210443630703e-19
2.197500000000000037e-11 -0.000000000000000000e+00 1.242226122483188920e-31
2.197800000000000026e-11 -0.000000000000000000e+00 -2.057372021098480133e-19
2.198100000000000014e-11 0.000000000000000000e+00 -2.404117797380058114e-19
2.198400000000000003e-11 0.000000000000000000e+00 -7.764723856222340996e-20
2.198699999999999992e-11 0.000000000000000000e+00 1.468103146468791592e-19
2.198999999999999980e-11 0.000000000000000000e+00 2.482745007608560904e-19
2.199299999999999969e-11 -0.000000000000000000e+00 1.450591190591454094e-19
2.199599999999999957e-11 -0.000000000000000000e+00 -7.580588941021765505e-20
2.199899999999999946e-11 -0.000000000000000000e+00 -2.319108897631844818e-19
2.200199999999999935e-11 0.000000000000000000e+00 -1.960950785898380753e-19
2.200499999999999923e-11 0.000000000000000000e+00 -1.513719055744602240e-31
2.200799999999999912e-11 0.000000000000000000e+00 1.937560001858768796e-19
2.201099999999999901e-11 -0.000000000000000000e+00 2.264112876131240334e-19
2.201399999999999889e-11 -0.000000000000000000e+00 7.312541540869581575e-20
2.201699999999999878e-11 -0.000000000000000000e+00 -1.382607474987321319e-19
2.201999999999999866e-11 -0.000000000000000000e+00 -2.338161194098969369e-19
2.202299999999999855e-11 0.000000000000000000e+00 -1.366115336028975758e-19
2.202599999999999844e-11 0.000000000000000000e+00 7.139129808332692914e-20
2.202899999999999832e-11 0.000000000000000000e+00 2.184054509309228676e-19
2.203199999999999821e-11 -0.000000000000000000e+00 1.846753902263252971e-19
2.203499999999999810e-11 -0.000000000000000000e+00 1.361861882947658559e-31
2.203799999999999798e-11 -0.000000000000000000e+00 -1.824725291442146007e-19
2.204099999999999787e-11 0.000000000000000000e+00 -2.132261206771808875e-19
2.204399999999999775e-11 0.000000000000000000e+00 -6.886692273549405889e-20
2.204699999999999764e-11 0.000000000000000000e+00 1.302090683811940174e-19
2.204999999999999753e-11 0.000000000000000000e+00 2.201997286405532693e-19
2.205299999999999741e-11 -0.000000000000000000e+00 1.286558972257286231e-19
2.205599999999999730e-11 -0.000000000000000000e+00 -6.723379254147132301e-20
2.205900000000000042e-11 -0.000000000000000000e+00 -2.056865076282449042e-19
2.206200000000000030e-11 0.000000000000000000e+00 -1.739207327409657154e-19
2.206500000000000019e-11 0.000000000000000000e+00 -8.802714291806690431e-32
2.206800000000000008e-11 0.000000000000000000e+00 1.718461563014630611e-19
2.207099999999999996e-11 -0.000000000000000000e+00 2.008087980875185126e-19
2.207399999999999985e-11 -0.000000000000000000e+00 6.485642536936027914e-20
2.207699999999999973e-11 -0.000000000000000000e+00 -1.226262825524571685e-19
2.207999999999999962e-11 -0.000000000000000000e+00 -2.073762947385422879e-19
2.208299999999999951e-11 0.000000000000000000e+00 -1.211635610436558566e-19
2.208599999999999939e-11 0.000000000000000000e+00 6.331840127389722468e-20
2.208899999999999928e-11 0.000000000000000000e+00 1.937082579210687672e-19
2.209199999999999917e-11 -0.000000000000000000e+00 1.637923777504359971e-19
2.209499999999999905e-11 -0.000000000000000000e+00 1.179166226592212551e-31
2.209799999999999894e-11 -0.000000000000000000e+00 -1.618386152374645510e-19
2.210099999999999882e-11 0.000000000000000000e+00 -1.891146040705118684e-19
2.210399999999999871e-11 0.000000000000000000e+00 -6.107948118795362093e-20
2.210699999999999860e-11 0.000000000000000000e+00 1.154850837931536197e-19
2.210999999999999848e-11 0.000000000000000000e+00 1.952996394908754092e-19
2.211299999999999837e-11 -0.000000000000000000e+00 1.141075445537162231e-19
2.211599999999999826e-11 -0.000000000000000000e+00 -5.963102464298431981e-20
2.211899999999999814e-11 -0.000000000000000000e+00 -1.824275671724524301e-19
2.212199999999999803e-11 0.000000000000000000e+00 -1.542538522368158150e-19
2.212499999999999791e-11 0.000000000000000000e+00 -1.293477297226360690e-31
2.212799999999999780e-11 0.000000000000000000e+00 1.524138679950308809e-19
2.213099999999999769e-11 -0.000000000000000000e+00 1.781014268964444215e-19
2.213399999999999757e-11 -0.000000000000000000e+00 5.752248911254389677e-20
2.213699999999999746e-11 -0.000000000000000000e+00 -1.087597560744020209e-19
2.213999999999999735e-11 -0.000000000000000000e+00 -1.839262738942959956e-19
2.214299999999999723e-11 0.000000000000000000e+00 -1.074624384750616167e-19
2.214600000000000035e-11 0.000000000000000000e+00 5.615838411006596420e-20
2.214900000000000024e-11 0.000000000000000000e+00 1.718038127110735584e-19
2.215200000000000012e-11 -0.000000000000000000e+00 1.452708072053599846e-19
2.215500000000000001e-11 -0.000000000000000000e+00 1.018042602908597585e-31
2.215799999999999989e-11 -0.000000000000000000e+00 -1.435379753041156050e-19
2.216099999999999978e-11 0.000000000000000000e+00 -1.677296072318080608e-19
2.216399999999999967e-11 0.000000000000000000e+00 -5.417264012966918808e-20
2.216699999999999955e-11 0.000000000000000000e+00 1.024260809521466987e-19
2.216999999999999944e-11 0.000000000000000000e+00 1.732152415479489141e-19
2.217299999999999933e-11 -0.000000000000000000e+00 1.012043132483008832e-19
2.217599999999999921e-11 -0.000000000000000000e+00 -5.288797441824568056e-20
2.217899999999999910e-11 -0.000000000000000000e+00 -1.617987375458357441e-19
2.218199999999999898e-11 0.000000000000000000e+00 -1.368108939911840705e-19
2.218499999999999887e-11 0.000000000000000000e+00 -1.302429069709373949e-31
2.218799999999999876e-11 0.000000000000000000e+00 1.351789743638889560e-19
2.219099999999999864e-11 -0.000000000000000000e+00 1.579617953229477683e-19
2.219399999999999853e-11 -0.000000000000000000e+00 5.101787116478239922e-20
2.219699999999999842e-11 -0.000000000000000000e+00 -9.646125035473125547e-20
2.219999999999999830e-11 -0.000000000000000000e+00 -1.631279711660843572e-19
2.220299999999999819e-11 0.000000000000000000e+00 -9.531063286301836534e-20
2.220599999999999807e-11 0.000000000000000000e+00 4.980801856019538291e-20
2.220899999999999796e-11 0.000000000000000000e+00 1.523763125993633843e-19
2.221199999999999785e-11 -0.000000000000000000e+00 1.288436477688437970e-19
2.221499999999999773e-11 -0.000000000000000000e+00 1.127848803764060005e-31
2.221799999999999762e-11 -0.000000000000000000e+00 -1.273067637422081502e-19
2.222099999999999751e-11 0.000000000000000000e+00 -1.487628164964286236e-19
2.222399999999999739e-11 0.000000000000000000e+00 -4.804682164192611897e-20
2.222699999999999728e-11 0.000000000000000000e+00 9.084378444930641988e-20
2.223000000000000040e-11 -0.000000000000000000e+00 1.536281376797674715e-19
2.223300000000000028e-11 -0.000000000000000000e+00 8.976017370382075267e-20
2.223600000000000017e-11 -0.000000000000000000e+00 -4.690742536814183881e-20
2.223900000000000005e-11 -0.000000000000000000e+00 -1.435026069644426937e-19
2.224199999999999994e-11 0.000000000000000000e+00 -1.213403778462995458e-19
2.224499999999999983e-11 0.000000000000000000e+00 -7.457712546486612492e-32
2.224799999999999971e-11 0.000000000000000000e+00 1.198929949778211263e-19
2.225099999999999960e-11 -0.000000000000000000e+00 1.400995444924420658e-19
2.225399999999999948e-11 -0.000000000000000000e+00 4.524879257381160444e-20
2.225699999999999937e-11 -0.000000000000000000e+00 -8.555345429093152958e-20
2.225999999999999926e-11 -0.000000000000000000e+00 -1.446815314274110586e-19
2.226299999999999914e-11 0.000000000000000000e+00 -8.453294812263964335e-20
2.226599999999999903e-11 0.000000000000000000e+00 4.417574957344316312e-20
2.226899999999999892e-11 0.000000000000000000e+00 1.351456657159854821e-19
2.227199999999999880e-11 -0.000000000000000000e+00 1.142740643473765725e-19
2.227499999999999869e-11 -0.000000000000000000e+00 1.040144620260273954e-31
2.227799999999999857e-11 -0.000000000000000000e+00 -1.129109704952837884e-19
2.228099999999999846e-11 0.000000000000000000e+00 -1.319407821742937409e-19
2.228399999999999835e-11 0.000000000000000000e+00 -4.261370803354773472e-20
2.228699999999999823e-11 0.000000000000000000e+00 8.057120897679953180e-20
2.228999999999999812e-11 0.000000000000000000e+00 1.362559349629809458e-19
2.229299999999999801e-11 -0.000000000000000000e+00 7.961013246121719802e-20
2.229599999999999789e-11 -0.000000000000000000e+00 -4.160315419276885145e-20
2.229899999999999778e-11 -0.000000000000000000e+00 -1.272753948389437843e-19
2.230199999999999766e-11 0.000000000000000000e+00 -1.076192609108669502e-19
2.230499999999999755e-11 0.000000000000000000e+00 -7.209489253074660612e-32
2.230799999999999744e-11 0.000000000000000000e+00 1.063355474650522064e-19
2.231099999999999732e-11 -0.000000000000000000e+00 1.242571491851036069e-19
2.231399999999999721e-11 -0.000000000000000000e+00 4.013207887047441721e-20
2.231700000000000033e-11 -0.000000000000000000e+00 -7.587910704238775866e-20
2.232000000000000021e-11 -0.000000000000000000e+00 -1.283210070385035042e-19
2.232300000000000010e-11 0.000000000000000000e+00 -7.497399926589583898e-20
2.232599999999999999e-11 0.000000000000000000e+00 3.918037510401651575e-20
2.232899999999999987e-11 0.000000000000000000e+00 1.198634528572645487e-19
2.233199999999999976e-11 -0.000000000000000000e+00 1.013520030564018358e-19
2.233499999999999964e-11 -0.000000000000000000e+00 5.887798552657156878e-32
2.233799999999999953e-11 -0.000000000000000000e+00 -1.001430472618575782e-19
2.234099999999999942e-11 0.000000000000000000e+00 -1.170209761468248902e-19
2.234399999999999930e-11 0.000000000000000000e+00 -3.779496853923106944e-20
2.234699999999999919e-11 0.000000000000000000e+00 7.146025185255141579e-20
2.234999999999999908e-11 0.000000000000000000e+00 1.208481733426785482e-19
2.235299999999999896e-11 -0.000000000000000000e+00 7.060785344961193890e-20
2.235599999999999885e-11 -0.000000000000000000e+00 -3.689868768546457400e-20
2.235899999999999873e-11 -0.000000000000000000e+00 -1.128831487739090905e-19
2.236199999999999862e-11 0.000000000000000000e+00 -9.544972188625517944e-20
2.236499999999999851e-11 0.000000000000000000e+00 -7.998007084557100168e-32
2.236799999999999839e-11 0.000000000000000000e+00 9.431117019625456920e-20
2.237099999999999828e-11 -0.000000000000000000e+00 1.102062050204933943e-19
2.237399999999999817e-11 -0.000000000000000000e+00 3.559396091819491892e-20
2.237699999999999805e-11 -0.000000000000000000e+00 -6.729873075572328282e-20
2.237999999999999794e-11 -0.000000000000000000e+00 -1.138105236025796895e-19
2.238299999999999782e-11 0.000000000000000000e+00 -6.649597217136430230e-20
2.238599999999999771e-11 0.000000000000000000e+00 3.474987539797434316e-20
2.238899999999999760e-11 0.000000000000000000e+00 1.063093459545887543e-19
2.239199999999999748e-11 -0.000000000000000000e+00 8.989116281295694459e-20
2.239499999999999737e-11 -0.000000000000000000e+00 6.745338607678832296e-32
2.239799999999999726e-11 -0.000000000000000000e+00 -8.881891521166971482e-20
2.240100000000000037e-11 0.000000000000000000e+00 -1.037882952692153791e-19
2.240400000000000026e-11 0.000000000000000000e+00 -3.352113000253110452e-20
2.240700000000000015e-11 0.000000000000000000e+00 6.337955778098314509e-20
2.241000000000000003e-11 0.000000000000000000e+00 1.071827146775609657e-19
2.241299999999999992e-11 -0.000000000000000000e+00 6.262354821718918054e-20
2.241599999999999980e-11 -0.000000000000000000e+00 -3.272620019628645122e-20
2.241899999999999969e-11 -0.000000000000000000e+00 -1.001183716085649588e-19
2.242199999999999958e-11 0.000000000000000000e+00 -8.465630901988577461e-20
2.242499999999999946e-11 0.000000000000000000e+00 -6.743930835872993009e-32
2.242799999999999935e-11 0.000000000000000000e+00 8.364650425776831393e-20
2.243099999999999924e-11 -0.000000000000000000e+00 9.774413548571502406e-20
2.243399999999999912e-11 -0.000000000000000000e+00 3.156901136206112322e-20
2.243699999999999901e-11 -0.000000000000000000e+00 -5.968861967236997817e-20
2.243999999999999889e-11 -0.000000000000000000e+00 -1.009408792966054357e-19
2.244299999999999878e-11 0.000000000000000000e+00 -5.897663667816704217e-20
2.244599999999999867e-11 0.000000000000000000e+00 3.082037466382160475e-20
2.244899999999999855e-11 0.000000000000000000e+00 9.428793154114989725e-20
2.245199999999999844e-11 -0.000000000000000000e+00 7.972630937909093487e-20
2.245499999999999833e-11 -0.000000000000000000e+00 8.388912190996173667e-32
2.245799999999999821e-11 -0.000000000000000000e+00 -7.877531106826053265e-20
2.246099999999999810e-11 0.000000000000000000e+00 -9.205196016630642461e-20
2.246399999999999798e-11 0.000000000000000000e+00 -2.973057526112042469e-20
2.246699999999999787e-11 0.000000000000000000e+00 5.621262506602864193e-20
2.246999999999999776e-11 0.000000000000000000e+00 9.506254011034953514e-20
2.247299999999999764e-11 -0.000000000000000000e+00 5.554210473358044523e-20
2.247599999999999753e-11 -0.000000000000000000e+00 -2.902553577016831056e-20
2.247899999999999742e-11 -0.000000000000000000e+00 -8.879702987047241793e-20
2.248199999999999730e-11 0.000000000000000000e+00 -7.508341056678046211e-20
2.248499999999999719e-11 0.000000000000000000e+00 -6.147159805356484101e-32
2.248800000000000031e-11 0.000000000000000000e+00 7.418779408616184528e-20
2.249100000000000019e-11 -0.000000000000000000e+00 8.669127133152501282e-20
2.249400000000000008e-11 -0.000000000000000000e+00 2.799920134395594823e-20
2.249699999999999996e-11 -0.000000000000000000e+00 -5.293905662687218844e-20
2.249999999999999985e-11 0.000000000000000000e+00 -8.952652874835478810e-20
2.250299999999999974e-11 0.000000000000000000e+00 -5.230758435869010024e-20
2.250599999999999962e-11 0.000000000000000000e+00 2.733522015664284878e-20
2.250899999999999951e-11 0.000000000000000000e+00 8.362589341963816589e-20
2.251199999999999940e-11 -0.000000000000000000e+00 7.071089313233512028e-20
2.251499999999999928e-11 -0.000000000000000000e+00 5.227843411090331991e-32
2.251799999999999917e-11 -0.000000000000000000e+00 -6.986743329520312624e-20
2.252099999999999905e-11 0.000000000000000000e+00 -8.164276471136541935e-20
2.252399999999999894e-11 0.000000000000000000e+00 -2.636865479443068178e-20
2.252699999999999883e-11 0.000000000000000000e+00 4.985612597259125239e-20
2.252999999999999871e-11 0.000000000000000000e+00 8.431290959011612073e-20
2.253299999999999860e-11 -0.000000000000000000e+00 4.926142778649440904e-20
2.253599999999999849e-11 -0.000000000000000000e+00 -2.574334086123059659e-20
2.253899999999999837e-11 -0.000000000000000000e+00 -7.875590051190899542e-20
2.254199999999999826e-11 0.000000000000000000e+00 -6.659301129010668513e-20
2.254499999999999814e-11 0.000000000000000000e+00 -5.880469858256169551e-32
2.254799999999999803e-11 0.000000000000000000e+00 6.579867072998001590e-20
2.255099999999999792e-11 -0.000000000000000000e+00 7.688826022892485958e-20
2.255399999999999780e-11 -0.000000000000000000e+00 2.483306388371752732e-20
2.255699999999999769e-11 -0.000000000000000000e+00 -4.695273122289732093e-20
2.255999999999999758e-11 -0.000000000000000000e+00 -7.940290797526104555e-20
2.256299999999999746e-11 0.000000000000000000e+00 -4.639266556302661412e-20
2.256599999999999735e-11 0.000000000000000000e+00 2.424416539909296881e-20
2.256899999999999723e-11 0.000000000000000000e+00 7.416951391260751414e-20
2.257200000000000035e-11 -0.000000000000000000e+00 6.271493621758190783e-20
2.257500000000000024e-11 -0.000000000000000000e+00 3.271247626239320192e-32
2.257800000000000012e-11 -0.000000000000000000e+00 -6.196685445049512695e-20
2.258100000000000001e-11 0.000000000000000000e+00 -7.241063653259161911e-20
2.258399999999999990e-11 0.000000000000000000e+00 -2.338689882590078002e-20
2.258699999999999978e-11 0.000000000000000000e+00 4.421841702065152081e-20
2.258999999999999967e-11 0.000000000000000000e+00 7.477884259455843577e-20
2.259299999999999956e-11 -0.000000000000000000e+00 4.369096704569180133e-20
2.259599999999999944e-11 -0.000000000000000000e+00 -2.283229511921880125e-20
2.259899999999999933e-11 -0.000000000000000000e+00 -6.985021767608116576e-20
2.260199999999999921e-11 0.000000000000000000e+00 -5.906270265572546205e-20
2.260499999999999910e-11 0.000000000000000000e+00 -4.217146064603966270e-32
2.260799999999999899e-11 0.000000000000000000e+00 5.835818577924817004e-20
2.261099999999999887e-11 -0.000000000000000000e+00 6.819376934066266037e-20
2.261399999999999876e-11 -0.000000000000000000e+00 2.202495186477454357e-20
2.261699999999999865e-11 -0.000000000000000000e+00 -4.164333688127257046e-20
2.261999999999999853e-11 -0.000000000000000000e+00 -7.042406181803368657e-20
2.262299999999999842e-11 0.000000000000000000e+00 -4.114660320164419802e-20
2.262599999999999830e-11 0.000000000000000000e+00 2.150264576359287410e-20
2.262899999999999819e-11 0.000000000000000000e+00 6.578245767046540787e-20
2.263199999999999808e-11 -0.000000000000000000e+00 5.562315861879775403e-20
2.263499999999999796e-11 -0.000000000000000000e+00 4.726800863370892961e-32
2.263799999999999785e-11 -0.000000000000000000e+00 -5.495966961121111428e-20
2.264099999999999773e-11 0.000000000000000000e+00 -6.422247337645817281e-20
2.264399999999999762e-11 0.000000000000000000e+00 -2.074231852014204151e-20
2.264699999999999751e-11 0.000000000000000000e+00 3.921821773488630624e-20
2.264999999999999739e-11 0.000000000000000000e+00 6.632288373116800314e-20
2.265299999999999728e-11 -0.000000000000000000e+00 3.875041157276590377e-20
2.265600000000000040e-11 -0.000000000000000000e+00 -2.025042915838641265e-20
2.265900000000000028e-11 -0.000000000000000000e+00 -6.195158556605602122e-20
2.266200000000000017e-11 0.000000000000000000e+00 -5.238391803311166889e-20
2.266500000000000006e-11 0.000000000000000000e+00 -3.725688786680168397e-32
2.266799999999999994e-11 0.000000000000000000e+00 5.175906761735212345e-20
2.267099999999999983e-11 -0.000000000000000000e+00 6.048244768500842685e-20
2.267399999999999971e-11 -0.000000000000000000e+00 1.953437992657717319e-20
2.267699999999999960e-11 -0.000000000000000000e+00 -3.693432653310073931e-20
2.267999999999999949e-11 -0.000000000000000000e+00 -6.246053966304698765e-20
2.268299999999999937e-11 0.000000000000000000e+00 -3.649376328102831594e-20
2.268599999999999926e-11 0.000000000000000000e+00 1.907113597122197134e-20
2.268899999999999915e-11 0.000000000000000000e+00 5.834380608541858202e-20
2.269199999999999903e-11 -0.000000000000000000e+00 4.933331613377373767e-20
2.269499999999999892e-11 -0.000000000000000000e+00 4.418664458104545959e-32
2.269799999999999880e-11 -0.000000000000000000e+00 -4.874485417340581232e-20
2.270099999999999869e-11 0.000000000000000000e+00 -5.696022413410830995e-20
2.270399999999999858e-11 0.000000000000000000e+00 -1.839678620041721172e-20
2.270699999999999846e-11 0.000000000000000000e+00 3.478343880069056684e-20
2.270999999999999835e-11 0.000000000000000000e+00 5.882312100319225569e-20
2.271299999999999824e-11 -0.000000000000000000e+00 3.436853195509467263e-20
2.271599999999999812e-11 -0.000000000000000000e+00 -1.796051947286145683e-20
2.271899999999999801e-11 -0.000000000000000000e+00 -5.494612732556921547e-20
2.272199999999999789e-11 0.000000000000000000e+00 -4.646036745888885083e-20
2.272499999999999778e-11 0.000000000000000000e+00 -3.488913990453937603e-32
2.272799999999999767e-11 0.000000000000000000e+00 4.590617485525867719e-20
2.273099999999999755e-11 -0.000000000000000000e+00 5.364311891451417143e-20
2.273399999999999744e-11 -0.000000000000000000e+00 1.732544077547625118e-20
2.273699999999999733e-11 -0.000000000000000000e+00 -3.275780901859938012e-20
2.273999999999999721e-11 -0.000000000000000000e+00 -5.539752911554332414e-20
2.274300000000000033e-11 0.000000000000000000e+00 -3.236706446665715413e-20
2.274600000000000022e-11 0.000000000000000000e+00 1.691458024429932164e-20
2.274900000000000010e-11 0.000000000000000000e+00 5.174631397302680553e-20
2.275199999999999999e-11 -0.000000000000000000e+00 4.375472629006736261e-20
2.275499999999999987e-11 -0.000000000000000000e+00 2.784137878892378039e-32
2.275799999999999976e-11 -0.000000000000000000e+00 -4.323280735119827150e-20
2.276099999999999965e-11 0.000000000000000000e+00 -5.051918686452727648e-20
2.276399999999999953e-11 0.000000000000000000e+00 -1.631648565105725103e-20
2.276699999999999942e-11 0.000000000000000000e+00 3.085014273163828850e-20
2.276999999999999931e-11 0.000000000000000000e+00 5.217142816921518864e-20
2.277299999999999919e-11 -0.000000000000000000e+00 3.048215337093514795e-20
2.277599999999999908e-11 -0.000000000000000000e+00 -1.592955177453817768e-20
2.277899999999999896e-11 -0.000000000000000000e+00 -4.873284324350690929e-20
2.278199999999999885e-11 0.000000000000000000e+00 -4.120664939667572892e-20
2.278499999999999874e-11 0.000000000000000000e+00 -3.565099288181709948e-32
2.278799999999999862e-11 0.000000000000000000e+00 4.071512465063324249e-20
2.279099999999999851e-11 -0.000000000000000000e+00 4.757717845453062508e-20
2.279399999999999840e-11 -0.000000000000000000e+00 1.536628749891119547e-20
2.279699999999999828e-11 -0.000000000000000000e+00 -2.905357028066269062e-20
2.279999999999999817e-11 -0.000000000000000000e+00 -4.913320071620657288e-20
2.280299999999999805e-11 0.000000000000000000e+00 -2.870701095202821051e-20
2.280599999999999794e-11 0.000000000000000000e+00 1.500188689714995722e-20
2.280899999999999783e-11 0.000000000000000000e+00 4.589486338745542388e-20
2.281199999999999771e-11 -0.000000000000000000e+00 3.880696094963068873e-20
2.281499999999999760e-11 -0.000000000000000000e+00 3.227420377519294410e-32
2.281799999999999749e-11 -0.000000000000000000e+00 -3.834406037642950665e-20
2.282099999999999737e-11 0.000000000000000000e+00 -4.480649927648259884e-20
2.282399999999999726e-11 0.000000000000000000e+00 -1.447142457932603289e-20
2.282700000000000038e-11 0.000000000000000000e+00 2.736162206433139450e-20
2.283000000000000026e-11 -0.000000000000000000e+00 4.627190585599717724e-20
2.283300000000000015e-11 -0.000000000000000000e+00 2.703524477982463742e-20
2.283600000000000003e-11 -0.000000000000000000e+00 -1.412824501658776471e-20
2.283899999999999992e-11 -0.000000000000000000e+00 -4.322215461200101250e-20
2.284199999999999981e-11 0.000000000000000000e+00 -3.654701947854379963e-20
2.284499999999999969e-11 0.000000000000000000e+00 -2.164511259057537483e-32
2.284799999999999958e-11 0.000000000000000000e+00 3.611107613613800479e-20
2.285099999999999947e-11 -0.000000000000000000e+00 4.219717189265778140e-20
2.285399999999999935e-11 -0.000000000000000000e+00 1.362867441924556601e-20
2.285699999999999924e-11 -0.000000000000000000e+00 -2.576820524152519274e-20
2.285999999999999912e-11 -0.000000000000000000e+00 -4.357723983652908601e-20
2.286299999999999901e-11 0.000000000000000000e+00 -2.546083469041107482e-20
2.286599999999999890e-11 0.000000000000000000e+00 1.330548007840715655e-20
2.286899999999999878e-11 0.000000000000000000e+00 4.070509227867812321e-20
2.287199999999999867e-11 -0.000000000000000000e+00 3.441868675311178233e-20
2.287499999999999856e-11 -0.000000000000000000e+00 2.836929321611350757e-32
2.287799999999999844e-11 -0.000000000000000000e+00 -3.400813077457249187e-20
2.288099999999999833e-11 0.000000000000000000e+00 -3.973979990606788286e-20
2.288399999999999821e-11 0.000000000000000000e+00 -1.283500220782013174e-20
2.288699999999999810e-11 0.000000000000000000e+00 2.426758179058366421e-20
2.288999999999999799e-11 0.000000000000000000e+00 4.103949894953864695e-20
2.289299999999999787e-11 -0.000000000000000000e+00 2.397811110688380588e-20
2.289599999999999776e-11 -0.000000000000000000e+00 -1.253062924015389565e-20
2.289899999999999765e-11 -0.000000000000000000e+00 -3.833461224433278233e-20
2.290199999999999753e-11 0.000000000000000000e+00 -3.241429847662515310e-20
2.290499999999999742e-11 0.000000000000000000e+00 -2.333961438922160680e-32
2.290799999999999730e-11 0.000000000000000000e+00 3.202765141698953461e-20
2.291099999999999719e-11 -0.000000000000000000e+00 3.742553412326700824e-20
2.291400000000000031e-11 -0.000000000000000000e+00 1.208754986779459625e-20
2.291700000000000019e-11 -0.000000000000000000e+00 -2.285434784623134243e-20
2.292000000000000008e-11 -0.000000000000000000e+00 -3.864954458674342243e-20
2.292299999999999997e-11 0.000000000000000000e+00 -2.258173462280199873e-20
2.292599999999999985e-11 0.000000000000000000e+00 1.180090220187398818e-20
2.292899999999999974e-11 0.000000000000000000e+00 3.610217822041802187e-20
2.293199999999999963e-11 -0.000000000000000000e+00 3.052663668629982347e-20
2.293499999999999951e-11 -0.000000000000000000e+00 2.376587941101911277e-32
2.293799999999999940e-11 -0.000000000000000000e+00 -3.016250619851809104e-20
2.294099999999999928e-11 0.000000000000000000e+00 -3.524604068774142784e-20
2.294399999999999917e-11 0.000000000000000000e+00 -1.138362576342598882e-20
2.294699999999999906e-11 0.000000000000000000e+00 2.152341423977164017e-20
2.294999999999999894e-11 0.000000000000000000e+00 3.639877033097677680e-20
2.295299999999999883e-11 -0.000000000000000000e+00 2.126667677457219958e-20
2.295599999999999872e-11 -0.000000000000000000e+00 -1.111367115801283519e-20
2.295899999999999860e-11 -0.000000000000000000e+00 -3.399975103312289758e-20
2.296199999999999849e-11 0.000000000000000000e+00 -2.874890376077073904e-20
2.296499999999999837e-11 0.000000000000000000e+00 -2.744927293594443472e-32
2.296799999999999826e-11 0.000000000000000000e+00 2.840597858177536242e-20
2.297099999999999815e-11 -0.000000000000000000e+00 3.319347106898055189e-20
2.297399999999999803e-11 -0.000000000000000000e+00 1.072069500758960943e-20
2.297699999999999792e-11 -0.000000000000000000e+00 -2.026998817265993900e-20
2.297999999999999781e-11 -0.000000000000000000e+00 -3.427907096379137959e-20
2.298299999999999769e-11 0.000000000000000000e+00 -2.002820193348700454e-20
2.298599999999999758e-11 0.000000000000000000e+00 1.046646133454133003e-20
2.298899999999999746e-11 0.000000000000000000e+00 3.201975967369248071e-20
2.299199999999999735e-11 -0.000000000000000000e+00 2.707469794131633816e-20
2.299499999999999724e-11 -0.000000000000000000e+00 1.688404904575354020e-32
2.299800000000000035e-11 -0.000000000000000000e+00 -2.675174317007637517e-20
2.300100000000000024e-11 0.000000000000000000e+00 -3.126043379932003111e-20
2.300400000000000013e-11 0.000000000000000000e+00 -1.009637033351535352e-20
2.300700000000000001e-11 0.000000000000000000e+00 1.908955595718936729e-20
2.300999999999999990e-11 0.000000000000000000e+00 3.228281327791825468e-20
2.301299999999999978e-11 -0.000000000000000000e+00 1.886185025242020903e-20
2.301599999999999967e-11 -0.000000000000000000e+00 -9.856942077003430631e-21
2.301899999999999956e-11 -0.000000000000000000e+00 -3.015507403457553852e-20
2.302199999999999944e-11 0.000000000000000000e+00 -2.549799027863986772e-20
2.302499999999999933e-11 0.000000000000000000e+00 -1.926132017023181545e-32
2.302799999999999922e-11 0.000000000000000000e+00 2.519384292912986443e-20
2.303099999999999910e-11 -0.000000000000000000e+00 2.943996785665920159e-20
2.303399999999999899e-11 -0.000000000000000000e+00 9.508403498042352899e-21
2.303699999999999887e-11 -0.000000000000000000e+00 -1.797786676234756477e-20
2.303999999999999876e-11 -0.000000000000000000e+00 -3.040280858946561756e-20
2.304299999999999865e-11 0.000000000000000000e+00 -1.776342160551106090e-20
2.304599999999999853e-11 0.000000000000000000e+00 9.282918457711006873e-21
2.304899999999999842e-11 0.000000000000000000e+00 2.839897923336954578e-20
2.305199999999999831e-11 -0.000000000000000000e+00 2.401310292210203890e-20
2.305499999999999819e-11 -0.000000000000000000e+00 2.103004052658295464e-32
2.305799999999999808e-11 -0.000000000000000000e+00 -2.372666773534729976e-20
2.306099999999999796e-11 0.000000000000000000e+00 -2.772551759726440696e-20
2.306399999999999785e-11 0.000000000000000000e+00 -8.954677185465185557e-21
2.306699999999999774e-11 0.000000000000000000e+00 1.693091730628487573e-20
2.306999999999999762e-11 0.000000000000000000e+00 2.863228685091220003e-20
2.307299999999999751e-11 -0.000000000000000000e+00 1.672896046317343278e-20
2.307599999999999740e-11 -0.000000000000000000e+00 -8.742323371631530842e-21
2.307899999999999728e-11 -0.000000000000000000e+00 -2.674515143198654503e-20
2.308199999999999717e-11 0.000000000000000000e+00 -2.261468867334230340e-20
2.308500000000000029e-11 0.000000000000000000e+00 -1.451723269718627988e-32
2.308800000000000017e-11 0.000000000000000000e+00 2.234493417329117153e-20
2.309100000000000006e-11 -0.000000000000000000e+00 2.611090914836774631e-20
2.309399999999999994e-11 -0.000000000000000000e+00 8.433197382962524435e-21
2.309699999999999983e-11 -0.000000000000000000e+00 -1.594493744010909243e-20
2.309999999999999972e-11 -0.000000000000000000e+00 -2.696487227159767106e-20
2.310299999999999960e-11 0.000000000000000000e+00 -1.575474164794657459e-20
2.310599999999999949e-11 0.000000000000000000e+00 8.233210092527720734e-21
2.310899999999999938e-11 0.000000000000000000e+00 2.518763506398238132e-20
2.311199999999999926e-11 -0.000000000000000000e+00 2.129771173060121112e-20
2.311499999999999915e-11 -0.000000000000000000e+00 1.491958630081107556e-32
2.311799999999999903e-11 -0.000000000000000000e+00 -2.104366650967722669e-20
2.312099999999999892e-11 0.000000000000000000e+00 -2.459032817557214712e-20
2.312399999999999881e-11 0.000000000000000000e+00 -7.942086199992074706e-21
2.312699999999999869e-11 0.000000000000000000e+00 1.501637657131084399e-20
2.312999999999999858e-11 0.000000000000000000e+00 2.539456035801922039e-20
2.313299999999999847e-11 -0.000000000000000000e+00 1.483725691982154614e-20
2.313599999999999835e-11 -0.000000000000000000e+00 -7.753745262686896892e-21
2.313899999999999824e-11 -0.000000000000000000e+00 -2.372082138812057353e-20
2.314199999999999812e-11 0.000000000000000000e+00 -2.005742955438340220e-20
2.314499999999999801e-11 0.000000000000000000e+00 -1.674058053671727570e-32
2.314799999999999790e-11 0.000000000000000000e+00 1.981817877538747512e-20
2.315099999999999778e-11 -0.000000000000000000e+00 2.315829894495168797e-20
2.315399999999999767e-11 -0.000000000000000000e+00 7.479575105821985623e-21
2.315699999999999756e-11 -0.000000000000000000e+00 -1.414189087780583298e-20
2.315999999999999744e-11 -0.000000000000000000e+00 -2.391569629114640966e-20
2.316299999999999733e-11 0.000000000000000000e+00 -1.397320234276369697e-20
2.316599999999999721e-11 0.000000000000000000e+00 7.302202290847181198e-21
2.316900000000000033e-11 0.000000000000000000e+00 2.233942829081861471e-20
2.317200000000000022e-11 -0.000000000000000000e+00 1.888937578918048977e-20
2.317500000000000010e-11 -0.000000000000000000e+00 1.287717854338353782e-32
2.317799999999999999e-11 -0.000000000000000000e+00 -1.866405789089327201e-20
2.318099999999999988e-11 0.000000000000000000e+00 -2.180966460449611285e-20
2.318399999999999976e-11 0.000000000000000000e+00 -7.043998560941148189e-21
2.318699999999999965e-11 0.000000000000000000e+00 1.331833126653720710e-20
2.318999999999999954e-11 0.000000000000000000e+00 2.252295456297472839e-20
2.319299999999999942e-11 -0.000000000000000000e+00 1.315946638701240862e-20
2.319599999999999931e-11 -0.000000000000000000e+00 -6.876955134576122705e-21
2.319899999999999919e-11 -0.000000000000000000e+00 -2.103848126484185139e-20
2.320199999999999908e-11 0.000000000000000000e+00 -1.778934417979836287e-20
2.320499999999999897e-11 0.000000000000000000e+00 -1.664245056083965546e-32
2.320799999999999885e-11 0.000000000000000000e+00 1.757714777440433438e-20
2.321099999999999874e-11 -0.000000000000000000e+00 2.053956861388464104e-20
2.321399999999999863e-11 -0.000000000000000000e+00 6.633788019318428880e-21
2.321699999999999851e-11 -0.000000000000000000e+00 -1.254273203334650542e-20
2.321999999999999840e-11 -0.000000000000000000e+00 -2.121131979893897315e-20
2.322299999999999828e-11 0.000000000000000000e+00 -1.239311872418582667e-20
2.322599999999999817e-11 0.000000000000000000e+00 6.476472444790000061e-21
2.322899999999999806e-11 0.000000000000000000e+00 1.981329549570290977e-20
2.323199999999999794e-11 -0.000000000000000000e+00 1.675337342425747456e-20
2.323499999999999783e-11 -0.000000000000000000e+00 1.605066883922325353e-32
2.323799999999999772e-11 -0.000000000000000000e+00 -1.655353437550280012e-20
2.324099999999999760e-11 0.000000000000000000e+00 -1.934343725567488447e-20
2.324399999999999749e-11 0.000000000000000000e+00 -6.247466279906654803e-21
2.324699999999999737e-11 0.000000000000000000e+00 1.181230018325982074e-20
2.324999999999999726e-11 0.000000000000000000e+00 1.997606869715348013e-20
2.325299999999999715e-11 -0.000000000000000000e+00 1.167139967493224602e-20
2.325600000000000026e-11 -0.000000000000000000e+00 -6.099312051244619744e-21
2.325900000000000015e-11 -0.000000000000000000e+00 -1.865945899127969123e-20
2.326200000000000004e-11 0.000000000000000000e+00 -1.577773290885572343e-20
2.326499999999999992e-11 0.000000000000000000e+00 -1.000035545309788743e-32
2.326799999999999981e-11 0.000000000000000000e+00 1.558953158031959236e-20
2.327099999999999970e-11 -0.000000000000000000e+00 1.821696316500691249e-20
2.327399999999999958e-11 -0.000000000000000000e+00 5.883642167177876714e-21
2.327699999999999947e-11 -0.000000000000000000e+00 -1.112440537264636654e-20
2.327999999999999935e-11 -0.000000000000000000e+00 -1.881275301942273909e-20
2.328299999999999924e-11 0.000000000000000000e+00 -1.099171027113940836e-20
2.328599999999999913e-11 0.000000000000000000e+00 5.744115769123349194e-21
2.328899999999999901e-11 0.000000000000000000e+00 1.757281669385642848e-20
2.329199999999999890e-11 -0.000000000000000000e+00 1.485890927392754338e-20
2.329499999999999879e-11 -0.000000000000000000e+00 1.329060799871603772e-32
2.329799999999999867e-11 -0.000000000000000000e+00 -1.468166793753392306e-20
2.330099999999999856e-11 0.000000000000000000e+00 -1.715608981841478954e-20
2.330399999999999844e-11 0.000000000000000000e+00 -5.541005521352048273e-21
2.330699999999999833e-11 0.000000000000000000e+00 1.047657043716942147e-20
2.330999999999999822e-11 0.000000000000000000e+00 1.771718357277143369e-20
2.331299999999999810e-11 -0.000000000000000000e+00 1.035160289679364493e-20
2.331599999999999799e-11 -0.000000000000000000e+00 -5.409604508161404286e-21
2.331899999999999788e-11 -0.000000000000000000e+00 -1.654945551745075733e-20
2.332199999999999776e-11 0.000000000000000000e+00 -1.399359376193032568e-20
2.332499999999999765e-11 0.000000000000000000e+00 -1.084160261971963023e-32
2.332799999999999753e-11 0.000000000000000000e+00 1.382667415743212058e-20
2.333099999999999742e-11 -0.000000000000000000e+00 1.615699692596859928e-20
2.333399999999999731e-11 -0.000000000000000000e+00 5.218322480401015670e-21
2.333699999999999719e-11 -0.000000000000000000e+00 -9.866462471326885496e-21
2.334000000000000031e-11 -0.000000000000000000e+00 -1.668541512383887824e-20
2.334300000000000020e-11 0.000000000000000000e+00 -9.748772473946242566e-21
2.334600000000000008e-11 0.000000000000000000e+00 5.094573666507298670e-21
2.334899999999999997e-11 0.000000000000000000e+00 1.558569025646735068e-20
2.335199999999999986e-11 -0.000000000000000000e+00 1.317867030237136745e-20
2.335499999999999974e-11 -0.000000000000000000e+00 8.572346927549685246e-33
2.335799999999999963e-11 -0.000000000000000000e+00 -1.302147133889656790e-20
2.336099999999999951e-11 0.000000000000000000e+00 -1.521608667410720314e-20
2.336399999999999940e-11 0.000000000000000000e+00 -4.914431036847349181e-21
2.336699999999999929e-11 0.000000000000000000e+00 9.291884427434825749e-21
2.336999999999999917e-11 0.000000000000000000e+00 1.571373219176119909e-20
2.337299999999999906e-11 -0.000000000000000000e+00 9.181048161945986977e-21
2.337599999999999894e-11 -0.000000000000000000e+00 -4.797888792846546186e-21
2.337899999999999883e-11 -0.000000000000000000e+00 -1.467805031496889992e-20
2.338199999999999872e-11 0.000000000000000000e+00 -1.241120429057402207e-20
2.338499999999999860e-11 0.000000000000000000e+00 -1.057759364980837678e-32
2.338799999999999849e-11 0.000000000000000000e+00 1.226315988205448017e-20
2.339099999999999838e-11 -0.000000000000000000e+00 1.432997076961813348e-20
2.339399999999999826e-11 -0.000000000000000000e+00 4.628236853250317249e-21
2.339699999999999815e-11 -0.000000000000000000e+00 -8.750767203920287521e-21
2.339999999999999803e-11 -0.000000000000000000e+00 -1.479863566844170775e-20
2.340299999999999792e-11 0.000000000000000000e+00 -8.646385540050562015e-21
2.340599999999999781e-11 0.000000000000000000e+00 4.518481501183589764e-21
2.340899999999999769e-11 0.000000000000000000e+00 1.382326720880306328e-20
2.341199999999999758e-11 -0.000000000000000000e+00 1.168843201993163120e-20
2.341499999999999747e-11 -0.000000000000000000e+00 9.633972489364941019e-33
2.341799999999999735e-11 -0.000000000000000000e+00 -1.154900904659279275e-20
2.342099999999999724e-11 0.000000000000000000e+00 -1.349545823812533727e-20
2.342399999999999712e-11 0.000000000000000000e+00 -4.358709321417723276e-21
2.342700000000000024e-11 0.000000000000000000e+00 8.241162194305330578e-21
2.343000000000000013e-11 0.000000000000000000e+00 1.393683021797309102e-20
2.343300000000000001e-11 -0.000000000000000000e+00 8.142859245314115226e-21
2.343599999999999990e-11 -0.000000000000000000e+00 -4.255345623472218305e-21
2.343899999999999979e-11 -0.000000000000000000e+00 -1.301826279550871699e-20
2.344199999999999967e-11 0.000000000000000000e+00 -1.100775072958124669e-20
2.344499999999999956e-11 0.000000000000000000e+00 -8.600554119982860850e-33
2.344799999999999945e-11 0.000000000000000000e+00 1.087644711812445089e-20
2.345099999999999933e-11 -0.000000000000000000e+00 1.270954393313357294e-20
2.345399999999999922e-11 -0.000000000000000000e+00 4.104877851114836938e-21
2.345699999999999910e-11 -0.000000000000000000e+00 -7.761234270111214463e-21
2.345999999999999899e-11 -0.000000000000000000e+00 -1.312521240987237140e-20
2.346299999999999888e-11 0.000000000000000000e+00 -7.668656039206986572e-21
2.346599999999999876e-11 0.000000000000000000e+00 4.007533586327245746e-21
2.346899999999999865e-11 0.000000000000000000e+00 1.226013818968912773e-20
2.347199999999999854e-11 -0.000000000000000000e+00 1.036670923165747602e-20
2.347499999999999842e-11 -0.000000000000000000e+00 1.044489045458147049e-32
2.347799999999999831e-11 -0.000000000000000000e+00 -1.024305214725318645e-20
2.348099999999999819e-11 0.000000000000000000e+00 -1.196939771425689522e-20
2.348399999999999808e-11 0.000000000000000000e+00 -3.865828374877071369e-21
2.348699999999999797e-11 0.000000000000000000e+00 7.309255172428370045e-21
2.348999999999999785e-11 0.000000000000000000e+00 1.236085954337741069e-20
2.349299999999999774e-11 -0.000000000000000000e+00 7.222068277981617423e-21
2.349599999999999763e-11 -0.000000000000000000e+00 -3.774152998751055047e-21
2.349899999999999751e-11 -0.000000000000000000e+00 -1.154616332389074994e-20
2.350199999999999740e-11 0.000000000000000000e+00 -9.762999084353784658e-21
2.350499999999999728e-11 0.000000000000000000e+00 -7.551091292519525146e-33
2.350799999999999717e-11 0.000000000000000000e+00 9.646543227937993513e-21
2.351100000000000029e-11 -0.000000000000000000e+00 1.127235425564990618e-20
2.351400000000000017e-11 -0.000000000000000000e+00 3.640700056379673028e-21
2.351700000000000006e-11 -0.000000000000000000e+00 -6.883597288312522507e-21
2.351999999999999995e-11 0.000000000000000000e+00 -1.164101912256890836e-20
2.352299999999999983e-11 0.000000000000000000e+00 -6.801487763324664476e-21
2.352599999999999972e-11 0.000000000000000000e+00 3.554363438546595401e-21
2.352899999999999961e-11 0.000000000000000000e+00 1.087376711741230036e-20
2.353199999999999949e-11 -0.000000000000000000e+00 9.194446279059483075e-21
2.353499999999999938e-11 -0.000000000000000000e+00 6.517258872606315131e-33
2.353799999999999926e-11 -0.000000000000000000e+00 -9.084772283759804527e-21
2.354099999999999915e-11 0.000000000000000000e+00 -1.061590344796943949e-20
2.354399999999999904e-11 0.000000000000000000e+00 -3.428682190517987041e-21
2.354699999999999892e-11 0.000000000000000000e+00 6.482727789608409548e-21
2.354999999999999881e-11 0.000000000000000000e+00 1.096309894441206952e-20
2.355299999999999870e-11 -0.000000000000000000e+00 6.405399951108797484e-21
2.355599999999999858e-11 -0.000000000000000000e+00 -3.347373425889263238e-21
2.355899999999999847e-11 -0.000000000000000000e+00 -1.024052821763289514e-20
2.356199999999999835e-11 0.000000000000000000e+00 -8.659003411565538671e-21
2.356499999999999824e-11 0.000000000000000000e+00 -8.661937111222764736e-33
2.356799999999999813e-11 0.000000000000000000e+00 8.555716332532655127e-21
2.357099999999999801e-11 -0.000000000000000000e+00 9.997681359252519511e-21
2.357399999999999790e-11 -0.000000000000000000e+00 3.229011283962811278e-21
2.357699999999999779e-11 -0.000000000000000000e+00 -6.105203113133365183e-21
2.357999999999999767e-11 -0.000000000000000000e+00 -1.032465776402163742e-20
2.358299999999999756e-11 0.000000000000000000e+00 -6.032378497375736031e-21
2.358599999999999744e-11 0.000000000000000000e+00 3.152437573165930206e-21
2.358899999999999733e-11 0.000000000000000000e+00 9.644166280535607291e-21
2.359199999999999722e-11 -0.000000000000000000e+00 8.154742309195977566e-21
2.359500000000000033e-11 -0.000000000000000000e+00 5.585541664932843974e-33
2.359800000000000022e-11 -0.000000000000000000e+00 -8.057470201388505772e-21
2.360100000000000011e-11 0.000000000000000000e+00 -9.415461722219784156e-21
2.360399999999999999e-11 0.000000000000000000e+00 -3.040968305776968087e-21
2.360699999999999988e-11 0.000000000000000000e+00 5.749663762279606253e-21
2.360999999999999977e-11 0.000000000000000000e+00 9.723396503551479704e-21
2.361299999999999965e-11 -0.000000000000000000e+00 5.681080121983573658e-21
2.361599999999999954e-11 -0.000000000000000000e+00 -2.968853900747650480e-21
2.361899999999999942e-11 -0.000000000000000000e+00 -9.082533758998466690e-21
2.362199999999999931e-11 0.000000000000000000e+00 -7.679847087319959824e-21
2.362499999999999920e-11 0.000000000000000000e+00 -5.428564757318487410e-33
2.362799999999999908e-11 0.000000000000000000e+00 7.588239666079544344e-21
2.363099999999999897e-11 -0.000000000000000000e+00 8.867147917307201202e-21
2.363399999999999886e-11 -0.000000000000000000e+00 2.863876098135872990e-21
2.363699999999999874e-11 -0.000000000000000000e+00 -5.414829411348164124e-21
2.363999999999999863e-11 -0.000000000000000000e+00 -9.157149973021666336e-21
2.364299999999999851e-11 0.000000000000000000e+00 -5.350239771335810513e-21
2.364599999999999840e-11 0.000000000000000000e+00 2.795961309115732315e-21
2.364899999999999829e-11 0.000000000000000000e+00 8.553608169305521719e-21
2.365199999999999817e-11 -0.000000000000000000e+00 7.232607610188521108e-21
2.365499999999999806e-11 -0.000000000000000000e+00 5.900789388071335134e-33
2.365799999999999795e-11 -0.000000000000000000e+00 -7.146334989850339583e-21
2.366099999999999783e-11 0.000000000000000000e+00 -8.350765422565080469e-21
2.366399999999999772e-11 0.000000000000000000e+00 -2.697096937803637895e-21
2.366699999999999760e-11 0.000000000000000000e+00 5.099494295017041816e-21
2.366999999999999749e-11 0.000000000000000000e+00 8.623879073303782192e-21
2.367299999999999738e-11 -0.000000000000000000e+00 5.038666062815157628e-21
2.367599999999999726e-11 -0.000000000000000000e+00 -2.633137198200172061e-21
2.367899999999999715e-11 -0.000000000000000000e+00 -8.055484808029053067e-21
2.368200000000000027e-11 0.000000000000000000e+00 -6.811413332606663583e-21
2.368500000000000015e-11 0.000000000000000000e+00 -4.601343552438746937e-33
2.368800000000000004e-11 0.000000000000000000e+00 6.730164838553841014e-21
2.369099999999999993e-11 -0.000000000000000000e+00 7.864454703253524744e-21
2.369399999999999981e-11 -0.000000000000000000e+00 2.540030239662036645e-21
2.369699999999999970e-11 -0.000000000000000000e+00 -4.802522866262154351e-21
2.369999999999999958e-11 -0.000000000000000000e+00 -8.121663453156841947e-21
2.370299999999999947e-11 0.000000000000000000e+00 -4.745236994534426099e-21
2.370599999999999936e-11 0.000000000000000000e+00 2.479795225325294451e-21
2.370899999999999924e-11 0.000000000000000000e+00 7.586369893027851744e-21
2.371199999999999913e-11 -0.000000000000000000e+00 6.414747500232432184e-21
2.371499999999999902e-11 -0.000000000000000000e+00 5.846548768493410145e-33
2.371799999999999890e-11 -0.000000000000000000e+00 -6.338230550124633235e-21
2.372099999999999879e-11 0.000000000000000000e+00 -7.406464515504322071e-21
2.372399999999999867e-11 0.000000000000000000e+00 -2.392110393946695790e-21
2.372699999999999856e-11 0.000000000000000000e+00 4.522845707171793815e-21
2.372999999999999845e-11 0.000000000000000000e+00 7.648694593890559916e-21
2.373299999999999833e-11 -0.000000000000000000e+00 4.468895904905620551e-21
2.373599999999999822e-11 -0.000000000000000000e+00 -2.335383193761859990e-21
2.373899999999999811e-11 -0.000000000000000000e+00 -7.144574103904939484e-21
2.374199999999999799e-11 0.000000000000000000e+00 -6.041181687617868447e-21
2.374499999999999788e-11 0.000000000000000000e+00 -6.059267228861034654e-33
2.374799999999999776e-11 0.000000000000000000e+00 5.969120737787677565e-21
2.375099999999999765e-11 -0.000000000000000000e+00 6.975145599952525453e-21
2.375399999999999754e-11 -0.000000000000000000e+00 2.252804729437066821e-21
2.375699999999999742e-11 -0.000000000000000000e+00 -4.259455677888723393e-21
2.375999999999999731e-11 -0.000000000000000000e+00 -7.203269296743813759e-21
2.376299999999999719e-11 0.000000000000000000e+00 -4.208647667519167502e-21
2.376600000000000031e-11 0.000000000000000000e+00 2.199381064214775579e-21
2.376900000000000020e-11 0.000000000000000000e+00 6.728506498622401079e-21
2.377200000000000008e-11 -0.000000000000000000e+00 5.689370654336098802e-21
2.377499999999999997e-11 -0.000000000000000000e+00 4.243707406175904157e-33
2.377799999999999986e-11 -0.000000000000000000e+00 -5.621506207531230598e-21
2.378099999999999974e-11 0.000000000000000000e+00 -6.568944742620758603e-21
2.378399999999999963e-11 0.000000000000000000e+00 -2.121611595273477807e-21
2.378699999999999952e-11 0.000000000000000000e+00 4.011404289810226349e-21
2.378999999999999940e-11 0.000000000000000000e+00 6.783783549529387254e-21
2.379299999999999929e-11 -0.000000000000000000e+00 3.963555107621119342e-21
2.379599999999999917e-11 -0.000000000000000000e+00 -2.071299082114397141e-21
2.379899999999999906e-11 -0.000000000000000000e+00 -6.336668784393635262e-21
2.380199999999999895e-11 0.000000000000000000e+00 -5.358047500668964972e-21
2.380499999999999883e-11 0.000000000000000000e+00 -4.540452246204559743e-33
2.380799999999999872e-11 0.000000000000000000e+00 5.294135171576340649e-21
2.381099999999999861e-11 -0.000000000000000000e+00 6.186399181675469517e-21
2.381399999999999849e-11 -0.000000000000000000e+00 1.998058554470693062e-21
2.381699999999999838e-11 -0.000000000000000000e+00 -3.777798290010345560e-21
2.381999999999999826e-11 -0.000000000000000000e+00 -6.388726750459375456e-21
2.382299999999999815e-11 0.000000000000000000e+00 -3.732735627265222139e-21
2.382599999999999804e-11 0.000000000000000000e+00 1.950676013980241541e-21
2.382899999999999792e-11 0.000000000000000000e+00 5.967649922212332620e-21
2.383199999999999781e-11 -0.000000000000000000e+00 5.046019105390121963e-21
2.383499999999999770e-11 -0.000000000000000000e+00 4.471435198296961637e-33
2.383799999999999758e-11 -0.000000000000000000e+00 -4.985828740591580666e-21
2.384099999999999747e-11 0.000000000000000000e+00 -5.826131339896382512e-21
2.384399999999999735e-11 0.000000000000000000e+00 -1.881700682624496083e-21
2.384699999999999724e-11 0.000000000000000000e+00 3.557796444567525151e-21
2.384999999999999713e-11 0.000000000000000000e+00 6.016676268343375731e-21
2.385300000000000024e-11 -0.000000000000000000e+00 3.515358027003666655e-21
2.385600000000000013e-11 -0.000000000000000000e+00 -1.837077486481226436e-21
2.385900000000000002e-11 -0.000000000000000000e+00 -5.620121045586629992e-21
2.386199999999999990e-11 0.000000000000000000e+00 -4.752161829244114551e-21
2.386499999999999979e-11 0.000000000000000000e+00 -3.040890613245592227e-33
2.386799999999999968e-11 0.000000000000000000e+00 4.695476678414798076e-21
2.387099999999999956e-11 -0.000000000000000000e+00 5.486843863917921890e-21
2.387399999999999945e-11 -0.000000000000000000e+00 1.772118965716485451e-21
2.387699999999999933e-11 -0.000000000000000000e+00 -3.350606509206247396e-21
2.387999999999999922e-11 -0.000000000000000000e+00 -5.666292319584050152e-21
2.388299999999999911e-11 0.000000000000000000e+00 -3.310639512683020566e-21
2.388599999999999899e-11 0.000000000000000000e+00 1.730094422213813610e-21
2.388899999999999888e-11 0.000000000000000000e+00 5.292830675183926735e-21
2.389199999999999877e-11 -0.000000000000000000e+00 4.475417468635565256e-21
2.389499999999999865e-11 -0.000000000000000000e+00 3.816562526999748631e-33
2.389799999999999854e-11 -0.000000000000000000e+00 -4.422033404002439620e-21
2.390099999999999842e-11 0.000000000000000000e+00 -5.167314952352548423e-21
2.390399999999999831e-11 0.000000000000000000e+00 -1.668918791204771947e-21
2.390699999999999820e-11 0.000000000000000000e+00 3.155482376366021238e-21
2.390999999999999808e-11 0.000000000000000000e+00 5.336313143504786108e-21
2.391299999999999797e-11 -0.000000000000000000e+00 3.117842876527880484e-21
2.391599999999999786e-11 -0.000000000000000000e+00 -1.629341566592287986e-21
2.391899999999999774e-11 -0.000000000000000000e+00 -4.984600212154501887e-21
2.392199999999999763e-11 0.000000000000000000e+00 -4.214789444944055563e-21
2.392499999999999751e-11 0.000000000000000000e+00 -3.399846545576408996e-33
2.392799999999999740e-11 0.000000000000000000e+00 4.164514226214287400e-21
2.393099999999999729e-11 -0.000000000000000000e+00 4.866393955984764781e-21
2.393399999999999717e-11 -0.000000000000000000e+00 1.571728526988193686e-21
2.393700000000000029e-11 -0.000000000000000000e+00 -2.971721388412260466e-21
2.394000000000000018e-11 -0.000000000000000000e+00 -5.025550458652271069e-21
2.394300000000000006e-11 0.000000000000000000e+00 -2.936273842401656274e-21
2.394599999999999995e-11 0.000000000000000000e+00 1.534456100511923126e-21
2.394899999999999984e-11 0.000000000000000000e+00 4.694319693904004000e-21
2.395199999999999972e-11 -0.000000000000000000e+00 3.969339215773550304e-21
2.395499999999999961e-11 -0.000000000000000000e+00 3.065552498005974681e-33
2.395799999999999949e-11 -0.000000000000000000e+00 -3.921991797855827122e-21
2.396099999999999938e-11 0.000000000000000000e+00 -4.582997234195526950e-21
2.396399999999999927e-11 0.000000000000000000e+00 -1.480198183140659177e-21
2.396699999999999915e-11 0.000000000000000000e+00 2.798661807299925190e-21
2.396999999999999904e-11 0.000000000000000000e+00 4.732885183696862550e-21
2.397299999999999893e-11 -0.000000000000000000e+00 2.765278565665818271e-21
2.397599999999999881e-11 -0.000000000000000000e+00 -1.445096333803174375e-21
2.397899999999999870e-11 -0.000000000000000000e+00 -4.420943797024529295e-21
2.398199999999999858e-11 0.000000000000000000e+00 -3.738182895181164846e-21
2.398499999999999847e-11 0.000000000000000000e+00 -3.725264384885760579e-33
2.398799999999999836e-11 0.000000000000000000e+00 3.693592776228524589e-21
2.399099999999999824e-11 -0.000000000000000000e+00 4.316104252680250135e-21
2.399399999999999813e-11 -0.000000000000000000e+00 1.393998151558069407e-21
2.399699999999999802e-11 -0.000000000000000000e+00 -2.635680431611840671e-21
2.399999999999999790e-11 -0.000000000000000000e+00 -4.457263407532292608e-21
2.400299999999999779e-11 0.000000000000000000e+00 -2.604241278624727343e-21
2.400599999999999767e-11 0.000000000000000000e+00 1.360940474789002596e-21
2.400899999999999756e-11 0.000000000000000000e+00 4.163488073007529551e-21
2.401199999999999745e-11 -0.000000000000000000e+00 3.520488070732759456e-21
2.401499999999999733e-11 -0.000000000000000000e+00 2.622337282590366979e-33
2.401799999999999722e-11 -0.000000000000000000e+00 -3.478494678155859419e-21
2.402099999999999711e-11 0.000000000000000000e+00 -4.064753908426415694e-21
2.402400000000000022e-11 0.000000000000000000e+00 -1.312818019018569157e-21
2.402700000000000011e-11 0.000000000000000000e+00 2.482190352354882800e-21
2.403000000000000000e-11 0.000000000000000000e+00 4.197692594056889731e-21
2.403299999999999988e-11 -0.000000000000000000e+00 2.452582073104343474e-21
2.403599999999999977e-11 -0.000000000000000000e+00 -1.281685471476037472e-21
2.403899999999999965e-11 -0.000000000000000000e+00 -3.921025403159460934e-21
2.404199999999999954e-11 0.000000000000000000e+00 -3.315470805922264553e-21
2.404499999999999943e-11 0.000000000000000000e+00 -2.491406741199856582e-33
2.404799999999999931e-11 0.000000000000000000e+00 3.275922918148353175e-21
2.405099999999999920e-11 -0.000000000000000000e+00 3.828041068703694285e-21
2.405399999999999909e-11 -0.000000000000000000e+00 1.236365449362326765e-21
2.405699999999999897e-11 -0.000000000000000000e+00 -2.337638839452154459e-21
2.405999999999999886e-11 -0.000000000000000000e+00 -3.953238007971690920e-21
2.406299999999999874e-11 0.000000000000000000e+00 -2.309754812154553881e-21
2.406599999999999863e-11 0.000000000000000000e+00 1.207045920245612001e-21
2.406899999999999852e-11 0.000000000000000000e+00 3.692682659978060247e-21
2.407199999999999840e-11 -0.000000000000000000e+00 3.122392817151842951e-21
2.407499999999999829e-11 -0.000000000000000000e+00 2.954755163691621916e-33
2.407799999999999818e-11 -0.000000000000000000e+00 -3.085148019067584301e-21
2.408099999999999806e-11 0.000000000000000000e+00 -3.605113311609236261e-21
2.408399999999999795e-11 0.000000000000000000e+00 -1.164365130758770866e-21
2.408699999999999783e-11 0.000000000000000000e+00 2.201505351324875614e-21
2.408999999999999772e-11 0.000000000000000000e+00 3.723019348725031945e-21
2.409299999999999761e-11 -0.000000000000000000e+00 2.175245163362789800e-21
2.409599999999999749e-11 -0.000000000000000000e+00 -1.136753038094914445e-21
2.409899999999999738e-11 -0.000000000000000000e+00 -3.477637562948900333e-21
2.410199999999999727e-11 0.000000000000000000e+00 -2.940558815111615755e-21
2.410499999999999715e-11 0.000000000000000000e+00 -2.441720677464353399e-33
2.410800000000000027e-11 0.000000000000000000e+00 2.905482985215682120e-21
2.411100000000000016e-11 -0.000000000000000000e+00 3.395167856425717891e-21
2.411400000000000004e-11 -0.000000000000000000e+00 1.096557784290229788e-21
2.411699999999999993e-11 -0.000000000000000000e+00 -2.073299660374017090e-21
2.411999999999999981e-11 -0.000000000000000000e+00 -3.506207580476940689e-21
2.412299999999999970e-11 0.000000000000000000e+00 -2.048568746705194750e-21
2.412599999999999959e-11 0.000000000000000000e+00 1.070553694722345516e-21
2.412899999999999947e-11 0.000000000000000000e+00 3.275115717445623907e-21
2.413199999999999936e-11 -0.000000000000000000e+00 2.769314000990345139e-21
2.413499999999999924e-11 -0.000000000000000000e+00 2.028278283052753979e-33
2.413799999999999913e-11 -0.000000000000000000e+00 -2.736280828408724754e-21
2.414099999999999902e-11 0.000000000000000000e+00 -3.197448672747040122e-21
2.414399999999999890e-11 0.000000000000000000e+00 -1.032699230270332391e-21
2.414699999999999879e-11 0.000000000000000000e+00 1.952560087632519427e-21
2.414999999999999868e-11 0.000000000000000000e+00 3.302021946677652965e-21
2.415299999999999856e-11 -0.000000000000000000e+00 1.929269390256486685e-21
2.415599999999999845e-11 -0.000000000000000000e+00 -1.008209500986829847e-21
2.415899999999999833e-11 -0.000000000000000000e+00 -3.084387826074788274e-21
2.416199999999999822e-11 0.000000000000000000e+00 -2.608041708491503495e-21
2.416499999999999811e-11 0.000000000000000000e+00 -2.334818005958434249e-33
2.416799999999999799e-11 0.000000000000000000e+00 2.576932238121849430e-21
2.417099999999999788e-11 -0.000000000000000000e+00 3.011243757949519019e-21
2.417399999999999777e-11 -0.000000000000000000e+00 9.725595089286656606e-22
2.417699999999999765e-11 -0.000000000000000000e+00 -1.838851840224398827e-21
2.417999999999999754e-11 -0.000000000000000000e+00 -3.109727158497917652e-21
2.418299999999999742e-11 0.000000000000000000e+00 -1.816917487473254823e-21
2.418599999999999731e-11 0.000000000000000000e+00 9.494959504522085823e-22
2.418899999999999720e-11 0.000000000000000000e+00 2.904767062416286023e-21
2.419200000000000031e-11 -0.000000000000000000e+00 2.456161183165507736e-21
2.419500000000000020e-11 -0.000000000000000000e+00 1.807705801672773203e-33
2.419800000000000009e-11 -0.000000000000000000e+00 -2.426863387313199348e-21
2.420099999999999997e-11 0.000000000000000000e+00 -2.835882573213581207e-21
2.420399999999999986e-11 0.000000000000000000e+00 -9.159220523087325909e-22
2.420699999999999975e-11 0.000000000000000000e+00 1.731765445639690137e-21
2.420999999999999963e-11 0.000000000000000000e+00 2.928630746997013662e-21
2.421299999999999952e-11 -0.000000000000000000e+00 1.711108450151200598e-21
2.421599999999999940e-11 -0.000000000000000000e+00 -8.942016109177515194e-22
2.421899999999999929e-11 -0.000000000000000000e+00 -2.735606597707328576e-21
2.422199999999999918e-11 0.000000000000000000e+00 -2.313125491071774023e-21
2.422499999999999906e-11 0.000000000000000000e+00 -2.097761137807872136e-33
2.422799999999999895e-11 0.000000000000000000e+00 2.285533866025411006e-21
2.423099999999999884e-11 -0.000000000000000000e+00 2.670733628862345231e-21
2.423399999999999872e-11 -0.000000000000000000e+00 8.625829043926491607e-22
2.423699999999999861e-11 -0.000000000000000000e+00 -1.630915277189596215e-21
2.423999999999999849e-11 -0.000000000000000000e+00 -2.758080569485997985e-21
2.424299999999999838e-11 0.000000000000000000e+00 -1.611461251469084869e-21
2.424599999999999827e-11 0.000000000000000000e+00 8.421273630356918120e-22
2.424899999999999815e-11 0.000000000000000000e+00 2.576297271559477935e-21
2.425199999999999804e-11 -0.000000000000000000e+00 2.178419549220976886e-21
2.425499999999999793e-11 -0.000000000000000000e+00 2.078831265087809250e-33
2.425799999999999781e-11 -0.000000000000000000e+00 -2.152434735328232995e-21
2.426099999999999770e-11 0.000000000000000000e+00 -2.515202210312993266e-21
2.426399999999999758e-11 0.000000000000000000e+00 -8.123499866326566317e-22
2.426699999999999747e-11 0.000000000000000000e+00 1.535938165338190349e-21
2.426999999999999736e-11 0.000000000000000000e+00 2.597462461109616101e-21
2.427299999999999724e-11 -0.000000000000000000e+00 1.517617053878241584e-21
2.427599999999999713e-11 -0.000000000000000000e+00 -7.930856832685655696e-22
2.427900000000000025e-11 -0.000000000000000000e+00 -2.426265398324864710e-21
2.428200000000000013e-11 0.000000000000000000e+00 -2.051558270722539476e-21
2.428500000000000002e-11 0.000000000000000000e+00 -1.262582399282991908e-33
2.428799999999999991e-11 0.000000000000000000e+00 2.027086694587443201e-21
2.429099999999999979e-11 -0.000000000000000000e+00 2.368728236465555789e-21
2.429399999999999968e-11 -0.000000000000000000e+00 7.650424062680234153e-22
2.429699999999999956e-11 -0.000000000000000000e+00 -1.446492089894272163e-21
2.429999999999999945e-11 -0.000000000000000000e+00 -2.446198023189734913e-21
2.430299999999999934e-11 0.000000000000000000e+00 -1.429237916905362028e-21
2.430599999999999922e-11 0.000000000000000000e+00 7.468999685955921987e-22
2.430899999999999911e-11 0.000000000000000000e+00 2.284970701205053033e-21
2.431199999999999900e-11 -0.000000000000000000e+00 1.932084817948285808e-21
2.431499999999999888e-11 -0.000000000000000000e+00 1.722916016344972498e-33
2.431799999999999877e-11 -0.000000000000000000e+00 -1.909038355462671769e-21
2.432099999999999865e-11 0.000000000000000000e+00 -2.230784242803017806e-21
2.432399999999999854e-11 0.000000000000000000e+00 -7.204898049117351503e-22
2.432699999999999843e-11 0.000000000000000000e+00 1.362254948372113520e-21
2.432999999999999831e-11 0.000000000000000000e+00 2.303742540363961724e-21
2.433299999999999820e-11 -0.000000000000000000e+00 1.346005580195651729e-21
2.433599999999999809e-11 -0.000000000000000000e+00 -7.034039005581567769e-22
2.433899999999999797e-11 -0.000000000000000000e+00 -2.151904366673967099e-21
2.434199999999999786e-11 0.000000000000000000e+00 -1.819568957420421651e-21
2.434499999999999774e-11 0.000000000000000000e+00 -1.746801556359487860e-33
2.434799999999999763e-11 0.000000000000000000e+00 1.797864616426775623e-21
2.435099999999999752e-11 -0.000000000000000000e+00 2.100873481950547962e-21
2.435399999999999740e-11 -0.000000000000000000e+00 6.785317450748481550e-22
2.435699999999999729e-11 -0.000000000000000000e+00 -1.282923396076667278e-21
2.435999999999999718e-11 -0.000000000000000000e+00 -2.169583019024140287e-21
2.436300000000000029e-11 0.000000000000000000e+00 -1.267620317434623916e-21
2.436600000000000018e-11 0.000000000000000000e+00 6.624408463307129375e-22
2.436900000000000007e-11 0.000000000000000000e+00 2.026587212198688329e-21
2.437199999999999995e-11 -0.000000000000000000e+00 1.713605510509272967e-21
2.437499999999999984e-11 -0.000000000000000000e+00 1.455167652574458955e-33
2.437799999999999972e-11 -0.000000000000000000e+00 -1.693165131936800325e-21
2.438099999999999961e-11 0.000000000000000000e+00 -1.978528134848505701e-21
2.438399999999999950e-11 0.000000000000000000e+00 -6.390171324223731533e-22
2.438699999999999938e-11 0.000000000000000000e+00 1.208211753730419601e-21
2.438999999999999927e-11 0.000000000000000000e+00 2.043236339983393793e-21
2.439299999999999916e-11 -0.000000000000000000e+00 1.193799857010614115e-21
2.439599999999999904e-11 -0.000000000000000000e+00 -6.238632946717437835e-22
2.439899999999999893e-11 -0.000000000000000000e+00 -1.908567960663948936e-21
2.440199999999999881e-11 0.000000000000000000e+00 -1.613812894352077194e-21
2.440499999999999870e-11 0.000000000000000000e+00 -1.405999152002866883e-33
2.440799999999999859e-11 0.000000000000000000e+00 1.594562870759498104e-21
2.441099999999999847e-11 -0.000000000000000000e+00 1.863307626098894921e-21
2.441399999999999836e-11 -0.000000000000000000e+00 6.018036716681235116e-22
2.441699999999999825e-11 -0.000000000000000000e+00 -1.137850978722941700e-21
2.441999999999999813e-11 -0.000000000000000000e+00 -1.924247518726900255e-21
2.442299999999999802e-11 0.000000000000000000e+00 -1.124278365530567663e-21
2.442599999999999790e-11 0.000000000000000000e+00 5.875323247269355228e-22
2.442899999999999779e-11 0.000000000000000000e+00 1.797421615288630935e-21
2.443199999999999768e-11 -0.000000000000000000e+00 1.519831747741747222e-21
2.443499999999999756e-11 -0.000000000000000000e+00 1.205935110992878965e-33
2.443799999999999745e-11 -0.000000000000000000e+00 -1.501702758251719201e-21
2.444099999999999734e-11 0.000000000000000000e+00 -1.754797037417001176e-21
2.444399999999999722e-11 0.000000000000000000e+00 -5.667573541576611029e-22
2.444699999999999711e-11 0.000000000000000000e+00 1.071587696265555111e-21
2.445000000000000023e-11 0.000000000000000000e+00 1.812188066974489069e-21
2.445300000000000011e-11 -0.000000000000000000e+00 1.058805490532600665e-21
2.445600000000000000e-11 -0.000000000000000000e+00 -5.533171057622856273e-22
2.445899999999999988e-11 -0.000000000000000000e+00 -1.692747929176563146e-21
2.446199999999999977e-11 0.000000000000000000e+00 -1.431323637038452239e-21
2.446499999999999966e-11 0.000000000000000000e+00 -1.064996191920230228e-33
2.446799999999999954e-11 0.000000000000000000e+00 1.414250397707113191e-21
2.447099999999999943e-11 -0.000000000000000000e+00 1.652605613478055262e-21
2.447399999999999932e-11 -0.000000000000000000e+00 5.337519752938241061e-22
2.447699999999999920e-11 -0.000000000000000000e+00 -1.009183286968050029e-21
2.447999999999999909e-11 -0.000000000000000000e+00 -1.706654449661225600e-21
2.448299999999999897e-11 0.000000000000000000e+00 -9.971454589481336132e-22
2.448599999999999886e-11 0.000000000000000000e+00 5.210944260321277417e-22
2.448899999999999875e-11 0.000000000000000000e+00 1.594169963996642420e-21
2.449199999999999863e-11 -0.000000000000000000e+00 1.347969837443936266e-21
2.449499999999999852e-11 -0.000000000000000000e+00 1.420659128620660073e-33
2.449799999999999841e-11 -0.000000000000000000e+00 -1.331890866167792733e-21
2.450099999999999829e-11 0.000000000000000000e+00 -1.556365354776061671e-21
2.450399999999999818e-11 0.000000000000000000e+00 -5.026686800626433347e-22
2.450699999999999806e-11 0.000000000000000000e+00 9.504130275522189321e-22
2.450999999999999795e-11 0.000000000000000000e+00 1.607266631774686561e-21
2.451299999999999784e-11 -0.000000000000000000e+00 9.390762280620983030e-22
2.451599999999999772e-11 -0.000000000000000000e+00 -4.907482490853628235e-22
2.451899999999999761e-11 -0.000000000000000000e+00 -1.501332732597242926e-21
2.452199999999999749e-11 0.000000000000000000e+00 -1.269470185245921789e-21
2.452499999999999738e-11 0.000000000000000000e+00 -1.181357330246631918e-33
2.452799999999999727e-11 0.000000000000000000e+00 1.254327580361697936e-21
2.453099999999999715e-11 -0.000000000000000000e+00 1.465729692427170291e-21
2.453400000000000027e-11 -0.000000000000000000e+00 4.733955350262103308e-22
2.453700000000000016e-11 -0.000000000000000000e+00 -8.950652816054120973e-22
2.454000000000000004e-11 0.000000000000000000e+00 -1.513666709818753459e-21
2.454299999999999993e-11 0.000000000000000000e+00 -8.843886859205658940e-22
2.454599999999999982e-11 0.000000000000000000e+00 4.621692959075709459e-22
2.454899999999999970e-11 0.000000000000000000e+00 1.413901920669333473e-21
2.455199999999999959e-11 -0.000000000000000000e+00 1.195541996907059281e-21
2.455499999999999947e-11 -0.000000000000000000e+00 8.497222634307931489e-34
2.455799999999999936e-11 -0.000000000000000000e+00 -1.181281228681349442e-21
2.456099999999999925e-11 0.000000000000000000e+00 -1.380372240149298404e-21
2.456399999999999913e-11 0.000000000000000000e+00 -4.458271252448435024e-22
2.456699999999999902e-11 0.000000000000000000e+00 8.429407374585588383e-22
2.456999999999999891e-11 0.000000000000000000e+00 1.425517622974534997e-21
2.457299999999999879e-11 -0.000000000000000000e+00 8.328858983033759104e-22
2.457599999999999868e-11 -0.000000000000000000e+00 -4.352546513971227828e-22
2.457899999999999856e-11 -0.000000000000000000e+00 -1.331562682852965389e-21
2.458199999999999845e-11 0.000000000000000000e+00 -1.125919051097737574e-21
2.458499999999999834e-11 0.000000000000000000e+00 -1.089153452595799210e-33
2.458799999999999822e-11 0.000000000000000000e+00 1.112488765360737764e-21
2.459099999999999811e-11 -0.000000000000000000e+00 1.299985618916871859e-21
2.459399999999999800e-11 -0.000000000000000000e+00 4.198641746655624586e-22
2.459699999999999788e-11 -0.000000000000000000e+00 -7.938516904516923806e-22
2.459999999999999777e-11 -0.000000000000000000e+00 -1.342501939316673938e-21
2.460299999999999765e-11 0.000000000000000000e+00 -7.843823995445291755e-22
2.460599999999999754e-11 0.000000000000000000e+00 4.099073937634407615e-22
2.460899999999999743e-11 0.000000000000000000e+00 1.254018508955217624e-21
2.461199999999999731e-11 -0.000000000000000000e+00 1.060350630010568059e-21
2.461499999999999720e-11 -0.000000000000000000e+00 8.350364086548045143e-34
2.461799999999999709e-11 -0.000000000000000000e+00 -1.047702463227802922e-21
2.462100000000000020e-11 0.000000000000000000e+00 -1.224280350065447328e-21
2.462400000000000009e-11 0.000000000000000000e+00 -3.954131886224931727e-22
2.462699999999999998e-11 0.000000000000000000e+00 7.476213669934525582e-22
2.462999999999999986e-11 0.000000000000000000e+00 1.264320712716568127e-21
2.463299999999999975e-11 -0.000000000000000000e+00 7.387035246587312345e-22
2.463599999999999963e-11 -0.000000000000000000e+00 -3.860362455003775224e-22
2.463899999999999952e-11 -0.000000000000000000e+00 -1.180990156192237044e-21
2.464199999999999941e-11 0.000000000000000000e+00 -9.986006165077327651e-22
2.464499999999999929e-11 0.000000000000000000e+00 -9.217735253868220269e-34
2.464799999999999918e-11 0.000000000000000000e+00 9.866890216166846345e-22
2.465099999999999907e-11 -0.000000000000000000e+00 1.152983812855768738e-21
2.465399999999999895e-11 -0.000000000000000000e+00 3.723861171562941039e-22
2.465699999999999884e-11 -0.000000000000000000e+00 -7.040832879840151888e-22
2.465999999999999872e-11 -0.000000000000000000e+00 -1.190692406312360379e-21
2.466299999999999861e-11 0.000000000000000000e+00 -6.956847803573617545e-22
2.466599999999999850e-11 0.000000000000000000e+00 3.635552446901394578e-22
2.466899999999999838e-11 0.000000000000000000e+00 1.112214643613901295e-21
2.467199999999999827e-11 -0.000000000000000000e+00 9.404466438423530206e-22
2.467499999999999816e-11 -0.000000000000000000e+00 8.731355270582393854e-34
2.467799999999999804e-11 -0.000000000000000000e+00 -9.292287262355662493e-22
2.468099999999999793e-11 0.000000000000000000e+00 -1.085839262744306350e-21
2.468399999999999781e-11 0.000000000000000000e+00 -3.507000379368499804e-22
2.468699999999999770e-11 0.000000000000000000e+00 6.630806693128918095e-22
2.468999999999999759e-11 0.000000000000000000e+00 1.121351878673147876e-21
2.469299999999999747e-11 -0.000000000000000000e+00 6.551712526948069276e-22
2.469599999999999736e-11 -0.000000000000000000e+00 -3.423834354479397414e-22
2.469899999999999725e-11 -0.000000000000000000e+00 -1.047444305088768529e-21
2.470199999999999713e-11 0.000000000000000000e+00 -8.856792948990188197e-22
2.470500000000000025e-11 0.000000000000000000e+00 -6.406785015269407216e-34
2.470800000000000014e-11 0.000000000000000000e+00 8.751146579564643192e-22
2.471100000000000002e-11 -0.000000000000000000e+00 1.022604906825853963e-21
2.471399999999999991e-11 -0.000000000000000000e+00 3.302768576554900591e-22
2.471699999999999979e-11 -0.000000000000000000e+00 -6.244658572642371157e-22
2.471999999999999968e-11 -0.000000000000000000e+00 -1.056049429002420906e-21
2.472299999999999957e-11 0.000000000000000000e+00 -6.170170492119233083e-22
2.472599999999999945e-11 0.000000000000000000e+00 3.224445763915435432e-22
2.472899999999999934e-11 0.000000000000000000e+00 9.864458974373273017e-22
2.473199999999999923e-11 -0.000000000000000000e+00 8.341013480658179805e-22
2.473499999999999911e-11 -0.000000000000000000e+00 7.312908724487454791e-34
2.473799999999999900e-11 -0.000000000000000000e+00 -8.241519476829860400e-22
2.474099999999999888e-11 0.000000000000000000e+00 -9.630530331178300889e-22
2.474399999999999877e-11 0.000000000000000000e+00 -3.110430308037448556e-22
2.474699999999999866e-11 0.000000000000000000e+00 5.880997968056034169e-22
2.474999999999999854e-11 0.000000000000000000e+00 9.945498979463882332e-22
2.475299999999999843e-11 -0.000000000000000000e+00 5.810847735647386720e-22
2.475599999999999832e-11 -0.000000000000000000e+00 -3.036668660920301669e-22
2.475899999999999820e-11 -0.000000000000000000e+00 -9.289997605061734289e-22
2.476199999999999809e-11 0.000000000000000000e+00 -7.855270670233075489e-22
2.476499999999999797e-11 0.000000000000000000e+00 -7.605784779865871694e-34
2.476799999999999786e-11 0.000000000000000000e+00 7.761570746122487943e-22
2.477099999999999775e-11 -0.000000000000000000e+00 9.069691905511715739e-22
2.477399999999999763e-11 -0.000000000000000000e+00 2.929292948295082247e-22
2.477699999999999752e-11 -0.000000000000000000e+00 -5.538515308397007860e-22
2.477999999999999741e-11 -0.000000000000000000e+00 -9.366318207657739460e-22
2.478299999999999729e-11 0.000000000000000000e+00 -5.472450307490080466e-22
2.478599999999999718e-11 0.000000000000000000e+00 2.859826845103003955e-22
2.478899999999999706e-11 0.000000000000000000e+00 8.748990261530138155e-22
2.479200000000000018e-11 -0.000000000000000000e+00 7.397815318928722293e-22
2.479500000000000007e-11 -0.000000000000000000e+00 5.248122829760294063e-34
2.479799999999999995e-11 -0.000000000000000000e+00 -7.309572053603849294e-22
2.480099999999999984e-11 0.000000000000000000e+00 -8.541514167145956741e-22
2.480399999999999973e-11 0.000000000000000000e+00 -2.758704207181084389e-22
2.480699999999999961e-11 0.000000000000000000e+00 5.215977286162390362e-22
2.480999999999999950e-11 0.000000000000000000e+00 8.820866298235860229e-22
2.481299999999999939e-11 -0.000000000000000000e+00 5.153759611395579113e-22
2.481599999999999927e-11 -0.000000000000000000e+00 -2.693283494910254023e-22
2.481899999999999916e-11 -0.000000000000000000e+00 -8.239488732982761929e-22
2.482199999999999904e-11 0.000000000000000000e+00 -6.967000093373494056e-22
2.482499999999999893e-11 0.000000000000000000e+00 -5.779886632981609959e-34
2.482799999999999882e-11 0.000000000000000000e+00 6.883895715762108392e-22
2.483099999999999870e-11 -0.000000000000000000e+00 8.044095105726108574e-22
2.483399999999999859e-11 -0.000000000000000000e+00 2.598049780974417777e-22
2.483699999999999848e-11 -0.000000000000000000e+00 -4.912222416087554757e-22
2.483999999999999836e-11 -0.000000000000000000e+00 -8.307179035167479539e-22
2.484299999999999825e-11 0.000000000000000000e+00 -4.853628016632948156e-22
2.484599999999999813e-11 0.000000000000000000e+00 2.536438874392792368e-22
2.484899999999999802e-11 0.000000000000000000e+00 7.759658263589938956e-22
2.485199999999999791e-11 -0.000000000000000000e+00 6.561273593418188172e-22
2.485499999999999779e-11 -0.000000000000000000e+00 6.433374822815360108e-34
2.485799999999999768e-11 -0.000000000000000000e+00 -6.483008837996906023e-22
2.486099999999999757e-11 0.000000000000000000e+00 -7.575643475351472483e-22
2.486399999999999745e-11 0.000000000000000000e+00 -2.446751140207904057e-22
2.486699999999999734e-11 0.000000000000000000e+00 4.626156852549003308e-22
2.486999999999999722e-11 0.000000000000000000e+00 7.823406589455113746e-22
2.487299999999999711e-11 -0.000000000000000000e+00 4.570974725274850710e-22
2.487600000000000023e-11 -0.000000000000000000e+00 -2.388728173508499075e-22
2.487900000000000011e-11 -0.000000000000000000e+00 -7.307770945383162683e-22
2.488200000000000000e-11 0.000000000000000000e+00 -6.179174765423349284e-22
2.488499999999999989e-11 0.000000000000000000e+00 -4.985588914866189150e-34
2.488799999999999977e-11 0.000000000000000000e+00 6.105467794539256350e-22
2.489099999999999966e-11 -0.000000000000000000e+00 7.134472344164827165e-22
2.489399999999999954e-11 -0.000000000000000000e+00 2.304263446354388056e-22
2.489699999999999943e-11 -0.000000000000000000e+00 -4.356750450528420196e-22
2.489999999999999932e-11 -0.000000000000000000e+00 -7.367806857758266067e-22
2.490299999999999920e-11 0.000000000000000000e+00 -4.304781880174532905e-22
2.490599999999999909e-11 0.000000000000000000e+00 2.249619474182798465e-22
2.490899999999999898e-11 0.000000000000000000e+00 6.882199495918884762e-22
2.491199999999999886e-11 -0.000000000000000000e+00 5.819327640895268208e-22
2.491499999999999875e-11 -0.000000000000000000e+00 6.252907017098971317e-34
2.491799999999999863e-11 -0.000000000000000000e+00 -5.749913029836786574e-22
2.492099999999999852e-11 0.000000000000000000e+00 -6.718993019572245752e-22
2.492399999999999841e-11 0.000000000000000000e+00 -2.170073589812286431e-22
2.492699999999999829e-11 0.000000000000000000e+00 4.103033055983760974e-22
2.492999999999999818e-11 0.000000000000000000e+00 6.938739188935102306e-22
2.493299999999999807e-11 -0.000000000000000000e+00 4.054090899564559617e-22
2.493599999999999795e-11 -0.000000000000000000e+00 -2.118611834845681284e-22
2.493899999999999784e-11 -0.000000000000000000e+00 -6.481411398307618637e-22
2.494199999999999772e-11 0.000000000000000000e+00 -5.480436381501028530e-22
2.494499999999999761e-11 0.000000000000000000e+00 -4.785744838200863279e-34
2.494799999999999750e-11 0.000000000000000000e+00 5.415064162695041595e-22
2.495099999999999738e-11 -0.000000000000000000e+00 6.327709327232861590e-22
2.495399999999999727e-11 -0.000000000000000000e+00 2.043698342151433110e-22
2.495699999999999716e-11 -0.000000000000000000e+00 -3.864091012250961134e-22
2.495999999999999704e-11 -0.000000000000000000e+00 -6.534658475930574151e-22
2.496300000000000016e-11 0.000000000000000000e+00 -3.817999025135417109e-22
2.496600000000000005e-11 0.000000000000000000e+00 1.995233486491101977e-22
2.496899999999999993e-11 0.000000000000000000e+00 6.103963382495616189e-22
2.497199999999999982e-11 -0.000000000000000000e+00 5.161280612662222535e-22
2.497499999999999970e-11 -0.000000000000000000e+00 3.868849345633907054e-34
2.497799999999999959e-11 -0.000000000000000000e+00 -5.099715375509682562e-22
2.498099999999999948e-11 0.000000000000000000e+00 -5.959212223218376270e-22
2.498399999999999936e-11 0.000000000000000000e+00 -1.924682615983554284e-22
2.498699999999999925e-11 0.000000000000000000e+00 3.639063869879081866e-22
2.498999999999999914e-11 0.000000000000000000e+00 6.154109591717059381e-22
2.499299999999999902e-11 -0.000000000000000000e+00 3.595656071132589994e-22
2.499599999999999891e-11 -0.000000000000000000e+00 -1.879040133795742758e-22
2.499899999999999879e-11 -0.000000000000000000e+00 -5.748496227930709747e-22
